username,created_at,likes,comments,shares,views,engagement_rate,post_date,posts_per_day
661._miaa,2024-09-16 17:56:17+00:00,183900,329,3361,826700,0.2269142373291399,2024-09-16,1
chasityromann,2024-06-03 22:22:38+00:00,236600,379,5518,2600000,0.0932680769230769,2024-06-03,1
lindceybeautyy,2024-08-04 14:26:09+00:00,404000,936,9560,3200000,0.12953,2024-08-04,1
iannelsonnnnn,2024-05-28 21:38:48+00:00,359300,936,11700,3500000,0.1062674285714285,2024-05-28,1
nightmoonxyz,2025-04-23 04:25:50+00:00,2391,99,118,48600,0.0536625514403292,2025-04-23,1
fyp,2025-12-24 18:18:20+00:00,1504,16,21,42700,0.0360889929742388,2025-12-24,1
nightmoonxyz,2024-07-18 12:02:41+00:00,187100,1126,3968,1800000,0.1067744444444444,2024-07-18,1
alaskan.not.eskimo,2025-07-07 00:05:31+00:00,14600000,28900,1600000,132100000,0.1228531415594246,2025-07-07,1
martinkrl,2020-12-23 15:13:23+00:00,7500000,58500,11700,41200000,0.1837427184466019,2020-12-23,1
chatnoirfx,2025-03-17 04:11:34+00:00,2700000,11000,150100,18600000,0.1538225806451613,2025-03-17,1
ljubicaastevic,2025-08-21 23:49:04+00:00,744,83,44,33600,0.025922619047619,2025-08-21,1
mobshakir,2024-09-21 23:00:14+00:00,246600,958,34700,1300000,0.2171215384615384,2024-09-21,1
tendylaw,2025-11-18 14:31:31+00:00,3200000,6142,344600,14300000,0.2483036363636363,2025-11-18,1
franncchii,2025-03-14 03:31:55+00:00,1633,106,59,136400,0.0131818181818181,2025-03-14,1
officialmrkebs24,2023-02-22 01:34:52+00:00,4623,26,127,42600,0.112112676056338,2023-02-22,1
no_limbs_,2025-11-08 17:37:22+00:00,2700000,11900,332800,60300000,0.0504925373134328,2025-11-08,1
princessna_lx,2025-06-14 07:14:20+00:00,118,10,9,3302,0.0414900060569351,2025-06-14,1
margarita_iraheta,2024-09-17 19:51:31+00:00,5300000,9561,659600,21100000,0.2828986255924171,2024-09-17,1
coopahahah,2025-12-26 22:51:30+00:00,80,33,10,424,0.2900943396226415,2025-12-26,1
selahmolden,2025-03-01 20:52:21+00:00,5100000,13900,171300,45400000,0.1164140969162995,2025-03-01,1
chillsync4l,2024-07-30 17:52:45+00:00,252700,775,18200,1500000,0.1811166666666666,2024-07-30,1
danch.merk,2025-11-15 17:24:24+00:00,3500000,14400,207300,26200000,0.1420496183206107,2025-11-15,1
kliosn,2025-07-06 05:21:52+00:00,2600000,14800,673500,16900000,0.1945739644970414,2025-07-06,1
lovinleee,2023-06-01 02:05:12+00:00,4800000,9548,173400,25200000,0.1977360317460317,2023-06-01,1
ramariahalexia,2024-05-26 21:57:06+00:00,249700,168,2928,1200000,0.2106633333333333,2024-05-26,1
cocoquinnb,2024-06-08 01:46:26+00:00,372900,596,3528,3300000,0.1142496969696969,2024-06-08,1
okaygnomie,2024-07-22 22:10:32+00:00,303000,1260,22300,2200000,0.1484363636363636,2024-07-22,1
juliaabeatty,2025-12-07 18:22:42+00:00,2600000,7270,586500,17700000,0.1804389830508474,2025-12-07,1
noemyiscool,2023-10-26 22:13:20+00:00,249800,339,604,3300000,0.0759827272727272,2023-10-26,1
kaylamalecc,2025-06-28 21:15:06+00:00,2500000,12600,37500,18600000,0.1371021505376344,2025-06-28,1
alicheeser,2025-12-26 22:54:58+00:00,63,5,0,2326,0.0292347377472055,2025-12-26,1
fatclipz25,2024-04-29 01:21:04+00:00,464500,3621,3873,5200000,0.0907680769230769,2024-04-29,1
reeno_07,2025-11-15 01:39:31+00:00,2600000,10900,365200,14400000,0.2066736111111111,2025-11-15,1
monicaandcarlos,2025-11-03 22:37:02+00:00,2600000,3203,204300,12700000,0.2210632283464567,2025-11-03,1
btchdatsleah,2025-12-26 22:39:25+00:00,3,0,0,15,0.2,2025-12-26,1
fyp,2024-07-22 01:00:32+00:00,195700,3753,1584,4400000,0.0456902272727272,2024-07-22,1
nightmoonxyz,2025-05-07 14:42:39+00:00,906,51,75,21500,0.048,2025-05-07,1
lizeth.atoccsa,2022-01-05 03:02:09+00:00,459000,1258,1125,3300000,0.1398130303030303,2022-01-05,1
garciety,2022-01-04 01:01:05+00:00,65400,274,202,821200,0.0802191914271797,2022-01-04,1
mila.ca_,2021-12-23 17:59:46+00:00,192700,862,611,2300000,0.0844230434782608,2021-12-23,1
davidledgerr,2021-12-30 00:55:14+00:00,58900,134,189,812600,0.0728808761998523,2021-12-30,1
isabellaacruzz,2021-12-29 22:56:00+00:00,24000,82,74,359300,0.0672307264124686,2021-12-29,1
laupapalardo,2021-12-21 23:11:13+00:00,233800,1277,284,1500000,0.1569073333333333,2021-12-21,1
malebaquero,2021-12-21 13:08:40+00:00,72300,168,138,826200,0.0878794480755265,2021-12-21,1
malebaquero,2021-12-20 00:37:25+00:00,27200,115,54,387200,0.0706844008264462,2021-12-20,1
felicavieres,2022-01-03 15:37:14+00:00,32500,264,109,348300,0.0943812805053115,2022-01-03,1
esperanzahanccos,2021-12-29 05:43:52+00:00,22300,321,175,854700,0.0266713466713466,2021-12-29,1
malebaquero,2022-01-05 15:45:10+00:00,27500,79,30,316900,0.0871221205427579,2022-01-05,1
lizeth.atoccsa,2021-12-24 18:49:19+00:00,320400,661,582,2500000,0.1286572,2021-12-24,1
larahubsc,2021-12-29 00:45:29+00:00,137800,231,144,918000,0.1505174291938998,2021-12-29,1
sergio_el_waso,2022-01-01 16:24:26+00:00,15400,133,116,264400,0.0591868381240544,2022-01-01,1
maratonyatraccion,2022-01-05 15:26:23+00:00,41800,97,34,338300,0.1239462015962163,2022-01-05,1
majolis,2022-01-06 17:17:50+00:00,66100,212,92,657600,0.1009793187347931,2022-01-06,1
planesconyess,2022-01-04 16:23:32+00:00,104200,369,208,1000000,0.104777,2022-01-04,1
luudelaguila,2022-01-04 15:24:58+00:00,28900,118,119,270000,0.1079148148148148,2022-01-04,1
isabellacuevaa,2021-12-28 20:01:14+00:00,21000,60,53,169500,0.1245604719764011,2021-12-28,1
johananana,2021-11-24 03:51:00+00:00,37100,173,160,428700,0.0873174714252391,2021-11-24,1
vichognzza,2021-11-14 23:24:16+00:00,70600,242,355,578100,0.1231568932710603,2021-11-14,1
marianocalvera,2021-12-01 01:21:41+00:00,27500,146,60,332700,0.0832762248271716,2021-12-01,1
alejandrogavilan8,2021-11-24 03:07:28+00:00,11200,121,132,287500,0.0398365217391304,2021-11-24,1
totichemi,2021-11-28 18:50:44+00:00,102500,288,257,636800,0.1618168969849246,2021-11-28,1
hijo_de_la_tierra,2021-11-16 23:50:19+00:00,91500,724,248,1400000,0.0660514285714285,2021-11-16,1
xxheartz4ash.00w,2025-08-10 02:04:50+00:00,74400,2362,2919,3000000,0.0265603333333333,2025-08-10,1
capcut_huutuyen77,2024-09-25 16:34:11+00:00,180800,752,6679,5700000,0.0330229824561403,2024-09-25,1
kly.wu,2025-07-28 15:23:09+00:00,9971,93,189,79100,0.1296207332490518,2025-07-28,1
iranaretzz,2025-09-29 10:40:57+00:00,25000,125,4923,1100000,0.0273163636363636,2025-09-29,1
pam.00w,2024-01-27 05:54:31+00:00,345600,4328,3115,10300000,0.0342760194174757,2024-01-27,1
magicalaquatic,2022-09-14 00:51:13+00:00,708200,1820,3436,10300000,0.0692675728155339,2022-09-14,1
jahjosephh,2022-09-19 03:17:59+00:00,2300000,7646,9385,11000000,0.2106391818181818,2022-09-19,1
carolineontv,2022-09-02 16:31:29+00:00,663500,2066,769,7700000,0.0865370129870129,2022-09-02,1
crawking,2022-09-03 18:58:43+00:00,320500,2513,3342,3800000,0.0858828947368421,2022-09-03,1
cassiearan,2022-09-27 02:52:31+00:00,974200,13700,2960,13500000,0.073397037037037,2022-09-27,1
daanawilliamson,2022-09-02 02:13:35+00:00,628200,713,670,2800000,0.2248510714285714,2022-09-02,1
infamousjoannah,2022-09-15 18:25:58+00:00,273600,592,114,2400000,0.1142941666666666,2022-09-15,1
natashascloset,2022-09-03 16:54:37+00:00,367700,667,138,2000000,0.1842525,2022-09-03,1
edandaj,2022-09-25 20:02:59+00:00,1100000,2936,4426,22800000,0.0485685087719298,2022-09-25,1
humminglion,2022-09-15 14:26:45+00:00,292700,1856,2124,4100000,0.0723609756097561,2022-09-15,1
simplyprettyy,2025-12-25 19:15:42+00:00,4060,16,21,17800,0.2301685393258427,2025-12-25,1
ksuzzz3,2025-12-25 10:15:16+00:00,11300,68,78,103600,0.1104826254826254,2025-12-25,1
lisi.shops,2025-12-25 20:56:56+00:00,175200,445,791,1000000,0.176436,2025-12-25,1
annika.stevie,2025-12-26 03:28:19+00:00,6294,22,32,33000,0.1923636363636363,2025-12-26,1
khani.trendy,2025-12-26 03:45:40+00:00,104800,372,1169,394300,0.2696956632006086,2025-12-26,1
lanaisaaa,2025-12-26 03:49:27+00:00,26500,441,154,762200,0.03554841249016,2025-12-26,1
dashemew_,2025-12-21 19:42:26+00:00,14100,118,118,124900,0.1147798238590872,2025-12-21,1
everebmannn,2025-12-26 14:35:00+00:00,267,0,1,1738,0.1542002301495972,2025-12-26,1
lulltv,2025-12-25 16:57:11+00:00,18000,337,696,333800,0.0570191731575793,2025-12-25,1
jie518326,2025-07-01 13:06:17+00:00,283400,1158,3665,4500000,0.0640495555555555,2025-07-01,1
jaswinterr,2025-12-13 21:55:32+00:00,35400,110,454,184900,0.194505137912385,2025-12-13,1
babydollay7,2025-12-15 23:02:38+00:00,47600,215,1384,162300,0.3031361675908811,2025-12-15,1
thenoellekate,2025-12-25 15:58:46+00:00,5982,34,13,25700,0.2345914396887159,2025-12-25,1
obr_macha,2025-12-25 11:32:05+00:00,3162,11,45,10100,0.3186138613861386,2025-12-25,1
geminivlogss,2025-12-17 00:17:44+00:00,4521,40,66,25900,0.1786486486486486,2025-12-17,1
mckennasalazar,2025-11-14 02:11:10+00:00,104300,637,2793,659000,0.1634749620637329,2025-11-14,1
jordankerrr,2025-12-19 21:44:15+00:00,5450,33,31,41600,0.1325480769230769,2025-12-19,1
mayachanel111,2025-12-26 16:28:31+00:00,1647,28,8,5932,0.2837154416722859,2025-12-26,1
softly.jali,2025-12-26 14:56:02+00:00,2398,37,60,6829,0.3653536388929565,2025-12-26,1
isabelajuliana_,2025-05-15 16:19:18+00:00,258500,1741,7728,2100000,0.1276042857142857,2025-05-15,1
alondra.leneisha,2025-12-25 15:05:56+00:00,73300,401,765,407500,0.1827386503067484,2025-12-25,1
iwantcandy77,2025-12-26 14:11:31+00:00,14100,61,73,88000,0.16175,2025-12-26,1
nicolelaeno,2025-12-26 20:17:34+00:00,6734,75,8,29900,0.2279933110367893,2025-12-26,1
isabelledittrick,2025-12-26 15:18:04+00:00,71,3,0,629,0.1176470588235294,2025-12-26,1
sydneyconverse,2025-03-03 18:16:23+00:00,23900,685,3018,596100,0.0463059889280322,2025-03-03,1
piperrockelle,2025-07-18 21:37:38+00:00,2900000,5336,30100,31800000,0.0923093081761006,2025-07-18,1
officialmrkebs24,2023-02-16 13:41:13+00:00,5351,191,594,167300,0.03667662881052,2023-02-16,1
bihuo88898,2025-10-10 11:06:13+00:00,1700000,3087,24100,16800000,0.10280875,2025-10-10,1
naivekshort,2025-10-07 22:18:53+00:00,2400000,7404,29600,25700000,0.0948250583657587,2025-10-07,1
nick.marchand5,2025-12-10 22:34:49+00:00,5000000,19300,249300,67200000,0.0784017857142857,2025-12-10,1
tiktok,2025-12-19 05:29:58+00:00,98700,983,794,877400,0.1145167540460451,2025-12-19,3
tiktok,2025-12-19 05:07:46+00:00,70600,789,1206,657300,0.1104442415944013,2025-12-19,3
tiktok,2025-12-15 19:07:39+00:00,279400,1572,894,56500000,0.0049887787610619,2025-12-15,1
tiktok,2025-12-23 01:35:24+00:00,6956,884,279,225300,0.0360363959165557,2025-12-23,2
txunamydiamond,2025-06-24 19:24:26+00:00,2300000,2932,11500,18600000,0.1244318279569892,2025-06-24,1
tiktok,2025-12-23 20:02:19+00:00,3695,1544,333,362000,0.0153922651933701,2025-12-23,2
danouewely,2025-12-24 16:29:31+00:00,403,87,8,3575,0.1393006993006993,2025-12-24,1
mrbeast,2025-01-20 18:06:49+00:00,5600000,318300,205500,117800000,0.0519847198641765,2025-01-20,1
kimdub26,2025-12-24 17:07:10+00:00,64,15,5,2566,0.0327357755261106,2025-12-24,1
oseturno,2025-07-15 10:20:38+00:00,13000000,60300,3900000,86000000,0.1972127906976744,2025-07-15,1
indybugg,2024-10-24 01:10:22+00:00,1900000,10400,228300,26700000,0.0801011235955056,2024-10-24,1
matiana.rodriguez8,2025-12-09 00:12:17+00:00,5,1,0,1148,0.0052264808362369,2025-12-09,1
leavelol7,2025-10-05 18:53:16+00:00,4500000,5315,28200,53300000,0.0850565666041275,2025-10-05,1
mitsy270,2025-01-16 05:14:58+00:00,1800000,2327,52200,10600000,0.1749553773584905,2025-01-16,1
brookemonk_,2024-05-01 20:13:37+00:00,2300000,3307,5579,36600000,0.0630843169398907,2024-05-01,1
lewindhone,2024-08-29 13:19:39+00:00,4200000,10200,98400,46300000,0.0930583153347732,2024-08-29,1
user172793939917,2025-02-13 00:10:02+00:00,109,9,2,1565,0.0766773162939297,2025-02-13,1
jvtine12,2024-12-21 18:01:15+00:00,4100000,17100,389600,25300000,0.1781304347826087,2024-12-21,1
zinwithin,2024-07-23 20:03:10+00:00,1900000,34000,173600,29900000,0.0704882943143812,2024-07-23,1
aarimonaee,2024-02-15 02:26:50+00:00,219300,720,1747,1500000,0.1478446666666666,2024-02-15,1
dareksoul,2024-04-27 13:42:37+00:00,64300,98,233,941700,0.0686322608049272,2024-04-27,1
kenzieyoakum,2024-03-16 03:33:44+00:00,116000,765,23600,3600000,0.0389902777777777,2024-03-16,1
danialomeli_1,2024-04-28 22:26:29+00:00,64500,1162,17000,1300000,0.0635861538461538,2024-04-28,1
xhrill,2024-05-28 21:41:21+00:00,130300,551,10200,602500,0.2341095435684647,2024-05-28,1
skizzy666,2023-09-05 23:37:48+00:00,128700,723,5342,1200000,0.1123041666666666,2023-09-05,1
kissyou.llove,2023-08-15 01:03:16+00:00,489,18,117,74100,0.0084210526315789,2023-08-15,1
migne_00,2022-11-05 01:00:03+00:00,326,16,12,101100,0.0035014836795252,2022-11-05,1
juttsaab.2049,2025-12-24 15:38:37+00:00,61,4,0,202,0.3217821782178218,2025-12-24,1
queen_egirll27,2024-10-18 20:11:09+00:00,97600,426,6410,1100000,0.0949418181818181,2024-10-18,1
tania.mantilla1,2024-11-04 18:30:50+00:00,217000,269,22000,1400000,0.1709064285714285,2024-11-04,1
exoticlarynx,2025-01-16 14:20:02+00:00,3300000,10000,2200000,16400000,0.3359756097560976,2025-01-16,1
sunainamemon8,2025-12-24 15:23:28+00:00,1685,162,20,6860,0.2721574344023323,2025-12-24,1
ondro.va,2025-12-23 10:35:41+00:00,126500,207,3632,931900,0.1398637192831849,2025-12-23,1
aiwrld54,2025-12-23 17:28:55+00:00,749400,12200,55700,26200000,0.0311946564885496,2025-12-23,1
hearts2miraaa,2025-12-23 19:53:35+00:00,32300,157,2837,197800,0.178432760364004,2025-12-23,1
viralmarketingagency,2024-11-07 04:04:30+00:00,67000,905,3040,717800,0.0988367233212594,2024-11-07,1
gld_anni,2025-12-24 15:30:45+00:00,9156,27,503,84300,0.1148991696322657,2025-12-24,1
user..goneeee,2025-12-25 00:03:36+00:00,1763,83,219,12000,0.1720833333333333,2025-12-25,1
user9843780532,2025-12-24 15:28:43+00:00,1114,68,9,4974,0.2394451145958986,2025-12-24,1
calm.earth8,2025-07-29 02:53:00+00:00,2600000,17800,504600,23300000,0.1340085836909871,2025-07-29,1
ik804loverr,2025-10-10 21:28:07+00:00,2851,163,810,315100,0.0121358298952713,2025-10-10,1
catfilm06,2025-08-30 16:09:27+00:00,1300000,8372,230900,37400000,0.0411570053475935,2025-08-30,1
go.viral.666,2025-09-02 21:07:15+00:00,1809,535,258,132500,0.0196377358490566,2025-09-02,1
jair.gonzalezz,2022-04-02 18:53:39+00:00,36700,60,49,724900,0.0507780383501172,2022-04-02,1
orindaaaaaaaa,2025-05-18 17:51:49+00:00,376700,2716,14900,2900000,0.1359710344827586,2025-05-18,1
1.v197,2025-12-21 10:57:43+00:00,2684,63,102,34300,0.0830612244897959,2025-12-21,1
my.ns01,2025-08-19 10:49:07+00:00,14200,172,590,203600,0.0734872298624754,2025-08-19,1
richardino69,2025-07-21 15:15:46+00:00,35500,715,3067,240500,0.1633347193347193,2025-07-21,1
viral_logs946,2025-12-20 15:11:49+00:00,18100,225,1208,1500000,0.013022,2025-12-20,1
ashxyqw.0,2025-07-08 11:51:10+00:00,7184,25,293,65800,0.1140121580547112,2025-07-08,1
gld_anni,2024-12-25 14:40:30+00:00,140700,242,20100,888400,0.1812719495722647,2024-12-25,1
zoeyhope.official,2025-02-01 14:35:12+00:00,19900,195,268,352800,0.0577182539682539,2025-02-01,1
genart.ia,2025-11-30 15:20:58+00:00,1200000,21200,267600,30500000,0.0488131147540983,2025-11-30,1
slimbabylyss,2025-12-23 01:28:26+00:00,235,3,6,4311,0.0565993968916724,2025-12-23,1
veritoaguassss,2025-12-09 02:26:11+00:00,24700,159,315,225600,0.1115868794326241,2025-12-09,1
marilen4_tz,2025-08-27 19:52:27+00:00,1117,94,26,8392,0.1474022878932316,2025-08-27,1
mediaworld15,2023-05-30 06:54:43+00:00,7994,1707,12000,960600,0.0225910889027691,2023-05-30,1
onechikiii,2024-05-10 18:33:08+00:00,46400,606,4909,896600,0.0579020745036805,2024-05-10,1
cheocrew,2025-07-15 17:21:23+00:00,119600,512,3987,1900000,0.0653152631578947,2025-07-15,1
diorb4e__,2025-08-08 14:48:42+00:00,30700,56,718,231300,0.1360743623000432,2025-08-08,1
v0l2x9c,2025-02-22 00:02:37+00:00,115500,206,36700,709400,0.2148378911756414,2025-02-22,1
uchiha.29m,2025-02-06 16:01:38+00:00,14400,78,404,158700,0.0937744171392564,2025-02-06,1
ciara,2025-06-12 21:19:32+00:00,1800000,10600,18800,13300000,0.1375488721804511,2025-06-12,1
ms.moodaa,2024-12-13 06:43:48+00:00,1800000,2397,339000,9600000,0.2230621875,2024-12-13,1
malloryroh,2025-02-21 21:57:50+00:00,28400000,87900,4400000,167500000,0.196345671641791,2025-02-21,1
gashi,2024-12-18 23:21:17+00:00,13200000,100800,3000000,95600000,0.170510460251046,2024-12-18,1
hpc_official,2022-12-31 16:00:54+00:00,5300000,13500,60400,145100000,0.0370358373535492,2022-12-31,1
jamesandjasmin,2024-11-12 12:40:31+00:00,3400000,13300,123500,56900000,0.0621581722319859,2024-11-12,1
davidbeck,2021-10-10 17:50:01+00:00,2400000,6561,8008,56100000,0.0430404456327985,2021-10-10,1
foxweddings,2020-07-26 18:45:26+00:00,2100000,11600,71600,12600000,0.1732698412698412,2020-07-26,1
rulaempire,2024-01-07 22:26:45+00:00,4300000,24500,127000,27600000,0.1612862318840579,2024-01-07,1
kimberlykimpena,2025-09-07 01:39:44+00:00,5300000,10900,162000,43700000,0.1252379862700229,2025-09-07,1
layla_.mckenzie,2025-07-17 20:37:03+00:00,1700000,9474,74800,13000000,0.1372518461538461,2025-07-17,1
longislandorganics,2025-08-15 12:20:34+00:00,23400000,111800,9600000,200800000,0.1648994023904382,2025-08-15,1
sandrin_do_conteudo,2023-09-10 20:16:32+00:00,1800000,29900,293200,39100000,0.0542992327365728,2023-09-10,1
accountwashackedwith50m,2024-02-13 18:06:22+00:00,12200000,50100,199700,139700000,0.0891181102362204,2024-02-13,1
viralblitzrealm,2024-02-08 20:27:18+00:00,3000000,22700,501500,82900000,0.0425114595898673,2024-02-08,1
legacyheaux,2024-08-31 17:27:00+00:00,2000000,12600,131500,11000000,0.1949181818181818,2024-08-31,1
bhadie.kellyy,2025-06-22 21:05:49+00:00,4200000,12600,78900,26800000,0.1601305970149253,2025-06-22,1
rulabulatula,2025-03-20 19:12:13+00:00,2400000,9460,221000,14000000,0.18789,2025-03-20,1
64krazy,2024-05-28 05:04:28+00:00,1700000,23700,428000,12900000,0.1667984496124031,2024-05-28,1
a2p.inc,2022-07-14 17:17:04+00:00,2000000,9713,36600,12100000,0.1691167768595041,2022-07-14,1
gloryabisola_,2023-10-27 22:02:36+00:00,2000000,1538,3043,35500000,0.0564670704225352,2023-10-27,1
i.post.memes.kuhhh,2025-01-06 19:55:48+00:00,2000000,9825,245100,9900000,0.227770202020202,2025-01-06,1
fathenfarms,2023-01-03 19:42:54+00:00,8700000,35200,647500,52700000,0.1780398481973434,2023-01-03,1
kristindawnmunoz,2025-05-14 02:09:01+00:00,175100,93500,99300,2400000,0.1532916666666666,2025-05-14,1
aprendiendoconcielo,2024-11-25 21:52:50+00:00,3200000,52700,921700,42200000,0.0989194312796208,2024-11-25,1
sweetnthicc,2025-12-26 22:53:59+00:00,9,2,0,50,0.22,2025-12-26,1
life_of_temi,2025-08-11 05:59:08+00:00,6100000,17600,257700,53800000,0.1185,2025-08-11,1
vecinosofi,2023-04-07 00:46:00+00:00,2800000,16700,231000,39300000,0.0775496183206106,2023-04-07,1
.calvjn,2024-11-14 02:58:26+00:00,4300000,20900,640700,24500000,0.2025142857142857,2024-11-14,1
_datgurl.reso,2025-04-12 17:06:42+00:00,146600,431,830,1700000,0.0869770588235294,2025-04-12,1
nior_q19,2025-12-15 19:07:18+00:00,50300,167,2696,342900,0.1550393700787401,2025-12-15,1
viralmarketingagency,2024-11-09 07:41:49+00:00,94700,926,4211,1000000,0.099837,2024-11-09,1
go.viral.666,2025-08-19 08:18:38+00:00,1332,140,33,68700,0.0219068413391557,2025-08-19,1
rand0mshu,2025-04-25 13:18:28+00:00,508500,1407,15000,3000000,0.174969,2025-04-25,1
emma.mullahi,2025-12-14 09:29:30+00:00,28000,92,539,141200,0.2027691218130311,2025-12-14,1
tizigurevichh,2025-05-18 22:26:22+00:00,412,98,9,29400,0.0176530612244897,2025-05-18,1
landonn149,2025-10-27 21:07:58+00:00,41800,559,599,281800,0.1524414478353442,2025-10-27,1
ljjldprh,2025-11-22 05:40:54+00:00,1600000,19500,808500,22600000,0.107433628318584,2025-11-22,1
slimbabylyss,2025-12-21 06:18:35+00:00,524,12,11,8379,0.065282253252178,2025-12-21,2
uchiha.29m,2025-10-22 08:14:35+00:00,17400,96,391,168800,0.1059656398104265,2025-10-22,1
misadventuresofz,2025-07-18 21:27:08+00:00,4000000,21900,256000,16000000,0.26736875,2025-07-18,1
reaghans.secret,2024-08-07 22:05:31+00:00,284900,827,64500,1600000,0.218891875,2024-08-07,1
clouted.jayk,2024-06-02 18:05:39+00:00,328400,1493,31400,1900000,0.1901542105263158,2024-06-02,1
destinytarusan,2025-01-26 05:25:56+00:00,664200,3210,9873,3500000,0.1935094285714285,2025-01-26,1
kaylamalecc,2023-12-24 22:01:33+00:00,239300,965,163,2300000,0.1045339130434782,2023-12-24,1
daanielaann,2023-08-12 23:31:57+00:00,698300,3809,35500,3700000,0.1993537837837838,2023-08-12,1
brianelyy,2024-08-04 02:30:45+00:00,254700,586,8092,1200000,0.2194816666666666,2024-08-04,1
ciaraoommen,2024-07-28 18:40:30+00:00,335600,621,8759,2500000,0.137992,2024-07-28,1
leah_mifsud,2024-04-07 12:55:56+00:00,255500,3065,23000,3800000,0.0740960526315789,2024-04-07,1
shakila.moon.usa,2025-12-26 22:55:39+00:00,12,1,0,145,0.0896551724137931,2025-12-26,1
imkorr,2024-12-10 13:58:34+00:00,259600,1832,10700,1700000,0.1600776470588235,2024-12-10,1
jakegoodmanmd,2021-08-15 21:00:20+00:00,30800,360,1354,416900,0.0779899256416406,2021-08-15,1
drbradklontz,2021-09-08 21:04:32+00:00,336800,2795,97000,2900000,0.15055,2021-09-08,1
studymoofin,2021-09-10 01:18:13+00:00,1400000,5155,31700,10100000,0.1422628712871287,2021-09-10,1
goharsguide,2021-09-06 19:31:33+00:00,1200000,1471,17100,7400000,0.1646717567567567,2021-09-06,1
studywithsoybean,2021-08-20 14:32:05+00:00,474300,1118,3094,3600000,0.13292,2021-08-20,1
doctor.mark,2021-08-23 10:23:56+00:00,86900,721,579,609200,0.1447800393959291,2021-08-23,1
itsangelicageorges,2021-08-16 01:30:24+00:00,97000,278,1135,596900,0.1648735131512816,2021-08-16,1
thesecrethistoryofhallie,2021-08-23 04:05:08+00:00,89900,258,461,434600,0.2085112747353888,2021-08-23,1
celine.handoko,2021-09-08 03:54:54+00:00,32600,163,257,470000,0.0702553191489361,2021-09-08,1
teandstudy,2021-09-13 06:53:45+00:00,42300,91,839,315500,0.1370206022187004,2021-09-13,2
whitecoatpending,2021-08-26 16:07:32+00:00,136800,381,2656,640500,0.2183247462919594,2021-08-26,1
averiebishop,2021-08-21 21:17:53+00:00,35200,102,485,267000,0.1340337078651685,2021-08-21,1
registerednurserhae,2021-08-21 16:40:12+00:00,25600,77,1634,270900,0.1008157991878922,2021-08-21,1
drkenialeon,2021-09-11 14:09:51+00:00,38300,130,416,344600,0.1127278003482298,2021-09-11,1
ericassleepyhollow,2021-09-11 00:58:42+00:00,55400,270,689,262400,0.2147827743902439,2021-09-11,1
teandstudy,2021-09-13 11:25:59+00:00,31700,780,1258,259800,0.1298614318706697,2021-09-13,2
bikiniisandbelliniis,2021-09-12 02:54:11+00:00,100300,194,291,607200,0.1659832015810276,2021-09-12,1
studyweve,2025-12-12 20:48:32+00:00,92000,152,2000,436900,0.2155001144426642,2025-12-12,1
studyingwithshrisha,2025-12-15 14:03:55+00:00,55300,94,434,189300,0.294918119387216,2025-12-15,1
eemlyy,2025-12-14 19:14:09+00:00,25400,43,390,110900,0.2329395852119026,2025-12-14,1
sei__on,2025-12-15 09:01:17+00:00,59200,236,1854,216500,0.283094688221709,2025-12-15,1
itsherweng_,2025-12-13 23:08:23+00:00,76000,159,3244,483100,0.1643614158559304,2025-12-13,1
laeticiahh,2025-12-03 20:39:46+00:00,17100,65,585,137600,0.1289970930232558,2025-12-03,1
aaliyahim,2024-11-07 05:14:16+00:00,1100000,3846,22500,7200000,0.1564369444444444,2024-11-07,1
bioinanutshell_,2025-12-05 18:40:04+00:00,144000,464,21500,693600,0.2392791234140715,2025-12-05,1
aleksandrahoeye,2025-12-15 21:03:05+00:00,10700,12,181,51300,0.2123391812865497,2025-12-15,1
noelia_moore,2025-12-16 15:43:14+00:00,57600,98,1260,206400,0.2856492248062015,2025-12-16,1
notedandneat,2025-07-21 07:21:41+00:00,1200000,5842,29300,4500000,0.274476,2025-07-21,1
secret.study.acc,2025-12-16 13:18:07+00:00,33900,157,754,153500,0.2267817589576547,2025-12-16,1
guysitsjulia,2025-10-05 13:54:03+00:00,426500,631,8192,2500000,0.1741292,2025-10-05,1
artofsmartedu,2021-07-14 09:05:41+00:00,38000,315,620,183900,0.2117183251767264,2021-07-14,1
fahad_teaches,2021-08-26 07:10:53+00:00,27300,164,187,188100,0.1470015948963317,2021-08-26,1
lozdogzz,2021-08-05 10:29:58+00:00,6842,42,339,78300,0.0922477650063856,2021-08-05,1
rubyyydoobyy,2021-07-22 08:34:50+00:00,5074,114,97,80500,0.0656521739130434,2021-07-22,1
artofsmartedu,2021-07-01 04:22:44+00:00,7305,184,243,59700,0.1295142378559464,2021-07-01,1
jufmlg,2021-09-22 17:03:05+00:00,14900,240,301,415500,0.0371624548736462,2021-09-22,1
newams_,2021-09-16 11:25:08+00:00,4419,128,35,133300,0.0343735933983495,2021-09-16,1
jufmlg,2021-09-16 14:24:03+00:00,2621,41,113,58000,0.0478448275862068,2021-09-16,1
nichollepatricia,2021-04-07 20:02:12+00:00,815700,13800,22800,6300000,0.1352857142857143,2021-04-07,1
yumekacake,2021-02-17 21:56:54+00:00,890700,9255,8277,3600000,0.2522866666666666,2021-02-17,1
karthitsa,2021-04-21 14:15:31+00:00,1500000,2803,47100,10000000,0.1549903,2021-04-21,1
psychologee,2021-07-30 16:00:19+00:00,1400000,2271,3763,7700000,0.1826018181818181,2021-07-30,1
teandstudy,2021-08-19 00:14:32+00:00,2200000,16400,45100,9700000,0.2331443298969072,2021-08-19,1
sage.studies,2021-08-03 15:30:14+00:00,1700000,9248,34300,9300000,0.1874782795698924,2021-08-03,1
averiebishop,2021-03-10 22:51:56+00:00,1600000,0,14900,8900000,0.1814494382022471,2021-03-10,1
psychologee,2021-06-26 16:18:58+00:00,3400000,8688,257500,22300000,0.1644030493273542,2021-06-26,1
mgvikk2,2025-05-01 07:40:25+00:00,77000,580,14100,2300000,0.0398608695652173,2025-05-01,1
lauryn.kyle0,2025-04-19 04:23:04+00:00,76100,542,4664,1400000,0.0580757142857142,2025-04-19,1
antxana,2023-01-03 22:03:53+00:00,848800,10000,43000,14600000,0.0617671232876712,2023-01-03,1
santinoak1,2025-11-08 10:20:00+00:00,104200,1649,2615,15500000,0.0069976774193548,2025-11-08,1
ella_helmi_twins,2025-10-07 04:40:58+00:00,32200,98,1559,413200,0.0819385285575992,2025-10-07,1
jacki_.naglezzz,2025-10-18 01:20:02+00:00,1300000,5216,337300,9700000,0.1693315463917525,2025-10-18,1
laughus,2023-02-11 16:51:18+00:00,122000,2444,16000,2600000,0.054016923076923,2023-02-11,1
asiakertusha_,2025-12-07 20:34:46+00:00,5300,10,249,85800,0.0647902097902097,2025-12-07,1
mariilenaa.aa,2025-11-14 21:07:21+00:00,3341,115,95,128600,0.0276127527216174,2025-11-14,1
laraaizzz,2025-07-16 17:42:27+00:00,3649,56,737,32800,0.1354268292682927,2025-07-16,1
lluna.zwombie,2025-05-05 17:43:47+00:00,3895,57,146,74100,0.0553036437246963,2025-05-05,1
mr.zhu_1,2025-09-08 09:16:25+00:00,25100,521,345,3900000,0.0066579487179487,2025-09-08,1
parisowyang_,2025-10-18 22:14:57+00:00,12600,256,486,529200,0.0252116402116402,2025-10-18,1
asthetic_qeens0,2025-12-20 14:49:51+00:00,11700,74,367,218200,0.0556416131989,2025-12-20,1
ustalnets,2025-02-07 21:13:24+00:00,46600,7464,11600,7000000,0.0093805714285714,2025-02-07,1
petopia27,2025-08-07 21:46:18+00:00,4615,133,226,673300,0.0073874944304173,2025-08-07,1
nourfahaam,2025-08-06 15:11:12+00:00,1003,109,17,1400000,0.0008064285714285,2025-08-06,1
lu12na00,2025-09-21 15:26:17+00:00,1243,40,45,31700,0.0418927444794952,2025-09-21,1
.life_is_short,2025-11-09 23:28:57+00:00,1616,76,120,330500,0.005482602118003,2025-11-09,1
funnyboy1.5,2025-09-10 07:58:51+00:00,2602,408,143,334600,0.0094231918708906,2025-09-10,1
jordana.aaahhh,2025-05-15 11:26:17+00:00,622,10,4,10700,0.0594392523364485,2025-05-15,1
jrakedaily,2025-10-30 18:41:13+00:00,881,25,30,131600,0.007112462006079,2025-10-30,1
ne.linkaa._,2025-01-30 12:03:31+00:00,9013,260,487,352200,0.0277115275411697,2025-01-30,1
kreppyfazta,2025-06-13 01:26:21+00:00,893,190,622,116300,0.0146603611349957,2025-06-13,1
kaiyechuu,2025-10-11 10:43:47+00:00,119200,3237,27300,2800000,0.0534775,2025-10-11,1
_oliviafischer_,2025-08-02 17:12:37+00:00,1343,81,21,87500,0.0165142857142857,2025-08-02,1
evil70302,2025-11-15 15:19:37+00:00,5371,241,200,102100,0.0569245837414299,2025-11-15,1
jordan_the_stallion8,2023-09-19 03:27:19+00:00,2500000,19800,138100,30100000,0.0883023255813953,2023-09-19,1
kirby_j,2024-10-24 20:41:30+00:00,2700000,2785,31200,18400000,0.1485861413043478,2024-10-24,1
caramel.studyy,2025-02-13 14:02:14+00:00,374700,2218,7343,2700000,0.1423188888888888,2025-02-13,1
studywithhannaah,2025-12-09 02:47:20+00:00,58800,113,1324,223900,0.2690352836087539,2025-12-09,1
phuonghocdi,2025-11-12 14:37:54+00:00,234700,452,4195,1600000,0.149591875,2025-11-12,1
asaxcameron,2025-10-30 21:30:15+00:00,73200,823,3815,562300,0.1384278854703894,2025-10-30,1
aliyahsimone,2025-11-22 21:40:33+00:00,113800,734,5908,662000,0.1819365558912386,2025-11-22,1
tsvetka1,2025-12-16 10:47:26+00:00,35400,115,281,281300,0.1272520440810522,2025-12-16,1
meleleluv,2025-10-16 13:27:20+00:00,190800,549,3371,1000000,0.19472,2025-10-16,1
ashley.hart,2025-11-24 05:41:07+00:00,22400,198,564,144000,0.1608472222222222,2025-11-24,1
kyliejenner,2025-02-11 18:44:55+00:00,1500000,4630,11100,17900000,0.0846776536312849,2025-02-11,1
elisapur,2025-12-20 17:26:28+00:00,90200,746,1708,320800,0.2888216957605985,2025-12-20,1
erinfoleyyyyy,2025-11-28 20:36:24+00:00,91400,756,4416,392900,0.2457928226011707,2025-11-28,1
monas._diary,2025-10-24 22:01:07+00:00,5864,117,98,37500,0.1621066666666666,2025-10-24,1
doceanaleticia_,2025-10-15 20:01:00+00:00,252300,2054,3955,1600000,0.161443125,2025-10-15,1
laurenkkim0,2025-12-11 23:24:59+00:00,31100,72,75,150800,0.2072082228116711,2025-12-11,1
themahaliajae,2025-12-03 17:10:36+00:00,2626,56,64,24900,0.1102811244979919,2025-12-03,1
selfcarewluc,2025-12-09 03:17:38+00:00,51200,368,657,369800,0.1412249864791779,2025-12-09,1
geminivlogss,2025-11-10 20:00:05+00:00,7290,55,139,57500,0.1301565217391304,2025-11-10,1
selfcarewluc,2025-05-26 20:47:19+00:00,100900,890,1524,876100,0.1179248944184453,2025-05-26,1
quorityler,2023-12-16 02:45:58+00:00,21400,481,200,149900,0.1473048699132755,2023-12-16,1
angievlogs7,2025-11-26 14:27:46+00:00,202200,552,7816,1200000,0.1754733333333333,2025-11-26,1
natalieegrxce,2025-12-12 19:15:23+00:00,621,5,5,9695,0.0650850954100051,2025-12-12,1
myamyse,2025-11-11 14:49:09+00:00,26200,461,981,177900,0.1553794266441821,2025-11-11,1
amouriori,2023-06-05 05:35:21+00:00,531400,1422,6500,5200000,0.1037157692307692,2023-06-05,1
meowwx109,2025-11-11 14:05:56+00:00,93300,533,1214,427400,0.2223841834347215,2025-11-11,1
ksuzzz3,2025-11-21 16:26:21+00:00,112800,667,2326,1000000,0.115793,2025-11-21,1
..vlogswolivia,2025-12-04 03:07:53+00:00,6932,146,105,56200,0.1278113879003558,2025-12-04,1
dareksoul,2024-04-13 13:07:12+00:00,70900,130,312,3200000,0.022294375,2024-04-13,1
migne_00,2022-10-15 12:18:19+00:00,1026,5,19,38300,0.0274151436031331,2022-10-15,1
migne_00,2023-01-23 00:03:15+00:00,248,6,8,8379,0.0312686478100011,2023-01-23,1
vennom.xx,2022-08-26 19:40:18+00:00,100,5,0,13700,0.0076642335766423,2022-08-26,1
migne_00,2022-08-26 14:42:16+00:00,1227,11,7,51000,0.0244117647058823,2022-08-26,1
migne_00,2022-08-21 21:31:42+00:00,1057,11,10,39900,0.0270175438596491,2022-08-21,1
naa.kana,2025-04-21 13:02:23+00:00,277500,553,5116,4400000,0.0643565909090909,2025-04-21,1
migne_00,2022-04-15 19:57:22+00:00,3493,68,77,61000,0.059639344262295,2022-04-15,1
wthisamegan,2022-08-08 01:38:19+00:00,71,1,2,13800,0.0053623188405797,2022-08-08,1
bluefacebleedem,2021-08-09 20:53:59+00:00,1900000,12700,15600,15400000,0.1252142857142857,2021-08-09,1
lechat.vv,2021-08-11 02:49:44+00:00,4800000,11500,62600,57600000,0.0846197916666666,2021-08-11,1
realadamrose,2020-08-21 18:14:53+00:00,3600000,29100,199300,26000000,0.1472461538461538,2020-08-21,1
sumenas,2021-09-11 14:20:53+00:00,499100,4197,2329,4800000,0.10533875,2021-09-11,1
bellapoarch,2020-09-11 23:30:31+00:00,25100000,231800,121900,373200000,0.0682039121114683,2020-09-11,1
migne_00,2022-12-29 03:05:32+00:00,337,12,6,16700,0.0212574850299401,2022-12-29,1
joeyking,2020-07-25 23:09:26+00:00,8000000,40100,30500,51600000,0.156406976744186,2020-07-25,1
ifufeelaloneatparties,2023-07-28 22:25:33+00:00,374100,901,6747,3300000,0.1156812121212121,2023-07-28,1
yesimgeni,2023-09-29 18:27:53+00:00,182800,663,2640,712000,0.2613806179775281,2023-09-29,1
_2sumn,2025-10-25 18:04:21+00:00,2600000,6595,434900,12900000,0.2357748062015504,2025-10-25,1
heytakeachance,2025-10-27 14:45:41+00:00,2600000,6513,860900,14000000,0.2476723571428571,2025-10-27,1
elliesabillon,2024-09-13 16:51:57+00:00,355400,1086,11300,5200000,0.0707280769230769,2024-09-13,1
gisel_lagisel,2022-09-11 05:23:59+00:00,456200,2805,7912,53900000,0.0086626530612244,2022-09-11,1
miadewaele,2024-08-07 22:32:23+00:00,2800000,6142,200600,24600000,0.1222252845528455,2024-08-07,1
silleglad_,2024-01-29 21:19:53+00:00,1900000,5711,23100,10300000,0.1872632038834951,2024-01-29,1
sabyyg,2025-01-18 23:49:24+00:00,1600000,1135,57800,20100000,0.08253407960199,2025-01-18,1
__catwoman00__,2025-12-26 22:26:20+00:00,146,7,2,1322,0.1172465960665658,2025-12-26,1
iamcharleighrae,2024-04-22 19:40:02+00:00,3600000,23300,305800,19800000,0.1984393939393939,2024-04-22,1
wzrse,2023-10-11 21:00:31+00:00,3200000,6476,64200,21000000,0.1557464761904761,2023-10-11,1
zaya2531,2024-10-08 13:52:23+00:00,6500000,57100,1200000,42400000,0.1829504716981132,2024-10-08,1
vibewitxian,2025-06-05 03:45:54+00:00,7000000,28900,3300000,50600000,0.2041284584980237,2025-06-05,1
angela.danii,2024-03-12 03:20:46+00:00,1800000,4228,62900,8200000,0.2276985365853658,2024-03-12,1
sneakers101004,2025-07-02 01:19:01+00:00,3800000,23800,313800,21600000,0.1915555555555555,2025-07-02,1
myrisa_jaymes,2025-12-26 23:00:50+00:00,28,0,2,771,0.0389105058365758,2025-12-26,1
rulaisbackkkkkkkk,2025-02-26 00:04:00+00:00,1800000,5999,232400,9500000,0.2145683157894737,2025-02-26,1
migne_00,2022-08-13 04:43:21+00:00,351,5,10,16000,0.022875,2022-08-13,1
dishadaybysumyat,2025-03-16 13:50:06+00:00,15100,209,849,622400,0.025960796915167,2025-03-16,1
review_all_vd,2025-12-13 17:17:14+00:00,1452,75,367,500900,0.003781193851068,2025-12-13,1
dear.visit,2025-04-10 11:34:37+00:00,20500,62,634,177600,0.1193468468468468,2025-04-10,1
moimagcf41u,2025-11-23 10:36:02+00:00,1046,10,34,257500,0.0042330097087378,2025-11-23,1
moimagcf41u,2025-11-28 12:12:42+00:00,1372,23,39,154200,0.0092996108949416,2025-11-28,1
nana_.00w,2025-01-03 04:11:21+00:00,43900,447,2444,1000000,0.046791,2025-01-03,1
akirayamiku,2025-05-28 12:57:11+00:00,2046,18,267,70800,0.0329237288135593,2025-05-28,1
sxp.routines_,2025-08-23 05:49:11+00:00,18600,352,328,217000,0.0888479262672811,2025-08-23,1
pam.00w,2024-07-30 09:38:40+00:00,35700,640,631,1300000,0.0284392307692307,2024-07-30,1
xpwuddingvlogsx,2025-12-17 23:00:31+00:00,6881,613,282,315000,0.0246857142857142,2025-12-17,1
iamdiepha._,2023-07-14 05:50:52+00:00,25300,363,2288,1300000,0.0215007692307692,2023-07-14,1
lalunafleurs,2025-11-27 21:11:34+00:00,81000,563,2158,348300,0.2403703703703703,2025-11-27,1
brunellachevalier,2024-06-25 02:19:35+00:00,47600,502,6537,1600000,0.034149375,2024-06-25,1
itsssss_ora,2025-12-01 18:20:20+00:00,22500,117,894,136400,0.1723680351906158,2025-12-01,1
alishaasngg,2024-04-20 20:03:21+00:00,87800,552,1384,883600,0.1015572657311,2024-04-20,1
itsodjam,2025-05-06 21:51:48+00:00,156800,748,3618,2200000,0.0732572727272727,2025-05-06,1
ash_vee_,2025-06-27 14:58:28+00:00,316,9,6,12400,0.0266935483870967,2025-06-27,1
pearlypasjii,2025-08-06 07:30:04+00:00,9332,296,399,463000,0.0216565874730021,2025-08-06,1
mikhailaa254,2024-12-17 00:55:05+00:00,59900,1860,1971,5100000,0.0124962745098039,2024-12-17,1
qwashjijk,2025-08-03 02:46:08+00:00,263600,1204,19800,5300000,0.0536988679245283,2025-08-03,1
moimagcf41u,2025-11-09 10:40:25+00:00,13500,179,624,2100000,0.0068109523809523,2025-11-09,1
vlog_with_angel.00,2025-04-12 12:43:24+00:00,7586,189,239,387600,0.0206759545923632,2025-04-12,1
tayyabakiran7352,2025-03-20 14:36:18+00:00,193400,3729,4889,4000000,0.0505045,2025-03-20,1
kylie.00w,2025-01-03 02:33:36+00:00,30700,3878,1757,2800000,0.0129767857142857,2025-01-03,1
dreandken,2025-07-05 21:17:51+00:00,29700,550,448,1100000,0.0279072727272727,2025-07-05,1
pastelera27,2024-10-26 06:38:26+00:00,292200,1333,3041,3300000,0.089870909090909,2024-10-26,1
abdoul.karim.keta780,2025-11-01 22:12:05+00:00,48,13,1,470,0.1319148936170212,2025-11-01,1
nicolemacck,2021-04-18 21:34:39+00:00,3600000,23800,13600,19600000,0.1855816326530612,2021-04-18,1
trenndinggg,2024-12-09 00:30:00+00:00,510,56,74,94400,0.0067796610169491,2024-12-09,1
me03319,2025-12-26 22:50:05+00:00,29,1,3,179,0.1843575418994413,2025-12-26,1
kimkardashian,2025-12-26 21:26:37+00:00,115800,498,1755,865800,0.1363513513513513,2025-12-26,1
showtime5948,2025-01-21 10:55:55+00:00,164100,1107,1217,2400000,0.0693433333333333,2025-01-21,1
.eslis,2024-09-25 04:16:50+00:00,222100,2003,3345,2800000,0.0812314285714285,2024-09-25,1
user63857450625900,2025-07-20 04:51:02+00:00,2600000,2268,89400,13200000,0.2039142424242424,2025-07-20,1
richii250,2024-08-02 02:50:39+00:00,353800,1126,71700,2400000,0.1777608333333333,2024-08-02,1
ellakuchefski,2024-05-31 18:01:46+00:00,241000,1727,12400,3800000,0.0671386842105263,2024-05-31,1
zzariiaaa,2024-09-28 23:32:35+00:00,336400,304,2803,2400000,0.14146125,2024-09-28,1
xhrill,2024-09-20 00:31:37+00:00,242500,982,21800,1300000,0.2040630769230769,2024-09-20,1
notnataliereynoldss,2025-12-26 16:00:03+00:00,151600,2710,1543,1700000,0.0916782352941176,2025-12-26,1
camy_bertolini,2024-05-25 02:43:00+00:00,258500,409,8511,1400000,0.1910142857142857,2024-05-25,1
charbelbahous,2025-12-26 23:01:28+00:00,146,6,4,1514,0.1030383091149273,2025-12-26,1
vivi2freaky,2024-12-06 01:53:59+00:00,469500,2375,37100,4500000,0.1131055555555555,2024-12-06,1
vivi2freaky,2024-12-08 02:00:10+00:00,232000,558,17100,2100000,0.1188847619047619,2024-12-08,1
aiyaa09097,2023-11-03 15:00:43+00:00,1400000,27900,99800,145500000,0.0104996563573883,2023-11-03,1
shaeshae5000,2025-01-23 05:18:29+00:00,189200,1776,13500,780700,0.2619136672217241,2025-01-23,1
ashleywritesthings,2025-01-21 07:08:21+00:00,2600000,16400,46400,11600000,0.229551724137931,2025-01-21,1
ttvalexdougherty,2024-07-03 15:59:03+00:00,89700,4927,32800,3900000,0.0326735897435897,2024-07-03,1
seullri,2025-12-14 12:00:55+00:00,96000,252,3017,418400,0.2372586042065009,2025-12-14,1
xxtheone,2025-11-23 19:55:52+00:00,47600,109,1031,182700,0.266776135741653,2025-11-23,1
study.motiv.aest,2025-12-14 19:20:03+00:00,117400,218,4144,602700,0.2020275427244068,2025-12-14,1
studytok_40,2025-10-16 21:46:55+00:00,156,0,1,3015,0.0520729684908789,2025-10-16,1
jasonchungg,2025-12-09 01:10:47+00:00,272800,236,24700,1100000,0.2706690909090909,2025-12-09,1
.insideagirlshead,2025-11-23 22:34:32+00:00,626100,7673,33100,2700000,0.24699,2025-11-23,1
studytok_40,2025-10-15 01:39:35+00:00,315,1,1,3037,0.1043793216990451,2025-10-15,1
nfrstuff,2025-02-21 02:14:19+00:00,3100000,13800,121600,24700000,0.1309878542510121,2025-02-21,1
hervibes84,2025-12-11 13:19:23+00:00,38000,104,1488,197000,0.2009746192893401,2025-12-11,1
academicbarbiee,2025-10-11 17:54:31+00:00,33000,88,2544,225100,0.1582940915148822,2025-10-11,1
joce.erly,2025-11-20 05:20:09+00:00,14900,58,326,126200,0.1211093502377179,2025-11-20,1
anotherhannahhhh,2025-11-16 05:14:29+00:00,3782,18,53,28800,0.1337847222222222,2025-11-16,1
studylabz,2025-11-25 19:29:23+00:00,276400,489,10800,1300000,0.2212992307692307,2025-11-25,1
studytok_40,2024-09-09 23:38:36+00:00,18600,70,517,202800,0.0946104536489151,2024-09-09,1
mwchiiwoni,2025-06-07 16:47:45+00:00,138300,3733,5028,893200,0.1646450962830273,2025-06-07,1
oliviamaebarness,2025-06-05 09:11:56+00:00,103700,370,1573,549900,0.1921131114748136,2025-06-05,1
studytok_40,2024-10-14 16:14:36+00:00,45100,136,1580,489400,0.0956599918267266,2024-10-14,1
studytoksj,2024-03-12 11:28:40+00:00,7311,49,30,135900,0.0543782192788815,2024-03-12,1
jordannascollegeapps,2025-08-09 21:19:22+00:00,118100,413,4214,788800,0.1555869675456389,2025-08-09,1
studytok21,2025-05-16 07:25:06+00:00,185200,549,3648,887300,0.2134531725459258,2025-05-16,1
aswmarie_,2025-02-27 15:12:34+00:00,32300,424,449,171300,0.1936544074722708,2025-02-27,1
herstudymemoir,2025-09-04 08:16:29+00:00,607800,1627,19900,2800000,0.2247596428571428,2025-09-04,1
y.veev,2025-11-17 19:36:41+00:00,44100,96,671,212300,0.211337729627885,2025-11-17,1
afterlight.jp,2025-12-19 03:54:03+00:00,15400,258,441,79200,0.203270202020202,2025-12-19,1
pensandpapercranes,2025-03-30 17:50:01+00:00,96000,655,2308,702500,0.1408725978647687,2025-03-30,1
noelleohanlon,2025-10-10 01:59:07+00:00,107400,107,2151,585500,0.1872894961571306,2025-10-10,1
serenapaiege,2025-10-08 17:08:11+00:00,64400,206,472,299500,0.2172888146911519,2025-10-08,1
itseyalla,2024-09-06 16:00:56+00:00,1300000,6634,20400,7600000,0.1746097368421052,2024-09-06,1
calus.0,2025-10-14 21:24:49+00:00,354100,1011,12500,1700000,0.2162417647058823,2025-10-14,1
studyweve,2025-10-10 15:30:33+00:00,126100,343,2726,577000,0.2238630849220104,2025-10-10,1
secret.study.acc,2025-11-11 13:40:47+00:00,304700,1254,7913,1700000,0.1846276470588235,2025-11-11,1
studylabz,2025-11-16 18:50:41+00:00,804800,1176,46600,4400000,0.1937672727272727,2025-11-16,1
sl33py_addie,2025-12-20 23:33:39+00:00,16600,54,411,64500,0.2645736434108527,2025-12-20,1
shristi.sapkotaa,2025-10-22 02:36:40+00:00,65200,233,1419,351300,0.1902988898377455,2025-10-22,1
tiktok,2025-12-20 02:26:22+00:00,58400,1381,845,716000,0.0846731843575419,2025-12-20,1
yuuk_uu,2025-12-25 08:07:12+00:00,11400,80,328,74200,0.1591374663072776,2025-12-25,1
tiktok,2025-12-19 08:34:00+00:00,59900,807,631,762200,0.0804749409603778,2025-12-19,3
sisterlicious03,2025-12-22 18:07:28+00:00,49900,228,1713,613200,0.0845417482061317,2025-12-22,1
sisterlicious03,2025-12-24 16:28:23+00:00,527,19,18,13400,0.0420895522388059,2025-12-24,1
ebrh17,2025-12-03 06:51:54+00:00,795,96,61,954700,0.0009971718864564,2025-12-03,1
viki_andfamily,2025-12-13 19:01:21+00:00,3021,42,43,87300,0.0355784650630011,2025-12-13,1
reflection.crew,2025-12-23 17:24:45+00:00,2328,15,32,36000,0.0659722222222222,2025-12-23,1
memezar,2020-07-27 14:13:12+00:00,1500000,6454,32300,12000000,0.1282295,2020-07-27,1
mamamudeg,2025-12-25 10:21:06+00:00,50,4,1,487,0.1129363449691991,2025-12-25,1
antituss_only,2025-11-24 15:07:54+00:00,21200,641,3926,236200,0.1090897544453852,2025-11-24,1
weltmomente,2025-10-26 19:12:54+00:00,30700,271,1981,1000000,0.032952,2025-10-26,1
jennyliebtfilme,2025-05-08 16:07:37+00:00,190,0,2,26300,0.0073003802281368,2025-05-08,1
gbth19,2025-12-05 06:38:50+00:00,2817,166,165,1300000,0.0024215384615384,2025-12-05,1
lil.lilou.secret,2022-11-10 17:09:18+00:00,33000,2,115,274200,0.1207768052516411,2022-11-10,1
marinaeseniia.mikheeva,2025-11-20 17:52:32+00:00,4111,0,178,424500,0.0101036513545347,2025-11-20,1
shxnyy.s,2025-11-17 17:41:34+00:00,35300,148,8226,309900,0.1409293320425944,2025-11-17,1
funnycatmini,2025-11-03 08:02:55+00:00,386,22,15,101300,0.0041757156959526,2025-11-03,1
marinaundnora,2025-10-21 17:29:30+00:00,11900,67,1043,504500,0.0257879088206144,2025-10-21,1
bibilian89,2025-12-18 06:17:23+00:00,3746,96,136,313000,0.0127092651757188,2025-12-18,1
shumaliamalik9,2025-09-21 14:01:46+00:00,14400,1207,3584,475000,0.0404021052631578,2025-09-21,1
best.idea.universal,2023-12-18 21:27:50+00:00,108500,6339,4152,17600000,0.0067608522727272,2023-12-18,1
danny.valencia.music,2025-10-25 01:19:48+00:00,14200,998,687,1800000,0.008825,2025-10-25,1
realzam2,2025-07-18 09:44:22+00:00,1220,63,19,82800,0.0157246376811594,2025-07-18,1
trendingcomedy4,2025-01-30 04:04:20+00:00,14300,438,3591,3900000,0.0046997435897435,2025-01-30,1
lwn19851dr1,2023-09-15 01:12:37+00:00,28200,519,827,2500000,0.0118184,2023-09-15,1
shereinabdelhady,2022-02-14 22:55:57+00:00,8700000,36000,66600,43800000,0.200972602739726,2022-02-14,1
djthatabguy,2022-02-07 19:45:47+00:00,165400,1178,7333,8900000,0.0195405617977528,2022-02-07,1
caralinerosee,2022-02-27 21:23:53+00:00,6400000,20100,13500,34500000,0.1864811594202898,2022-02-27,1
alyssa_needham,2022-02-10 18:02:41+00:00,1100000,3892,11200,14000000,0.0796494285714285,2022-02-10,1
thevincentcole,2022-02-18 00:08:52+00:00,1200000,4969,8062,11500000,0.1054809565217391,2022-02-18,1
reaganmckeever,2022-02-13 01:42:35+00:00,953600,2825,7568,8300000,0.116143734939759,2022-02-13,1
roblewy,2022-02-07 20:05:22+00:00,520800,929,452,6900000,0.0756784057971014,2022-02-07,1
caroline.gravity,2022-02-05 11:48:43+00:00,418200,1238,8762,6700000,0.063910447761194,2022-02-05,1
brittbitess,2022-02-21 22:32:06+00:00,1300000,3196,10700,8500000,0.154576,2022-02-21,1
jakeportolese,2022-02-04 16:36:32+00:00,998900,3697,4087,6700000,0.150251343283582,2022-02-04,1
sabssfit,2022-02-25 19:07:04+00:00,811100,1847,4571,6900000,0.1184808695652173,2022-02-25,1
samgach,2022-02-15 20:11:49+00:00,234700,757,7297,3700000,0.0656091891891891,2022-02-15,1
tylerpath,2023-12-12 16:14:00+00:00,469200,1632,1634,8000000,0.05905825,2023-12-12,1
steveprince.fit,2023-09-18 21:08:01+00:00,433000,959,7960,6400000,0.06904984375,2023-09-18,1
budfit23,2025-08-07 02:13:24+00:00,890600,6951,51400,7100000,0.1336550704225352,2025-08-07,1
seanwwhalen,2024-09-06 11:59:08+00:00,113200,1137,10500,1800000,0.0693538888888889,2024-09-06,1
mikaylamailhes,2024-12-02 02:31:12+00:00,1300000,2620,32400,11700000,0.1141042735042735,2024-12-02,1
arielyu.fit,2025-07-30 14:03:12+00:00,2200000,10500,196000,39300000,0.0612340966921119,2025-07-30,1
benjicavazos,2025-10-08 22:14:08+00:00,499700,1380,17300,5500000,0.0942509090909091,2025-10-08,1
deathstrokefitness,2025-12-26 17:48:37+00:00,809,17,23,5350,0.1586915887850467,2025-12-26,1
seniorcoachh,2024-09-25 02:06:36+00:00,343200,14500,80000,8200000,0.0533780487804878,2024-09-25,1
gym.jester,2025-10-18 19:46:07+00:00,28,1,4,1918,0.0172054223149113,2025-10-18,1
_riverafit,2024-09-17 14:26:44+00:00,297600,5128,64600,4700000,0.0781548936170212,2024-09-17,1
emmahartley101,2023-06-05 00:16:18+00:00,156000,1090,10700,1500000,0.11186,2023-06-05,1
amelie.desai,2023-08-09 14:36:13+00:00,136500,530,3814,984200,0.1431050599471652,2023-08-09,1
officialrx__,2024-10-29 18:23:32+00:00,404700,2721,14800,8200000,0.0514903658536585,2024-10-29,1
coach_poli,2023-07-12 10:15:24+00:00,121800,973,9538,3700000,0.0357597297297297,2023-07-12,1
fitman097,2025-06-17 05:13:08+00:00,1100000,18200,39500,38900000,0.0297609254498714,2025-06-17,1
gymfts,2025-12-20 12:43:32+00:00,21800,52,4218,613200,0.0425146771037182,2025-12-20,1
don.malvaez,2024-10-29 19:18:53+00:00,37700,428,6113,252400,0.1752812995245641,2024-10-29,1
just_tt_here,2025-12-15 23:27:42+00:00,137200,4318,41700,2700000,0.0678585185185185,2025-12-15,1
ivankovachev931,2024-03-22 08:08:03+00:00,1200000,6947,306500,12000000,0.1261205833333333,2024-03-22,1
efilmpro,2024-12-26 06:13:32+00:00,147300,5502,6817,11600000,0.0137602586206896,2024-12-26,1
slimbabylyss,2025-12-21 06:54:09+00:00,344,5,4,7465,0.0472873409243134,2025-12-21,2
gld_anni,2025-11-03 22:19:51+00:00,28800,83,2928,336000,0.0946755952380952,2025-11-03,1
cfvlss,2025-09-30 09:53:03+00:00,3199,10,660,24600,0.1572764227642276,2025-09-30,1
mr_artist_00,2023-08-31 09:48:25+00:00,2941,450,179,2900000,0.0012310344827586,2023-08-31,1
ssskers,2025-10-02 18:36:49+00:00,14900,1277,811,1500000,0.0113253333333333,2025-10-02,1
michailidii__,2025-04-06 16:29:07+00:00,4252,153,170,89500,0.0511173184357541,2025-04-06,1
marshall_obichi,2025-10-11 15:23:16+00:00,7945,65,31,243100,0.033076923076923,2025-10-11,1
prankl0rd,2025-01-22 01:52:01+00:00,4122,25,73,55200,0.0764492753623188,2025-01-22,1
jake_land1994,2024-03-30 10:33:15+00:00,1204,309,104,498000,0.0032469879518072,2024-03-30,1
ai_clip_vibes,2025-12-19 19:46:13+00:00,119,5,36,5997,0.0266800066700016,2025-12-19,1
shellecepratt,2024-10-18 17:17:09+00:00,1500000,5735,32400,11000000,0.1398304545454545,2024-10-18,1
markomoskovka,2025-03-04 00:57:58+00:00,608000,3843,29000,5500000,0.116516909090909,2025-03-04,1
sweatsquadusa,2025-11-11 17:01:18+00:00,29800,175,21200,1300000,0.0393653846153846,2025-11-11,1
bjarnson_fitness,2025-07-30 15:07:32+00:00,775700,3786,37600,11600000,0.070438448275862,2025-07-30,1
raahavyy,2024-11-25 11:43:55+00:00,4100000,10500,113400,19000000,0.2223105263157895,2024-11-25,1
gymvibesdaily3,2025-10-07 16:00:00+00:00,504000,1960,41700,9400000,0.0582617021276595,2025-10-07,1
hunterstein.wk,2025-03-26 20:09:55+00:00,179600,874,40900,849300,0.2606546567761686,2025-03-26,1
topiasn,2025-11-18 15:39:45+00:00,457200,1316,39300,2600000,0.1914676923076923,2025-11-18,1
annabel.lucinda,2025-03-05 21:40:22+00:00,81200,463,2795,955800,0.0883636744088721,2025-03-05,1
hananerech,2023-02-25 16:36:11+00:00,712300,1267,16900,6400000,0.11413546875,2023-02-25,1
luisagiuliet,2024-10-17 21:00:52+00:00,2800000,4171,99000,23400000,0.1240671367521367,2024-10-17,1
workout_zone34,2025-10-17 08:00:00+00:00,155700,617,59300,12200000,0.0176735245901639,2025-10-17,1
stephen_sem,2025-12-21 16:31:25+00:00,4242,10,4,16500,0.2579393939393939,2025-12-21,1
workout_zone34,2025-12-08 15:00:00+00:00,38000,207,4756,2000000,0.0214815,2025-12-08,1
topiasn,2025-12-20 18:44:06+00:00,47300,143,2576,523200,0.0956020642201834,2025-12-20,1
pandafitness7,2025-08-18 14:29:23+00:00,73000,190,3349,614400,0.1245751953125,2025-08-18,1
coach.tinotenda24,2025-09-16 17:18:06+00:00,160600,1660,11800,4900000,0.0355224489795918,2025-09-16,1
ty_young_life,2024-01-16 20:47:01+00:00,67400,405,3957,1900000,0.0377694736842105,2024-01-16,1
gymxlean,2025-01-22 18:48:48+00:00,596300,6302,38100,8300000,0.0771930120481927,2025-01-22,1
_yuliiiana,2025-08-07 22:34:31+00:00,6100000,16100,1000000,32700000,0.2176177370030581,2025-08-07,1
twins.of.tiktokbackup,2025-12-24 15:40:50+00:00,2865,19,3,17600,0.1640340909090909,2025-12-24,1
cartoonking76,2025-01-29 02:05:50+00:00,62200,645,11700,5100000,0.0146166666666666,2025-01-29,1
sammbruno_,2024-04-21 15:09:41+00:00,115400,839,6257,1200000,0.10208,2024-04-21,1
musclemamiabii,2025-12-26 21:33:13+00:00,200,4,1,1181,0.1735817104149026,2025-12-26,1
bwyoutube,2025-12-20 16:52:48+00:00,258900,4689,55600,4500000,0.0709308888888888,2025-12-20,1
trenborina,2025-12-24 15:07:15+00:00,3632,41,168,27500,0.1396727272727272,2025-12-24,1
topiasn,2025-12-18 17:54:00+00:00,2075,21,89,19500,0.112051282051282,2025-12-18,1
sarah.fht,2024-12-24 21:35:47+00:00,6643,69,578,342900,0.021259842519685,2024-12-24,1
kevingym27,2025-02-17 23:28:33+00:00,115800,411,4723,1600000,0.07558375,2025-02-17,1
topiasn,2025-12-19 14:37:25+00:00,1217,13,22,13100,0.0955725190839694,2025-12-19,1
lea.ttttt,2025-09-11 16:16:35+00:00,1964,15,35,40200,0.0500995024875621,2025-09-11,1
meyouuuno,2025-11-07 22:57:10+00:00,123900,560,8052,963300,0.1375604692203882,2025-11-07,1
eboqodtt,2025-11-06 13:41:38+00:00,9401,62,1375,702200,0.0154343491882654,2025-11-06,1
mariavictoriatg,2024-12-26 18:59:36+00:00,572800,816,19100,6200000,0.0955993548387096,2024-12-26,1
kevingym27,2025-04-06 18:22:15+00:00,28100,171,909,417200,0.0699424736337488,2025-04-06,1
aliyseciana,2025-12-12 22:27:19+00:00,1504,19,12,19600,0.0783163265306122,2025-12-12,1
mike_thurston,2025-07-28 10:29:01+00:00,49600,319,3750,1600000,0.033543125,2025-07-28,1
fitxnesss,2025-12-09 08:10:32+00:00,756,11,55,9368,0.0877455166524338,2025-12-09,1
fitnessrex,2025-12-18 11:17:56+00:00,387,7,125,6343,0.0818224814756424,2025-12-18,1
mswellnesspro,2025-02-13 02:33:00+00:00,392200,550,56100,2100000,0.2137380952380952,2025-02-13,1
djthatabguy,2025-07-07 22:37:01+00:00,169900,1893,7942,1700000,0.1057264705882353,2025-07-07,1
trici_ann,2025-03-27 16:45:43+00:00,99800,412,1352,1100000,0.092330909090909,2025-03-27,1
imlovinggelle,2025-07-06 02:54:36+00:00,87000,506,1326,489200,0.1815862632869991,2025-07-06,1
___sheun__,2025-12-12 10:38:42+00:00,12200,160,347,93200,0.1363412017167382,2025-12-12,1
jaswinterr,2025-09-26 19:31:31+00:00,33600,109,706,199800,0.1722472472472472,2025-09-26,1
teilahtequila,2025-05-07 01:04:00+00:00,230800,640,5332,1100000,0.2152472727272727,2025-05-07,1
madiisawesomeeeee,2025-04-23 23:39:09+00:00,222200,220,1301,1500000,0.1491473333333333,2025-04-23,1
tenaliso,2025-09-07 14:39:38+00:00,243800,1245,5275,931900,0.2686125120721107,2025-09-07,1
gigrttyyuy,2025-08-09 18:33:40+00:00,376500,2970,3606,3800000,0.1008094736842105,2025-08-09,1
avasellee,2025-08-20 08:21:44+00:00,40200,391,965,345800,0.1201735106998264,2025-08-20,1
selfcarewluc,2025-11-17 19:41:36+00:00,266600,1640,3354,1800000,0.1508855555555555,2025-11-17,1
notlucascruz,2025-12-11 12:52:20+00:00,88900,419,4449,815800,0.1149399362588869,2025-12-11,1
bunnidollyy,2025-07-24 19:24:40+00:00,93300,4866,9877,487800,0.221490364903649,2025-07-24,1
lulltv,2025-04-06 05:08:58+00:00,1500000,4381,12700,9000000,0.1685645555555555,2025-04-06,1
hallesoswag,2025-04-03 17:18:46+00:00,25700,115,32,153500,0.1683843648208469,2025-04-03,1
ciaralillyyy,2025-03-03 00:37:26+00:00,107100,57,174,599900,0.1789148191365227,2025-03-03,1
godsbeloved__,2025-07-26 22:24:50+00:00,28000,639,1109,223700,0.1329816718819848,2025-07-26,1
isabell.afro,2024-10-22 14:14:07+00:00,3300000,7735,142100,23400000,0.1474288461538461,2024-10-22,1
kimberlykimpena,2025-09-14 22:46:34+00:00,13400000,34200,349700,144700000,0.0952584657912923,2025-09-14,1
styvelos,2025-09-16 17:00:00+00:00,1700000,5883,74700,16000000,0.1112864375,2025-09-16,1
twins.ma_mi,2025-12-26 23:10:46+00:00,47,1,7,308,0.1785714285714285,2025-12-26,1
dedanigi,2024-07-26 14:21:12+00:00,1900000,4012,34200,9900000,0.1957789898989899,2024-07-26,1
rulaempire,2025-08-09 16:42:55+00:00,1800000,14600,263500,10200000,0.203735294117647,2025-08-09,1
aep.giant,2025-01-21 10:30:00+00:00,6300000,48600,397600,71000000,0.0950169014084507,2025-01-21,1
ramonawa1dhart,2025-10-07 11:04:50+00:00,2000000,2298,29600,13800000,0.1472389855072463,2025-10-07,1
carlaseditsx,2024-04-24 19:04:00+00:00,2500000,4410,85000,17100000,0.1514274853801169,2024-04-24,1
bakhti.h1,2024-10-11 19:11:26+00:00,1700000,8236,67100,22800000,0.0778656140350877,2024-10-11,1
sr7_ae,2025-03-09 14:01:52+00:00,1600000,10700,88500,17500000,0.0970971428571428,2025-03-09,1
benzxma,2023-07-29 11:00:04+00:00,7300000,48100,397400,59600000,0.1299580536912751,2023-07-29,1
sleepy.ae1,2025-12-05 16:22:08+00:00,2800000,5302,197600,20100000,0.1493981094527363,2025-12-05,1
gabskssk,2024-04-07 06:47:00+00:00,2400000,13200,49100,43100000,0.0571299303944315,2024-04-07,1
celf.ae,2025-08-28 14:05:56+00:00,2200000,13000,50700,18900000,0.1197724867724867,2025-08-28,1
jessicaofutaste,2024-11-29 03:21:59+00:00,4400000,11700,327800,56200000,0.0843327402135231,2024-11-29,1
aaron.vankampen,2021-06-23 20:36:09+00:00,11300000,23300,42800,62700000,0.1812775119617224,2021-06-23,1
ashleytaylormaland,2023-01-22 21:00:26+00:00,3200000,39900,333800,22000000,0.162440909090909,2023-01-22,1
studytok_40,2024-10-30 23:06:06+00:00,14100,97,320,174200,0.0833352468427095,2024-10-30,1
aaliyahim,2025-04-29 16:26:28+00:00,333700,1768,6925,1800000,0.1902183333333333,2025-04-29,1
dianaglowingdiaries,2025-12-24 12:02:36+00:00,346,12,4,3805,0.0951379763469119,2025-12-24,1
freya.loren,2024-12-03 15:48:20+00:00,957000,1484,38200,9100000,0.1095257142857142,2024-12-03,1
maathulxn,2024-10-17 17:59:01+00:00,127700,505,3000,1700000,0.0771794117647058,2024-10-17,1
_sushizy,2025-02-07 16:26:47+00:00,343100,1251,7036,2300000,0.1527769565217391,2025-02-07,1
emmis_aesthetic_life,2025-01-19 19:46:27+00:00,264900,4945,4349,1000000,0.274194,2025-01-19,1
alisroutine.asmr,2024-04-22 12:55:19+00:00,194300,1215,1458,1600000,0.123108125,2024-04-22,1
afterlight.jp,2025-12-25 05:50:46+00:00,37500,971,1849,123000,0.3278048780487805,2025-12-25,1
barbarasereno,2025-02-17 18:51:17+00:00,10100,17,87,76900,0.1326918075422626,2025-02-17,1
boujeeebeee,2024-12-07 18:33:45+00:00,96200,264,2705,601000,0.1650066555740432,2024-12-07,1
freya.loren,2024-11-21 16:21:09+00:00,1500000,4678,36300,8700000,0.177123908045977,2024-11-21,1
vvrightzs,2025-07-11 16:10:18+00:00,5403,16,78,41300,0.1330992736077481,2025-07-11,1
shr7thi,2025-04-18 21:14:35+00:00,237000,30,7385,1600000,0.152759375,2025-04-18,1
clouddoris13,2024-09-16 09:24:49+00:00,186700,924,2474,1800000,0.10561,2024-09-16,1
freya.loren,2025-04-07 14:39:11+00:00,22100,54,238,225400,0.0993433895297249,2025-04-07,1
fczn8,2025-12-25 20:39:39+00:00,2110,15,50,16100,0.1350931677018633,2025-12-25,1
colettesdiaries,2025-12-22 01:08:31+00:00,41400,179,1493,195300,0.2205427547363031,2025-12-22,1
studyingnana,2025-08-07 22:01:38+00:00,228800,978,7450,1200000,0.19769,2025-08-07,1
whitecoat.coffee,2025-06-26 03:58:20+00:00,325000,1263,11100,2000000,0.1686815,2025-06-26,1
medwithmomin,2024-10-12 08:06:27+00:00,689000,2597,23600,4400000,0.1625447727272727,2024-10-12,1
briana.tokar,2025-06-20 15:35:04+00:00,1500000,2112,109300,8900000,0.1810575280898876,2025-06-20,1
rania_brj,2024-09-14 15:20:36+00:00,16500,65,358,75900,0.2229644268774703,2024-09-14,1
mg_byy,2024-08-25 08:58:24+00:00,62900,770,1053,260400,0.2485522273425499,2024-08-25,1
tiffanyywhitney,2025-12-24 19:29:56+00:00,41000,11,3375,151800,0.2923978919631093,2025-12-24,1
thisaccissecret67,2025-01-19 21:43:24+00:00,143000,1612,3415,781100,0.1895109461016515,2025-01-19,1
yourfavinfluu,2025-09-02 21:09:23+00:00,85900,28,3783,568300,0.1578585254267112,2025-09-02,1
r3m._x,2025-12-23 03:23:27+00:00,790,2,23,3943,0.2066954095866091,2025-12-23,1
alexarmstead,2025-05-30 00:08:58+00:00,27000,57,690,247600,0.1120638126009693,2025-05-30,1
emilie.studygram,2025-12-15 04:50:14+00:00,234900,283,19700,1300000,0.1960638461538461,2025-12-15,1
spencetiktoklegend,2024-04-10 04:13:03+00:00,163200,496,3238,1500000,0.1112893333333333,2024-04-10,1
ciaraoommen,2024-04-14 18:01:15+00:00,2700000,5453,53900,14800000,0.1864427702702702,2024-04-14,1
riyii_,2025-12-26 23:18:27+00:00,978,68,33,6283,0.1717332484481935,2025-12-26,1
jnglert,2024-09-12 19:01:11+00:00,164800,256,3502,1200000,0.140465,2024-09-12,1
fypfilmmovie,2025-12-08 02:41:14+00:00,83400,332,643,912600,0.0924556213017751,2025-12-08,1
ibathroomcamp,2025-11-24 00:05:46+00:00,2500000,2606,396800,14200000,0.2041835211267605,2025-11-24,1
jev.ffx,2023-07-13 16:21:46+00:00,2600000,7256,16700,21500000,0.122044465116279,2023-07-13,1
anaami.i,2025-12-26 23:01:05+00:00,72,0,2,418,0.1770334928229665,2025-12-26,1
stranger.chang,2025-11-18 14:37:04+00:00,4200000,19500,489100,17900000,0.2630502793296089,2025-11-18,1
reese_hatala,2025-12-26 23:12:10+00:00,78,3,0,466,0.1738197424892703,2025-12-26,1
maxul34,2025-12-26 22:54:57+00:00,991,22,74,7429,0.14631848162606,2025-12-26,1
callme_taleiya,2024-09-27 06:32:44+00:00,155500,2028,8462,721700,0.2299986143827075,2024-09-27,1
arrest_them_,2025-12-26 22:47:09+00:00,94,3,0,349,0.2779369627507163,2025-12-26,1
benjigreenn,2023-07-08 03:05:55+00:00,157200,1012,9395,1100000,0.15237,2023-07-08,1
s3u.ivy3,2025-12-26 22:51:21+00:00,124,4,0,416,0.3076923076923077,2025-12-26,1
talkativepwrs,2025-04-23 14:37:36+00:00,149000,1670,14300,675500,0.2442190969652109,2025-04-23,1
rainynightsin,2025-12-26 22:46:46+00:00,155,2,5,927,0.174757281553398,2025-12-26,1
fsffilms,2025-12-26 22:49:43+00:00,68,2,3,434,0.1682027649769585,2025-12-26,1
isbledits,2025-01-25 18:33:30+00:00,2600000,5972,83300,22800000,0.1179505263157894,2025-01-25,1
caioronaldo7_,2022-11-26 16:04:40+00:00,2600000,9980,75300,16400000,0.1637365853658536,2022-11-26,1
cauan.wilhelm,2025-12-26 23:09:47+00:00,163,10,1,740,0.2351351351351351,2025-12-26,1
jul.1aaxx,2025-12-26 23:06:16+00:00,76,1,0,460,0.1673913043478261,2025-12-26,1
amiraaus.01,2024-03-22 18:48:10+00:00,20500,99,338,115500,0.1812727272727272,2024-03-22,1
jxnx0106,2022-12-20 16:48:50+00:00,5219,86,87,42400,0.1271698113207547,2022-12-20,1
gld_anni,2025-06-11 21:26:45+00:00,13600,40,805,230100,0.0627770534550195,2025-06-11,1
takishi_memes_67,2025-10-06 15:52:30+00:00,14300,689,36700,1300000,0.0397607692307692,2025-10-06,1
wejden40,2025-08-23 14:59:52+00:00,3677,17,229,121100,0.0323947151114781,2025-08-23,1
szkdlauraaa,2025-10-12 20:32:17+00:00,9608,271,1776,955500,0.0121978021978021,2025-10-12,1
ttlegirlz73,2025-10-10 16:30:41+00:00,747,13,44,37900,0.0212137203166226,2025-10-10,1
alinaa.rfyc,2025-02-25 06:36:29+00:00,6432,117,298,65000,0.1053384615384615,2025-02-25,1
fransrantanen,2025-09-21 11:05:09+00:00,58300,184,7611,2300000,0.0287369565217391,2025-09-21,1
ooooobnejnx,2025-07-27 07:09:17+00:00,671,52,77,171800,0.0046565774155995,2025-07-27,1
callmebelly666,2025-11-12 11:58:35+00:00,7700,81,1105,258200,0.0344151820294345,2025-11-12,1
marcel.hna,2025-12-17 16:31:53+00:00,52,2,1,1367,0.0402340892465252,2025-12-17,1
_ana17mariaa_,2025-07-19 11:53:29+00:00,70000,0,11700,578700,0.1411785035424226,2025-07-19,1
karolinevollstad,2025-12-25 16:54:28+00:00,18200,68,488,64700,0.2898918083462133,2025-12-25,1
studylabz,2025-11-27 19:39:02+00:00,191400,531,7475,867500,0.2298628242074928,2025-11-27,1
willowpickle444,2025-12-02 02:59:46+00:00,11900,41,194,49700,0.2441649899396378,2025-12-02,1
aishazakhoo,2025-12-20 16:12:38+00:00,4274,400,335,267500,0.0187252336448598,2025-12-20,1
dr_rezi,2025-08-16 17:18:36+00:00,6076,224,147,462800,0.0139304235090751,2025-08-16,1
tiantian9903,2025-07-09 08:06:39+00:00,1894,101,33,61100,0.0331914893617021,2025-07-09,1
rizwanalam5000,2020-06-30 03:07:34+00:00,292,120,23,31300,0.0138977635782747,2020-06-30,1
celinamehak,2025-11-02 02:24:17+00:00,2501,235,60,296700,0.0094236602628918,2025-11-02,1
ssddjhejeau,2025-09-30 09:58:20+00:00,1411,43,44,34800,0.0430459770114942,2025-09-30,1
faisalgurmani00786,2025-06-18 05:40:15+00:00,451,63,6,45100,0.0115299334811529,2025-06-18,1
koooa389,2025-04-27 07:40:56+00:00,54600,2925,3936,3900000,0.0157592307692307,2025-04-27,1
oops.vika,2025-07-04 21:10:19+00:00,1753,157,120,202900,0.0100049285362247,2025-07-04,1
grivinaa,2025-09-17 02:01:15+00:00,427,37,8,15600,0.0302564102564102,2025-09-17,1
bibilian89,2025-10-06 12:22:13+00:00,1041,58,18,102800,0.0108657587548638,2025-10-06,1
franciscojekson84,2025-09-21 21:10:19+00:00,58600,698,8492,3800000,0.0178394736842105,2025-09-21,1
themelcshow,2025-10-25 16:37:50+00:00,98,9,15,8385,0.0145497912939773,2025-10-25,1
tk080601dke,2025-09-13 14:41:37+00:00,77,6,5,40400,0.0021782178217821,2025-09-13,1
ucup_daffarm,2025-03-12 12:07:50+00:00,18500,1910,1417,2400000,0.0090945833333333,2025-03-12,1
respectarmy7,2025-11-17 16:36:56+00:00,5597,302,643,375200,0.0174360341151385,2025-11-17,1
kittyandkakai,2025-08-03 08:29:22+00:00,53700,1290,1286,2200000,0.02558,2025-08-03,1
funnyeonis,2025-11-17 09:39:59+00:00,903,54,35,188700,0.0052570217276099,2025-11-17,1
cutebaby88244,2025-08-25 10:05:03+00:00,452,112,8,105200,0.0054372623574144,2025-08-25,1
gomdoday,2025-11-10 00:20:42+00:00,283,19,14,15500,0.0203870967741935,2025-11-10,1
reflection.crew,2025-10-25 16:39:57+00:00,32900,149,2354,2400000,0.01475125,2025-10-25,1
klea.delf,2025-11-08 16:59:09+00:00,242,19,13,20600,0.0133009708737864,2025-11-08,1
lastnightsrain,2025-12-18 15:02:12+00:00,33800,100,989,118100,0.2954191363251481,2025-12-18,1
babydollay7,2025-12-25 23:33:01+00:00,8303,74,115,25300,0.3356521739130435,2025-12-25,1
samihatx,2025-12-17 19:42:32+00:00,21200,45,459,105400,0.2059203036053131,2025-12-17,1
cm2.ofc,2025-12-26 23:14:52+00:00,21,0,0,610,0.0344262295081967,2025-12-26,1
gabriella.serafini,2024-03-24 17:28:57+00:00,4900000,22200,371200,31400000,0.1685796178343949,2024-03-24,1
eliemagic,2025-03-28 17:51:44+00:00,51300,223,575,572800,0.0909532122905028,2025-03-28,1
waybackhouse,2021-08-24 16:33:13+00:00,5900000,53900,21100,32200000,0.1855590062111801,2021-08-24,1
labebaviraloficial,2025-12-26 22:31:07+00:00,21,4,1,477,0.0545073375262054,2025-12-26,1
y3d1dya,2025-06-26 16:34:13+00:00,203600,1370,5587,830500,0.253530403371463,2025-06-26,1
prettyhair,2023-06-17 03:38:52+00:00,1400000,4067,68700,20300000,0.0725500985221674,2023-06-17,1
alainaxedits_0xr,2025-12-26 22:39:48+00:00,40,12,46,254,0.3858267716535433,2025-12-26,1
vviral24,2025-02-19 01:00:00+00:00,747,31,36,73400,0.0110899182561307,2025-02-19,1
respect.root,2023-04-09 13:43:57+00:00,154500,875,4755,10000000,0.016013,2023-04-09,1
dulcemar1988,2025-12-26 22:40:02+00:00,94,6,1,556,0.1816546762589928,2025-12-26,1
vviral24,2025-02-15 01:00:00+00:00,4540,266,362,298000,0.0173422818791946,2025-02-15,1
its_nessa_j,2025-12-26 22:25:09+00:00,5,0,0,38,0.131578947368421,2025-12-26,1
fyp,2024-10-07 15:33:00+00:00,143200,639,1534,1500000,0.0969153333333333,2024-10-07,1
ilya.roney,2025-10-31 04:38:32+00:00,138600,625,2761,6500000,0.021844,2025-10-31,1
maks.chernovv,2025-10-13 19:03:04+00:00,509400,5072,17700,8300000,0.0641171084337349,2025-10-13,1
husanfarast.091,2025-06-17 19:03:40+00:00,80100,3186,4302,1800000,0.04866,2025-06-17,1
allissonmia_coronadoo,2025-08-11 22:52:52+00:00,163600,1449,3597,1700000,0.0992035294117647,2025-08-11,1
lynn.juna,2025-12-22 19:59:47+00:00,19600,50,165,99700,0.1987462387161484,2025-12-22,1
doctorsofia61,2025-05-20 03:18:43+00:00,30100,1139,4800,4400000,0.0081906818181818,2025-05-20,1
urfav.tines,2025-12-24 16:09:39+00:00,5978,88,310,35000,0.1821714285714285,2025-12-24,1
eiriniosmnl,2024-11-03 15:31:04+00:00,2756,48,109,27000,0.1078888888888889,2024-11-03,1
amiah.lucas,2025-10-31 04:39:22+00:00,912,20,20,167000,0.0057005988023952,2025-10-31,1
ilya.roney,2025-10-16 08:40:44+00:00,10200,88,191,810000,0.012937037037037,2025-10-16,1
vale.hauser,2024-08-20 17:22:14+00:00,114000,192,2350,971700,0.1199361942986518,2024-08-20,1
dlilmur,2025-08-24 11:01:50+00:00,2000000,9687,160600,24100000,0.0900534024896265,2025-08-24,1
goxxzhu,2025-12-21 20:36:46+00:00,597,10,99,39500,0.0178734177215189,2025-12-21,1
eemlyy,2025-11-30 20:21:30+00:00,7670,34,110,39100,0.199846547314578,2025-11-30,1
asdezaa,2025-12-11 22:45:08+00:00,26600,291,703,109100,0.2529239230064161,2025-12-11,1
fritzfitness2,2025-10-23 09:29:31+00:00,566300,5796,84700,18100000,0.0362870718232044,2025-10-23,1
gymfts,2025-12-25 19:16:39+00:00,2669,4,557,108300,0.0298245614035087,2025-12-25,1
recfit,2025-11-08 21:03:01+00:00,5292,28,383,131400,0.0434018264840182,2025-11-08,1
gymfts,2025-12-26 14:43:45+00:00,794,4,177,26400,0.0369318181818181,2025-12-26,1
recfit,2025-02-05 14:05:00+00:00,44400,168,566,1300000,0.0347184615384615,2025-02-05,1
fritzfitness2,2025-05-29 21:44:43+00:00,871600,2709,79100,23300000,0.0409188412017167,2025-05-29,1
jo.annefit,2025-07-29 17:37:59+00:00,325900,1917,1203,4100000,0.0802487804878048,2025-07-29,1
fityassa,2023-05-03 00:23:15+00:00,656800,2955,21100,6700000,0.1016201492537313,2023-05-03,1
fitnessgirl788,2023-11-06 09:47:49+00:00,100100,298,12600,4200000,0.0269042857142857,2023-11-06,1
fitnessgirl788,2025-08-11 16:02:07+00:00,722200,11900,96700,21300000,0.0390046948356807,2025-08-11,1
fitnessgirl788,2024-04-19 15:41:23+00:00,394700,1973,31900,9400000,0.0455928723404255,2024-04-19,1
peteybweightloss,2024-02-02 01:45:58+00:00,641800,16700,83000,15000000,0.0494333333333333,2024-02-02,1
emily.fit32,2025-12-26 13:57:19+00:00,16,0,0,469,0.0341151385927505,2025-12-26,1
minimalvibes1,2025-02-12 17:48:08+00:00,55,3,0,491,0.1181262729124236,2025-02-12,1
relaxedfitness,2023-08-16 02:41:26+00:00,250900,653,44100,13800000,0.0214241304347826,2023-08-16,1
fritzfitness2,2025-06-05 20:27:51+00:00,2700000,24800,282300,48100000,0.0625176715176715,2025-06-05,1
imarfit,2025-02-18 17:12:02+00:00,371400,1686,16300,4700000,0.0828480851063829,2025-02-18,1
dollface.millie,2025-12-26 15:23:34+00:00,335,29,0,3719,0.0978757730572734,2025-12-26,1
iamquettab,2025-12-26 17:52:11+00:00,31,11,0,245,0.1714285714285714,2025-12-26,1
cuteandfit,2025-12-26 21:23:23+00:00,55,2,1,349,0.166189111747851,2025-12-26,1
alicheeser,2024-12-20 22:44:10+00:00,1900000,4102,26300,21600000,0.0893704629629629,2024-12-20,1
brenotbri_,2024-06-29 00:58:37+00:00,21500,123,350,287400,0.0764544189283229,2024-06-29,1
gym.jester,2025-10-19 06:46:39+00:00,24,0,1,429,0.0582750582750582,2025-10-19,1
motivatedmindstate,2023-03-25 02:05:45+00:00,106500,882,12600,1300000,0.0922938461538461,2023-03-25,1
pushupman405,2025-12-26 22:23:49+00:00,91,5,4,1278,0.0782472613458529,2025-12-26,1
italianfashiongirl,2024-06-15 17:51:02+00:00,2500000,21600,120600,29700000,0.0889629629629629,2024-06-15,1
waus.purd,2023-07-03 17:13:14+00:00,252100,623,3132,1500000,0.17057,2023-07-03,1
danbenches,2025-12-26 23:01:48+00:00,99,4,2,776,0.1353092783505154,2025-12-26,1
study.__.tok,2024-10-03 14:29:19+00:00,458100,5110,11500,1700000,0.2792411764705882,2024-10-03,1
.victorias.notes,2025-09-23 20:27:29+00:00,743300,1644,30800,4100000,0.1892058536585366,2025-09-23,1
caramel.studyy,2025-08-02 14:00:08+00:00,51500,2173,2073,208400,0.2674952015355086,2025-08-02,1
academichelp.eu,2025-12-22 15:57:48+00:00,5129,54,99,24000,0.2200833333333333,2025-12-22,1
aaliyahim,2024-11-04 23:51:04+00:00,400500,2668,38100,2000000,0.220634,2024-11-04,1
calus.0,2025-10-11 11:36:03+00:00,214200,938,5034,1200000,0.1834766666666666,2025-10-11,1
caramel.studyy,2025-12-25 14:00:20+00:00,2066,49,35,13800,0.1557971014492753,2025-12-25,1
notedandneat,2025-07-24 07:32:00+00:00,49800,174,1288,165200,0.3103026634382566,2025-07-24,1
user0605772522165,2025-12-16 17:57:01+00:00,14700,135,247,63300,0.2382622432859399,2025-12-16,1
notedandneat,2025-07-02 04:58:08+00:00,281700,1280,8844,1100000,0.2652945454545454,2025-07-02,1
user0605772522165,2025-12-22 23:33:45+00:00,15400,131,423,64400,0.2477329192546583,2025-12-22,1
jen1av1a1,2025-10-14 13:15:38+00:00,56300,281,1424,269800,0.2149925871015567,2025-10-14,1
fczn8,2025-12-26 08:04:44+00:00,4471,73,94,32800,0.1414024390243902,2025-12-26,1
studywjul,2025-05-14 12:06:52+00:00,403800,941,10600,2000000,0.2076705,2025-05-14,1
make_it.happen8,2025-12-01 20:37:40+00:00,102700,286,2733,535200,0.1975317638266068,2025-12-01,1
xuexi69,2025-09-13 04:46:21+00:00,131200,992,3564,595200,0.2280846774193548,2025-09-13,1
uwawa_08,2025-08-29 18:22:13+00:00,58000,540,2147,248800,0.243918810289389,2025-08-29,1
jen1av1a1,2025-10-04 09:21:40+00:00,159400,539,4447,621300,0.2645839369064864,2025-10-04,1
alevelstudent27,2025-11-24 13:11:45+00:00,27700,248,800,105500,0.2724928909952606,2025-11-24,1
ttalgi.uwu,2025-08-01 13:37:04+00:00,97500,740,2763,470800,0.2145348343245539,2025-08-01,1
iljw0n,2025-09-10 11:02:11+00:00,15900,888,507,130600,0.132427258805513,2025-09-10,1
bandoodlesaur,2025-09-30 02:20:25+00:00,81200,309,1257,349800,0.236609491137793,2025-09-30,1
boardsbylana,2025-12-16 20:38:22+00:00,42300,67,897,153100,0.2825865447419987,2025-12-16,1
xxxmary.0,2025-12-12 09:32:12+00:00,31200,666,1000,129800,0.2532049306625578,2025-12-12,1
atkhawla_attni,2025-02-05 21:28:10+00:00,202400,1172,3777,1300000,0.1594992307692307,2025-02-05,1
suisen_nn,2025-08-21 00:48:04+00:00,87900,690,2059,361800,0.2505500276395799,2025-08-21,1
m1ntti3,2025-12-14 18:53:44+00:00,397800,11000,65300,1800000,0.2633888888888889,2025-12-14,1
cerulean.naa,2025-12-20 14:00:32+00:00,2453,30,54,15700,0.1615923566878981,2025-12-20,1
ur.litoyks,2025-04-28 13:46:56+00:00,924,77,22,185200,0.005523758099352,2025-04-28,1
meydizuuayu,2025-06-15 13:01:18+00:00,450,5,3,74400,0.0061559139784946,2025-06-15,1
kiefertanya,2025-12-07 09:26:38+00:00,169,19,51,57700,0.0041421143847487,2025-12-07,1
x7wqsfkla,2023-09-04 06:58:13+00:00,113,3,0,37300,0.0031099195710455,2023-09-04,1
omorinso1a,2025-12-17 20:49:12+00:00,519500,403,19500,2100000,0.2568585714285714,2025-12-17,1
_vasilikis.diary_,2024-05-31 09:24:07+00:00,502800,5050,12100,5100000,0.1019509803921568,2024-05-31,1
2500ggdb,2025-12-24 03:21:30+00:00,3939,10,80,13900,0.2898561151079136,2025-12-24,1
silly_lettuce,2025-01-26 13:07:08+00:00,218900,436,2256,2000000,0.110796,2025-01-26,1
vanessa.kla,2025-07-30 14:46:04+00:00,424500,1274,24300,5200000,0.0865526923076923,2025-07-30,1
fshi0n2,2025-05-09 01:56:09+00:00,855,4,17,20400,0.0429411764705882,2025-05-09,1
apluslisa,2025-12-19 23:15:30+00:00,62000,238,2975,388800,0.1677289094650206,2025-12-19,1
itseyalla,2025-02-10 16:25:02+00:00,30800,124,473,260400,0.1205721966205837,2025-02-10,1
sabspreppys,2024-05-28 17:49:32+00:00,57600,697,804,774300,0.0763282965258943,2024-05-28,1
belle4lv,2025-10-19 21:54:27+00:00,161600,307,6311,898500,0.1872209237618252,2025-10-19,1
defyourlove,2023-09-25 15:16:56+00:00,88400,550,1242,1200000,0.07516,2023-09-25,1
aleksandrahoeye,2025-11-17 23:24:40+00:00,108500,145,1507,482600,0.2282469954413593,2025-11-17,1
erickamartinee,2025-01-07 04:13:52+00:00,572200,2305,36400,4300000,0.1420709302325581,2025-01-07,1
djthatabguy,2025-02-01 16:04:52+00:00,336600,2273,43000,6000000,0.0636455,2025-02-01,1
cinarminarmk,2025-03-08 17:46:07+00:00,24800,94,862,187300,0.1375120128136679,2025-03-08,1
balto005,2023-08-03 15:47:57+00:00,366800,541,21800,3900000,0.0997797435897435,2023-08-03,1
viragadam_,2025-01-18 23:51:52+00:00,232200,1024,74800,2100000,0.1466780952380952,2025-01-18,1
trenborina,2025-10-21 14:50:06+00:00,68700,430,2464,787500,0.0909130158730158,2025-10-21,1
fitnessninja2025,2025-11-26 17:03:07+00:00,5157,30,1772,225700,0.0308329641116526,2025-11-26,1
crossfitcenter,2025-06-25 04:01:46+00:00,78600,925,4139,1200000,0.06972,2025-06-25,1
lyndonph,2023-07-23 11:36:14+00:00,175600,350,11800,2600000,0.0722115384615384,2023-07-23,1
gymxlean,2025-06-21 15:50:15+00:00,523400,3013,50000,4500000,0.1280917777777777,2025-06-21,1
cinarminarmk,2024-11-30 17:44:51+00:00,807100,8549,155900,5200000,0.1868363461538461,2024-11-30,1
gymxlean,2025-10-23 06:33:00+00:00,407300,1773,36900,3400000,0.1311685294117647,2025-10-23,1
workouts_zone,2025-05-02 17:22:17+00:00,11500,200,5038,723100,0.0231475591204536,2025-05-02,1
eboqodtt,2025-11-08 15:14:17+00:00,546,16,76,33500,0.0190447761194029,2025-11-08,1
recfit,2024-10-25 20:13:07+00:00,33500,448,1599,1300000,0.0273438461538461,2024-10-25,1
wickpie,2025-02-08 10:39:02+00:00,12600,81,449,286400,0.0458449720670391,2025-02-08,1
meyouuuno,2025-11-24 13:47:11+00:00,1977,22,46,30000,0.0681666666666666,2025-11-24,1
recfit,2024-10-04 15:57:28+00:00,28900,414,1580,1100000,0.0280854545454545,2024-10-04,1
priyanka_fitness4,2023-05-08 08:15:46+00:00,171600,1091,4035,3900000,0.0453143589743589,2023-05-08,1
mau.barajaz,2025-07-09 19:31:35+00:00,3330,89,259,101900,0.0360942100098135,2025-07-09,1
rochet18,2025-07-30 10:27:19+00:00,58000,1025,4527,961200,0.0661173533083645,2025-07-30,1
yanmihy,2023-08-12 01:32:30+00:00,851,23,106,50300,0.0194831013916501,2023-08-12,1
fitness_world_gym,2025-03-06 14:14:02+00:00,7357,220,244,133000,0.0588045112781954,2025-03-06,1
buca.nicoleta,2023-10-27 16:22:55+00:00,276,2,0,996,0.2791164658634538,2023-10-27,1
musclesworld.mw,2025-06-03 02:30:42+00:00,220,21,16,11000,0.0233636363636363,2025-06-03,1
salenalorelle,2025-08-21 16:42:58+00:00,64,4,0,877,0.0775370581527936,2025-08-21,1
viralsvideo2025,2025-11-17 14:25:40+00:00,232200,10700,74200,8600000,0.0368720930232558,2025-11-17,1
ni8naa_,2025-06-26 23:42:08+00:00,12000,154,443,163400,0.0770930232558139,2025-06-26,1
lia82140,2025-01-15 07:16:14+00:00,539,34,180,57500,0.013095652173913,2025-01-15,1
funnyvideos0320,2025-10-04 11:07:04+00:00,2072,216,128,440400,0.0054859218891916,2025-10-04,1
uckylqfb,2025-12-05 03:02:28+00:00,2594,176,1059,380900,0.0100525072197427,2025-12-05,1
el.seor.2,2025-09-06 14:41:00+00:00,573,71,291,248600,0.0037610619469026,2025-09-06,1
that_lifter_guy92,2025-12-26 19:03:23+00:00,6,4,0,155,0.064516129032258,2025-12-26,1
theanafits,2025-09-30 18:37:32+00:00,315200,827,38200,1900000,0.1864352631578947,2025-09-30,1
coachbluegym,2025-09-17 06:31:13+00:00,464900,3844,25600,16000000,0.0308965,2025-09-17,1
brianna.sh,2025-08-28 20:54:58+00:00,502700,4431,14900,2600000,0.2007811538461538,2025-08-28,1
fitnessgirl788,2024-08-08 14:34:45+00:00,26200,217,3434,1100000,0.0271372727272727,2024-08-08,1
gainsformen,2025-04-12 22:49:46+00:00,411100,883,14500,8600000,0.0495910465116279,2025-04-12,1
fitfixyt,2023-05-14 21:03:44+00:00,954600,4148,13700,7000000,0.1389211428571428,2023-05-14,1
calestinics0,2025-06-21 05:11:59+00:00,2500000,18400,60900,125800000,0.0205031796502384,2025-06-21,1
bsmoothe00,2025-12-26 23:06:13+00:00,24,0,0,292,0.0821917808219178,2025-12-26,1
lorrayneoliveiraofc,2025-12-26 22:31:31+00:00,1287,72,4,7550,0.1805298013245033,2025-12-26,1
salomeandreaa,2024-05-09 21:46:30+00:00,426300,576,6824,4200000,0.1032619047619047,2024-05-09,1
leanortizz,2024-09-03 20:40:32+00:00,167100,140,1221,1300000,0.1295853846153846,2024-09-03,1
k.arin.a_h,2025-12-26 22:55:21+00:00,21,3,0,138,0.1739130434782608,2025-12-26,1
gld_anni,2025-12-19 20:09:20+00:00,11200,33,597,128700,0.0919191919191919,2025-12-19,1
gld_anni,2025-07-12 21:33:04+00:00,75900,188,3798,843500,0.0947077652637818,2025-07-12,1
jellinawlke,2025-12-20 15:22:18+00:00,282,22,5,3031,0.1019465522929726,2025-12-20,1
ricemunchur,2025-07-18 01:53:06+00:00,24800,608,953,217800,0.1210330578512396,2025-07-18,1
meleleluv,2025-07-18 14:06:08+00:00,270600,2357,5883,1300000,0.2144923076923077,2025-07-18,1
tenaliso,2025-09-15 14:44:51+00:00,77900,332,1070,275400,0.2879520697167756,2025-09-15,1
soleilssofiaa,2025-11-04 18:15:56+00:00,11600,77,191,65900,0.1800910470409711,2025-11-04,1
kukkitoharu,2025-11-11 07:17:52+00:00,282200,1411,11500,1100000,0.2682827272727273,2025-11-11,1
diaryoflov3,2025-10-21 20:50:02+00:00,100200,423,1765,546500,0.187352241537054,2025-10-21,1
jaeinpink,2025-06-16 18:53:21+00:00,107600,925,4209,602200,0.1872035868482232,2025-06-16,1
lalunafleurs,2025-10-30 14:53:47+00:00,154000,807,3653,709600,0.2233089064261555,2025-10-30,1
user82736538398243,2025-11-24 22:38:23+00:00,7023,34,144,43500,0.1655402298850574,2025-11-24,1
mishtuo,2025-07-30 14:13:38+00:00,73800,417,2005,252300,0.3021086008719778,2025-07-30,1
erinekilmurray,2025-08-12 01:43:27+00:00,147300,378,1324,2100000,0.0709533333333333,2025-08-12,1
.akvlogss,2025-04-20 20:49:37+00:00,476500,9442,8566,2500000,0.1978032,2025-04-20,1
r.rxyalty,2025-08-31 17:49:21+00:00,74300,213,952,450300,0.1675882744836775,2025-08-31,1
chriswilson,2025-08-15 17:49:51+00:00,284,7,2,9572,0.0306101128290848,2025-08-15,1
journaljunky,2025-06-10 21:25:09+00:00,322500,3166,6860,1400000,0.2375185714285714,2025-06-10,1
francesca.roz,2025-09-28 21:31:39+00:00,330200,809,7914,1400000,0.2420878571428571,2025-09-28,1
perttymariam9,2025-11-25 05:37:10+00:00,48400,105,1881,307700,0.163750406239844,2025-11-25,1
study_forlive,2025-11-17 06:01:03+00:00,45900,50,1079,289500,0.1624490500863558,2025-11-17,1
emmis_aesthetic_life,2024-09-12 17:46:27+00:00,573300,4179,12700,3300000,0.1788421212121212,2024-09-12,1
caramel.studyy,2025-04-12 11:39:31+00:00,75500,272,38300,158800,0.7183375314861461,2025-04-12,1
eemlyy,2025-11-21 19:56:04+00:00,116100,232,3109,594300,0.2009776207302709,2025-11-21,1
ash_ashdo,2025-10-24 06:40:56+00:00,396400,1350,13400,2700000,0.1522777777777778,2025-10-24,1
oldkpopculardan,2025-11-24 14:28:01+00:00,179400,1040,5202,904400,0.2052653693056169,2025-11-24,1
theexamplanner,2024-08-12 23:26:52+00:00,498100,2396,31900,4800000,0.1109158333333333,2024-08-12,1
mayaneagle,2025-06-22 06:27:57+00:00,147900,473,2860,917700,0.1647956848643347,2025-06-22,1
madyriver,2025-06-11 03:27:01+00:00,213900,1009,3910,1100000,0.1989263636363636,2025-06-11,1
studywnivi,2024-12-27 01:29:33+00:00,235400,1750,22200,1400000,0.18525,2024-12-27,1
nishu.259,2025-11-19 11:27:52+00:00,4070,302,1408,456000,0.0126754385964912,2025-11-19,1
ai.videos7936,2025-12-09 11:06:23+00:00,204,4,56,18900,0.0139682539682539,2025-12-09,1
mriceofficial,2025-07-14 22:59:45+00:00,1155,138,123,188100,0.0075279106858054,2025-07-14,1
yerielandhailey,2025-09-06 19:46:16+00:00,1455,47,165,108100,0.0154209065679925,2025-09-06,1
denzy.999,2025-07-15 17:16:29+00:00,1198,44,58,206500,0.0062953995157384,2025-07-15,1
tatakrub8,2025-08-17 02:56:00+00:00,296,36,7,15800,0.0214556962025316,2025-08-17,1
grewged22,2022-12-01 14:37:48+00:00,1538,51,80,155300,0.0107469414037347,2022-12-01,1
hanspablio3,2025-11-08 04:59:40+00:00,10500,155,275,375300,0.0291233679722888,2025-11-08,1
ryan_edits46,2025-07-18 03:34:39+00:00,1965,82,43,85900,0.0243306169965075,2025-07-18,1
mykids3torun2,2023-11-02 18:39:05+00:00,2166,182,246,490100,0.0052927973882881,2023-11-02,1
dennysumargoreal,2025-02-13 11:07:28+00:00,195500,6527,3939,11100000,0.0185554954954954,2025-02-13,1
lunabaeb,2022-12-19 15:00:31+00:00,319,4,10,52400,0.006354961832061,2022-12-19,1
mariena_mg,2025-05-06 20:12:25+00:00,428200,0,445800,16700000,0.0523353293413173,2025-05-06,1
rabia77000,2025-10-30 23:43:20+00:00,1138,74,86,169300,0.007666863555818,2025-10-30,1
ai_animals_811,2025-11-01 12:36:05+00:00,6283,59,212,1700000,0.003855294117647,2025-11-01,1
medz071490,2025-10-20 11:47:24+00:00,203,16,37,38100,0.0067191601049868,2025-10-20,1
ideas_time,2022-12-01 13:55:17+00:00,1407,0,209,248800,0.0064951768488745,2022-12-01,1
pet_animals00,2025-07-22 02:12:28+00:00,4540,497,414,804800,0.0067731113320079,2025-07-22,1
adrianolemosof,2025-11-28 13:00:10+00:00,337,22,100,52600,0.0087262357414448,2025-11-28,1
forfunforfashion,2025-04-21 00:00:00+00:00,608,28,42,97900,0.0069254341164453,2025-04-21,1
loveanimals087,2023-05-30 20:07:44+00:00,305,18,53,90000,0.0041777777777777,2023-05-30,1
s0cs0,2024-05-05 06:59:51+00:00,2983,23,11,165700,0.018207604103802,2024-05-05,1
miicaela.ayelen95,2025-07-03 23:14:33+00:00,473,79,25,122700,0.0047025264873675,2025-07-03,1
7777777linda,2025-08-16 12:01:34+00:00,590,64,29,61200,0.0111601307189542,2025-08-16,1
helosa7404,2025-09-07 08:00:00+00:00,820,7,23,24600,0.0345528455284552,2025-09-07,1
yomarytv,2025-07-27 23:00:06+00:00,1101,113,64,166800,0.0076618705035971,2025-07-27,1
bera.smith,2025-01-03 05:40:20+00:00,2559,127,99,259500,0.0107321772639691,2025-01-03,1
boo_boo845,2025-09-10 16:48:18+00:00,2000,303,494,349000,0.0080143266475644,2025-09-10,1
clean_master18,2025-03-31 21:39:34+00:00,290,12,15,107000,0.0029626168224299,2025-03-31,1
catapttwo,2025-12-20 05:49:27+00:00,264,75,134,6987,0.0676971518534421,2025-12-20,1
baby_baby_cilik,2025-11-29 16:18:18+00:00,76,8,2,13000,0.0066153846153846,2025-11-29,1
jms.lynn,2025-12-18 03:02:31+00:00,331,4,7,18300,0.0186885245901639,2025-12-18,1
juanbernardonieto24,2025-08-16 21:17:23+00:00,400,6,18,62800,0.0067515923566878,2025-08-16,1
cynnic1,2025-06-08 11:01:49+00:00,713,46,64,78100,0.0105377720870678,2025-06-08,1
user4636827716841,2023-10-14 09:31:16+00:00,12000,1242,652,1900000,0.0073126315789473,2023-10-14,1
utikkecil,2025-06-16 07:11:12+00:00,152,3,4,19700,0.0080710659898477,2025-06-16,1
ansel.ryder,2025-08-07 10:51:10+00:00,1605,892,103,76400,0.0340314136125654,2025-08-07,1
jieralyn.sanchez,2025-10-24 11:05:10+00:00,490,39,19,97500,0.0056205128205128,2025-10-24,1
migne_00,2023-01-02 14:39:49+00:00,1126,81,65,108400,0.0117343173431734,2023-01-02,1
zhaoyueqing245,2025-08-30 14:18:58+00:00,473,22,6,16900,0.0296449704142011,2025-08-30,1
jehanness,2025-09-04 13:42:58+00:00,128,12,3,16000,0.0089375,2025-09-04,1
haipimtvtc0,2024-03-27 15:18:59+00:00,18,0,2,1790,0.0111731843575419,2024-03-27,1
tk.3379,2025-04-03 13:22:06+00:00,4918,82,158,616100,0.0083720175296218,2025-04-03,1
marbella_lara.r,2023-01-01 23:56:49+00:00,10400,188,58,136000,0.0782794117647058,2023-01-01,1
funnytime727,2025-12-10 08:57:10+00:00,1984,156,120,67700,0.0333825701624815,2025-12-10,1
marlalaxx,2024-09-08 03:12:40+00:00,1270,46,46,132400,0.0102870090634441,2024-09-08,1
missmayann03,2025-08-21 12:53:41+00:00,214,58,20,46700,0.0062526766595289,2025-08-21,1
lvrheartchew,2025-11-17 00:35:53+00:00,19500,340,599,92300,0.2214409534127843,2025-11-17,1
jacieeec,2024-11-02 03:28:23+00:00,39300,419,3344,1200000,0.0358858333333333,2024-11-02,1
mister_am1,2024-12-21 19:09:53+00:00,8224,273,2543,885000,0.0124745762711864,2024-12-21,1
official.babies.c,2025-05-03 20:37:53+00:00,757,55,30,139400,0.0060401721664275,2025-05-03,1
khnim.khnim,2025-11-04 09:01:57+00:00,689,40,17,43800,0.0170319634703196,2025-11-04,1
grallucas019,2025-10-30 23:37:14+00:00,168,19,19,46700,0.0044111349036402,2025-10-30,1
migne_00,2022-07-31 01:20:00+00:00,434,3,13,20200,0.0222772277227722,2022-07-31,1
i_u287,2025-12-05 11:14:21+00:00,509,84,16,38700,0.0157364341085271,2025-12-05,1
syad_axh,2025-10-14 13:58:34+00:00,8399,100,355,1000000,0.008854,2025-10-14,1
juan.jr.oficial0,2025-11-19 04:14:34+00:00,6420,1070,879,722000,0.0115914127423822,2025-11-19,1
scientmmh3m,2023-10-10 19:43:55+00:00,1737,334,533,423800,0.0061444077394997,2023-10-10,1
ig_jaq_quino,2025-09-07 12:15:56+00:00,5694,203,196,453300,0.0134414295168762,2025-09-07,1
marayavillareal,2025-04-12 09:03:14+00:00,565,30,25,31800,0.0194968553459119,2025-04-12,1
tiktok,2025-01-17 17:27:47+00:00,15900000,373200,1300000,161000000,0.1091503105590062,2025-01-17,1
jules.c33,2022-11-30 20:31:39+00:00,63,2,1,11400,0.0057894736842105,2022-11-30,1
kana35516,2025-11-22 10:02:54+00:00,6,0,0,1833,0.0032733224222585,2025-11-22,1
mesolania0,2025-12-18 06:43:40+00:00,12,5,1,1992,0.0090361445783132,2025-12-18,1
onlly.you77,2025-12-24 06:24:02+00:00,9,1,0,620,0.0161290322580645,2025-12-24,1
jawad140599,2025-12-26 17:04:53+00:00,10,10,0,194,0.1030927835051546,2025-12-26,1
xi3_lx,2025-12-20 21:00:15+00:00,8,1,0,258,0.0348837209302325,2025-12-20,1
amyloveskoo,2025-12-25 07:31:39+00:00,10,0,0,282,0.0354609929078014,2025-12-25,1
ysaahbc31,2025-12-24 08:46:02+00:00,5,2,0,376,0.0186170212765957,2025-12-24,1
mtdmikko,2025-12-25 08:35:07+00:00,3,0,1,278,0.014388489208633,2025-12-25,1
ka.zi019,2025-12-26 18:07:03+00:00,23,5,2,71,0.4225352112676056,2025-12-26,1
fitandglamlife,2023-08-02 02:54:36+00:00,851,2,412,59400,0.0212962962962962,2023-08-02,1
rameirewrightt,2023-08-02 01:16:12+00:00,247900,601,7048,985800,0.2592300669506999,2023-08-02,1
goodyfitness30,2022-07-12 00:30:48+00:00,5000000,64200,65800,48100000,0.1066528066528066,2022-07-12,1
shredding_w_bz,2025-12-26 19:16:36+00:00,117,2,0,901,0.1320754716981132,2025-12-26,1
xerobucks,2025-12-01 01:17:10+00:00,332000,1683,21700,2500000,0.1421532,2025-12-01,1
drayyofficial,2023-09-08 17:03:13+00:00,442200,1279,16600,8800000,0.0522817045454545,2023-09-08,1
rainbowsunshineandclover,2023-08-04 17:34:17+00:00,38000,199,451,520700,0.0742270021125408,2023-08-04,1
iam_calvinn,2025-12-26 15:45:01+00:00,250,7,7,1284,0.205607476635514,2025-12-26,1
lexx.fit,2022-08-03 01:02:27+00:00,326000,1385,4126,3600000,0.0920863888888888,2022-08-03,1
tiff.maeee,2024-08-23 05:37:25+00:00,159900,232,3025,815900,0.1999718102708665,2024-08-23,1
sonjakay19,2025-12-26 22:44:14+00:00,1,0,0,6,0.1666666666666666,2025-12-26,1
lxcacagirl,2024-04-27 02:15:42+00:00,194100,402,2877,2700000,0.0731033333333333,2024-04-27,1
_kyleighreese,2025-12-26 22:57:09+00:00,37,0,0,233,0.1587982832618025,2025-12-26,1
mealeee_,2025-12-26 23:05:56+00:00,34,0,0,274,0.1240875912408759,2025-12-26,1
its.a.finee,2024-08-14 21:14:12+00:00,2600000,5451,30800,30800000,0.0855925649350649,2024-08-14,1
aboubacar.balde.224,2025-12-26 22:44:33+00:00,117,10,1,745,0.1718120805369127,2025-12-26,1
lheib.ybbil,2025-12-26 22:46:37+00:00,67,1,0,335,0.2029850746268656,2025-12-26,1
lifewithtravis_,2025-12-26 22:48:33+00:00,23,0,0,245,0.0938775510204081,2025-12-26,1
dexthemonkey,2025-10-08 04:42:20+00:00,3000000,10700,1500000,22400000,0.2013705357142857,2025-10-08,1
yunnipooh,2023-11-07 16:46:27+00:00,426500,0,17800,2600000,0.1708846153846153,2023-11-07,1
fczn8,2025-12-23 02:14:10+00:00,5993,46,145,51700,0.1196131528046421,2025-12-23,1
lilium_im1,2025-12-22 10:19:50+00:00,12000,103,171,76100,0.1612877792378449,2025-12-22,1
naoshesy,2025-12-20 11:55:20+00:00,1102,0,22,6146,0.182883176049463,2025-12-20,1
yalcinkayasude,2025-12-07 11:53:51+00:00,12600,53,178,90400,0.1419358407079646,2025-12-07,1
stud_yingtiktok,2024-08-12 22:39:11+00:00,209,4,2,1985,0.1083123425692695,2024-08-12,1
steelkels,2025-12-10 15:10:01+00:00,100900,121,7842,711400,0.153026426764127,2025-12-10,1
stud_yingtiktok,2024-07-24 02:11:49+00:00,282,1,0,1987,0.1424257674886763,2024-07-24,1
ksu.harmony,2025-09-21 12:07:14+00:00,61700,424,2476,505100,0.127895466244308,2025-09-21,1
mendayuan,2024-04-20 17:18:29+00:00,31000,220,721,755800,0.0422611802064038,2024-04-20,1
tina.lly,2025-12-26 21:46:18+00:00,17,0,1,598,0.0301003344481605,2025-12-26,1
stud_yingtiktok,2024-11-11 23:50:51+00:00,198,4,22,1387,0.1614996395097332,2024-11-11,1
stud_yingtiktok,2025-01-01 10:54:45+00:00,280,1,4,1828,0.1559080962800875,2025-01-01,1
stud_yingtiktok,2025-01-13 00:44:55+00:00,178,2,3,1646,0.1111786148238153,2025-01-13,1
focuswithdina,2025-10-12 21:24:28+00:00,6049,185,734,205900,0.0338416707139388,2025-10-12,1
cadi.llac,2025-09-02 06:26:43+00:00,2067,187,90,331300,0.0070751584666465,2025-09-02,1
mynamesberto,2025-12-08 01:54:55+00:00,389900,2807,44700,2000000,0.2187035,2025-12-08,1
im.perfect.mee,2025-09-22 06:36:51+00:00,166800,258,7686,1200000,0.14562,2025-09-22,1
studywithemmane_,2025-05-09 23:48:36+00:00,127600,340,1474,991300,0.1305497831130838,2025-05-09,1
realshadi1,2025-01-12 10:14:55+00:00,53000,251,3029,435400,0.1292604501607717,2025-01-12,1
milbakess,2024-09-22 20:06:31+00:00,57800,353,1161,423700,0.1399905593580363,2024-09-22,1
ali.c.g.l,2025-01-16 17:46:55+00:00,289900,1292,11600,2000000,0.151396,2025-01-16,1
_byyhannah,2025-02-20 18:15:27+00:00,25500,148,196,122200,0.2114893617021276,2025-02-20,1
mintallythere,2025-10-02 05:22:19+00:00,138600,436,3525,664600,0.2145064700571772,2025-10-02,1
legallylu,2023-10-16 12:53:26+00:00,9649,9,64,65000,0.1495692307692307,2023-10-16,1
chiara_ssh,2024-04-25 15:32:30+00:00,216400,1410,2174,1000000,0.219984,2024-04-25,1
gabistudiez,2025-10-18 18:09:26+00:00,74000,91,1422,346700,0.2178050187481973,2025-10-18,1
isitrlzuzia,2025-11-22 17:30:06+00:00,155500,568,4442,777400,0.2064702855672755,2025-11-22,1
vzy0501,2025-02-22 01:28:54+00:00,463000,2770,7483,2600000,0.1820203846153846,2025-02-22,1
malenaa.sch,2025-12-23 20:49:51+00:00,618,1,5,2591,0.2408336549594751,2025-12-23,1
eemlyy,2025-12-26 19:25:53+00:00,1238,3,13,5845,0.2145423438836612,2025-12-26,1
alizada.54,2025-12-24 17:11:49+00:00,6934,23,148,36900,0.1925474254742547,2025-12-24,1
brunettediary2,2025-12-24 16:10:03+00:00,1101,8,15,4776,0.2353433835845896,2025-12-24,1
liddellfitness,2025-04-12 22:26:15+00:00,99500,309,2364,670800,0.1523151460942158,2025-04-12,1
davidpark_._,2022-05-02 12:01:49+00:00,890000,3581,43500,14400000,0.0650750694444444,2022-05-02,1
londonloveslifting,2024-11-25 19:17:09+00:00,243900,2158,981,2400000,0.1029329166666666,2024-11-25,1
nicofelich,2024-01-25 18:47:58+00:00,94500,403,2492,996200,0.097766512748444,2024-01-25,1
perchoi.fitness,2025-08-08 17:00:24+00:00,410800,1676,85200,9300000,0.0535135483870967,2025-08-08,1
theelliebarker,2025-01-30 20:33:28+00:00,365600,409,15900,2400000,0.15912875,2025-01-30,1
julihasthecats,2025-12-26 22:45:32+00:00,59,1,2,430,0.1441860465116279,2025-12-26,1
seungbin030708,2022-10-08 08:42:20+00:00,747300,1503,2190,26300000,0.028554866920152,2022-10-08,1
brookemonk_,2020-04-04 07:24:06+00:00,3300000,14700,23800,28100000,0.1188078291814946,2020-04-04,1
mcdawnalds._,2024-05-18 19:44:10+00:00,5800000,7589,100900,44200000,0.133676221719457,2024-05-18,1
faithnoelle07,2025-11-24 23:37:00+00:00,2200000,7312,216800,10500000,0.2308678095238095,2025-11-24,1
kie_eats,2025-02-12 22:15:15+00:00,3100000,12500,348700,25100000,0.1378964143426294,2025-02-12,1
209.szhou,2025-09-29 01:01:54+00:00,6100000,39800,433300,39900000,0.1647393483709273,2025-09-29,1
kliosn,2025-08-10 18:01:33+00:00,2700000,21300,793500,22100000,0.1590407239819004,2025-08-10,1
sons05,2025-11-22 17:00:00+00:00,1800000,6859,82900,12700000,0.1487999212598425,2025-11-22,1
mstatianaclark,2024-04-05 03:01:42+00:00,1700000,25700,149700,15700000,0.119452229299363,2024-04-05,1
leasecretgirlacc,2025-12-26 22:29:33+00:00,15,0,0,100,0.15,2025-12-26,1
fw.fro1,2024-08-11 21:06:34+00:00,2600000,10200,96400,17300000,0.1564508670520231,2024-08-11,1
thatsmom4u,2025-12-26 22:47:52+00:00,2,0,0,86,0.0232558139534883,2025-12-26,1
flowers_by_danni,2025-08-03 04:23:06+00:00,1700000,1921,117000,8600000,0.2115024418604651,2025-08-03,1
andrewzviolin,2025-11-03 20:09:54+00:00,2600000,29200,310500,18200000,0.161521978021978,2025-11-03,1
rodaswillian1,2025-12-26 22:59:07+00:00,2,0,0,18,0.1111111111111111,2025-12-26,1
andrewzviolin,2025-10-30 20:01:49+00:00,4600000,55200,926400,31900000,0.1749717868338558,2025-10-30,1
brodieshredz,2023-08-07 22:40:16+00:00,5500000,7220,119600,33200000,0.1694825301204819,2023-08-07,1
armadasmc,2023-09-02 19:06:00+00:00,5400000,24300,449700,64400000,0.0912111801242236,2023-09-02,1
anatoly_pranks,2023-03-21 20:24:16+00:00,5400000,12400,77600,53100000,0.1033898305084745,2023-03-21,1
hunterstein.wk,2025-04-19 01:23:38+00:00,5400000,12400,223100,44100000,0.1277891156462585,2025-04-19,1
vee_fit1,2022-12-08 04:21:00+00:00,5300000,132400,947600,122600000,0.0520391517128874,2022-12-08,1
kaylanellaa,2020-04-08 11:52:06+00:00,5300000,5221,24400,76900000,0.0693058647594278,2020-04-08,1
jchristofitness,2022-11-21 20:54:52+00:00,5300000,26900,38000,30900000,0.1736213592233009,2022-11-21,1
bwyoutube,2025-01-03 19:52:28+00:00,5200000,22200,242900,100800000,0.0542172619047619,2025-01-03,1
jackedgabe,2025-08-09 19:16:50+00:00,5200000,17800,369700,27000000,0.2069444444444444,2025-08-09,1
_andrei_semenikhin_,2021-10-18 16:26:49+00:00,5100000,21900,34100,107600000,0.0479182156133829,2021-10-18,1
wavybrin,2021-08-08 16:03:04+00:00,5100000,16900,13800,32100000,0.159834890965732,2021-08-08,1
noeldeyzel_bodybuilder,2024-12-14 16:03:31+00:00,5000000,11900,246600,31000000,0.1696290322580645,2024-12-14,1
vincentfischer_,2022-02-24 17:04:58+00:00,4900000,28800,63800,39900000,0.1251278195488721,2022-02-24,1
fitrich76,2022-02-13 08:48:48+00:00,4800000,17500,35900,71000000,0.0683577464788732,2022-02-13,1
mowgli.j,2021-10-23 13:14:44+00:00,4800000,37700,36800,52500000,0.092847619047619,2021-10-23,1
fitt4greatness,2020-11-26 03:55:11+00:00,4800000,81700,220200,22100000,0.2308552036199095,2020-11-26,1
onebulkyboy,2022-12-31 21:30:36+00:00,4800000,22600,54700,39000000,0.1250589743589743,2022-12-31,1
brodieshredzz,2022-10-29 20:49:05+00:00,4800000,30500,77300,36800000,0.1333641304347826,2022-10-29,1
killakevtv,2022-10-18 16:41:52+00:00,4700000,36200,30000,24100000,0.1977676348547717,2022-10-18,1
jalalsamfit,2023-06-26 17:45:20+00:00,4700000,6000,199400,43500000,0.112767816091954,2023-06-26,1
frank_fitness24,2022-06-12 03:00:19+00:00,4600000,9545,131300,49900000,0.0950069138276553,2022-06-12,1
hunterwoodhall,2020-03-22 15:05:32+00:00,4600000,4037,14000,24500000,0.188491306122449,2020-03-22,1
shereinabdelhady,2024-07-23 23:48:27+00:00,4600000,31000,73900,28200000,0.1668404255319149,2024-07-23,1
brodieshredz,2023-08-25 22:18:54+00:00,4600000,5154,53300,26500000,0.175790716981132,2023-08-25,1
mari.diary0x,2025-12-15 15:20:29+00:00,5483,36,102,27600,0.203659420289855,2025-12-15,1
studyingwithshrisha,2025-12-17 13:19:28+00:00,2836,8,49,11800,0.2451694915254237,2025-12-17,1
brycebuse3,2019-11-20 19:29:52+00:00,1700000,22700,126400,9700000,0.1906288659793814,2019-11-20,1
caesarchaser,2025-09-29 22:13:39+00:00,2400000,8178,441400,11400000,0.2499629824561403,2025-09-29,1
vviral24,2025-02-18 18:00:00+00:00,1521,56,62,359400,0.0045603784084585,2025-02-18,1
respect.dohee,2023-01-20 12:07:14+00:00,52,0,2,2712,0.0199115044247787,2023-01-20,1
klevistx,2025-09-15 20:42:50+00:00,317,55,65,56600,0.0077208480565371,2025-09-15,1
number2674946,2025-03-30 23:32:33+00:00,51500,161,6910,305900,0.1914710689767898,2025-03-30,1
andrea.lopez44,2023-10-31 18:39:27+00:00,2400000,2533,4580,37100000,0.0648817520215633,2023-10-31,1
awmcapcut,2025-06-20 10:40:53+00:00,2200000,6061,147500,14500000,0.1623145517241379,2025-06-20,1
cadel_06,2024-04-13 21:57:37+00:00,4800000,7400,106000,47800000,0.1027907949790795,2024-04-13,1
imkorr,2025-02-15 03:28:22+00:00,526200,4039,88600,3000000,0.2062796666666666,2025-02-15,1
respect.dohee,2023-01-13 15:23:02+00:00,65,4,7,7211,0.0105394536125364,2023-01-13,1
lewissaunderson38,2025-03-15 19:57:35+00:00,1900000,24500,948100,15500000,0.1853290322580645,2025-03-15,1
nerdork0,2024-05-01 08:04:24+00:00,1800000,12700,321700,13700000,0.1557956204379562,2024-05-01,1
me03rrt,2025-02-25 15:54:36+00:00,3300000,6492,391800,19400000,0.1906336082474226,2025-02-25,1
carolinendez31,2025-09-28 00:59:17+00:00,106,16,5,11300,0.0112389380530973,2025-09-28,1
nicotooswift,2025-08-05 21:45:42+00:00,1800000,4139,88700,9900000,0.1911958585858585,2025-08-05,1
ceioniiiiii,2024-07-31 14:24:47+00:00,3700000,12700,276000,25100000,0.1589123505976095,2024-07-31,1
mamaandherdaughters,2025-04-22 21:03:09+00:00,89900,289,382,504300,0.1795974618282768,2025-04-22,1
liiiilmooon,2025-11-20 17:40:50+00:00,2200000,2827,42200,12900000,0.1740331007751938,2025-11-20,1
jiggythegod,2024-04-09 22:45:13+00:00,4900000,34600,515400,37100000,0.1469002695417789,2024-04-09,1
babscxm,2025-03-21 23:07:55+00:00,6200000,14400,268300,76000000,0.0852986842105263,2025-03-21,1
sailboatslimes,2022-05-13 18:45:29+00:00,1600000,43600,2184,26500000,0.0621050566037735,2022-05-13,1
marktakeoverr,2024-05-05 03:27:35+00:00,50700,95,1217,337900,0.1539271973956792,2024-05-05,1
trending.vlog521,2024-12-19 07:58:33+00:00,13600,429,368,294100,0.0489527371642298,2024-12-19,1
khaingyoonwati,2025-11-06 05:54:20+00:00,82800,1413,9275,3400000,0.0274964705882352,2025-11-06,1
ria.officel,2025-02-02 13:31:53+00:00,4625,70,120,835200,0.0057650862068965,2025-02-02,1
sanakhan3310000,2025-05-29 16:09:23+00:00,26200,3104,1286,2200000,0.0139045454545454,2025-05-29,1
mastzoya10,2025-12-05 14:14:18+00:00,46000,752,1574,2600000,0.018586923076923,2025-12-05,1
alisha_vlogz,2025-12-01 16:01:27+00:00,279,13,19,11900,0.0261344537815126,2025-12-01,1
noor55.51,2025-11-28 12:37:36+00:00,2464,175,36,87900,0.0304323094425483,2025-11-28,1
nadiakvlog0,2025-12-13 11:03:30+00:00,8933,498,2403,865400,0.0136746013404206,2025-12-13,1
hot_vlogs,2025-10-26 09:34:28+00:00,4675,265,460,591500,0.0091293322062552,2025-10-26,1
ramiavlog,2025-07-19 09:29:39+00:00,32300,671,418,937600,0.0356111348122866,2025-07-19,1
kino.vimly,2025-09-29 09:21:10+00:00,3740,355,235,284900,0.0151983151983151,2025-09-29,1
anushaa_dhungana,2025-10-23 14:29:13+00:00,953,85,27,17100,0.0622807017543859,2025-10-23,1
astro._kn,2025-03-24 23:59:05+00:00,9736,54,2055,404500,0.0292830655129789,2025-03-24,1
quyh_uhn,2025-07-30 09:54:20+00:00,1714,35,158,85600,0.0222780373831775,2025-07-30,1
zoyafamily0_1,2025-11-06 15:19:38+00:00,4056,106,155,121900,0.0354142739950779,2025-11-06,1
mjwoww,2025-09-15 03:11:22+00:00,58800,1076,5337,2800000,0.0232903571428571,2025-09-15,1
uplifted_1999,2025-03-07 11:27:37+00:00,30600,343,3708,1500000,0.0231006666666666,2025-03-07,1
apppleshanecarlo,2025-04-24 06:09:08+00:00,45600,2587,1189,2100000,0.0235123809523809,2025-04-24,1
iranaretzz,2025-06-13 00:48:36+00:00,1352,13,525,129100,0.0146398140975987,2025-06-13,1
moimagcf41u,2025-12-22 13:13:22+00:00,2662,23,90,737500,0.0037627118644067,2025-12-22,1
mjwoww,2025-07-14 23:36:01+00:00,4146,97,191,222500,0.0199280898876404,2025-07-14,1
ruruka_13,2025-03-17 22:24:28+00:00,32900,479,368,789900,0.0427231295100645,2025-03-17,1
mon7a_sui,2025-09-27 03:11:23+00:00,8407,255,165,426600,0.0206915142991092,2025-09-27,1
nana_.00w,2025-02-03 13:43:02+00:00,66400,1368,2032,2900000,0.0240689655172413,2025-02-03,1
ran_li7,2025-08-11 10:06:22+00:00,51300,171,7980,1500000,0.039634,2025-08-11,1
edithim7,2024-11-04 20:44:47+00:00,2200000,28500,1100000,12500000,0.26628,2024-11-04,1
sarah.lupica,2024-05-05 21:30:39+00:00,1600000,4302,24800,20000000,0.0814551,2024-05-05,1
bznix.ae,2025-02-10 15:10:14+00:00,4100000,8045,163500,21000000,0.2034069047619047,2025-02-10,1
kiana.ailina,2024-08-30 18:20:40+00:00,4700000,8727,269900,23600000,0.2109587711864406,2024-08-30,1
lucas.kth,2023-12-15 23:39:27+00:00,30400,105,3230,620600,0.0543586851434096,2023-12-15,1
viragadam_,2025-03-01 12:17:38+00:00,14900,87,1655,109000,0.1526788990825688,2025-03-01,1
cairabluemel,2025-06-28 11:17:18+00:00,56000,168,1102,456800,0.1253721541155867,2025-06-28,1
elysianboy,2025-12-25 19:46:27+00:00,16,0,0,860,0.0186046511627906,2025-12-25,1
_riverafit,2025-06-29 15:59:24+00:00,42800,584,4095,510400,0.093023119122257,2025-06-29,1
viragadam_,2025-03-26 20:32:00+00:00,237100,1321,58100,4000000,0.07413025,2025-03-26,1
nadiyalagoyda,2024-05-13 20:40:01+00:00,62400,96,381,2500000,0.0251508,2024-05-13,1
bradyewlu7q,2025-03-30 12:56:24+00:00,16800,114,341,220100,0.0783961835529304,2025-03-30,2
quince.fit,2025-04-28 07:30:26+00:00,16300,92,2641,922200,0.0206386900889178,2025-04-28,1
laurinwfit,2025-12-03 22:00:09+00:00,50,3,1,705,0.076595744680851,2025-12-03,1
bradyewlu7q,2025-04-24 18:42:18+00:00,26500,371,911,1700000,0.0163423529411764,2025-04-24,1
iain.conley,2024-04-30 12:39:36+00:00,3571,9,177,70100,0.0535948644793152,2024-04-30,1
workouttips98,2025-10-11 12:00:00+00:00,1030,10,74,49100,0.0226883910386965,2025-10-11,1
markomaksim,2025-04-25 10:29:21+00:00,3088,130,74,576500,0.0057103209019947,2025-04-25,1
malakinolasco,2025-05-14 22:03:48+00:00,2247,13,50,26700,0.0865168539325842,2025-05-14,1
calvinboling,2024-08-05 00:53:45+00:00,3173,38,73,47600,0.0689915966386554,2024-08-05,1
fitbynes5,2024-06-06 20:41:03+00:00,3665,98,216,205000,0.0194097560975609,2024-06-06,1
bradyewlu7q,2025-03-31 22:21:58+00:00,2722,42,112,50000,0.05752,2025-03-31,1
chiaracardesii,2024-12-03 21:15:48+00:00,2955,28,327,106500,0.0310798122065727,2024-12-03,1
gymmarthaa,2025-04-03 16:58:33+00:00,1542,13,44,24500,0.0652653061224489,2025-04-03,1
bradyewlu7q,2025-03-30 12:56:57+00:00,2336,29,39,47100,0.05104033970276,2025-03-30,2
juliehestaas,2023-10-24 12:04:00+00:00,5296,31,100,160000,0.03391875,2023-10-24,1
usaaircraf03,2025-07-25 14:24:57+00:00,147,15,24,8741,0.0212790298592838,2025-07-25,1
jynfits,2023-08-06 19:30:57+00:00,472900,611,5279,8000000,0.05984875,2023-08-06,1
sweat_h_ub,2025-07-30 20:45:05+00:00,1076,46,24,336600,0.0034046345811051,2025-07-30,1
strongfit_official,2024-03-22 18:03:39+00:00,45300,417,14800,2200000,0.0275077272727272,2024-03-22,1
paisjefitnesi,2025-12-26 13:42:04+00:00,4,0,0,476,0.0084033613445378,2025-12-26,1
workout_zone34,2025-09-15 17:00:00+00:00,158800,264,14000,4500000,0.0384586666666666,2025-09-15,1
dimi_gym,2025-12-24 20:35:03+00:00,3,0,0,794,0.0037783375314861,2025-12-24,1
dylankieu_,2025-10-15 11:56:55+00:00,322,14,4,4295,0.079161816065192,2025-10-15,1
workout_zone34,2025-12-26 19:00:00+00:00,42,1,1,635,0.0692913385826771,2025-12-26,1
the_ezurike,2025-08-26 09:12:31+00:00,5,1,1,502,0.0139442231075697,2025-08-26,1
topiasn,2025-12-26 16:23:07+00:00,843,10,24,5546,0.1581319870176704,2025-12-26,1
pandafitness7,2025-09-15 14:24:31+00:00,895,3,30,15800,0.0587341772151898,2025-09-15,1
horsemeetrelationshipadv,2023-09-19 20:59:28+00:00,75400,505,8964,462500,0.1835005405405405,2023-09-19,1
plugloveteya,2025-12-26 18:27:11+00:00,6,0,0,95,0.0631578947368421,2025-12-26,1
meyouuuno,2025-12-26 17:49:51+00:00,305,2,7,2774,0.1131939437635183,2025-12-26,1
liftwmills,2025-12-26 14:51:11+00:00,37,13,1,410,0.124390243902439,2025-12-26,1
fritzfitness2,2025-10-03 20:04:01+00:00,367300,2877,49300,8500000,0.0493502352941176,2025-10-03,1
audrey_fit,2024-06-01 15:34:10+00:00,116400,1482,1337,1300000,0.091706923076923,2024-06-01,1
sarahmoffa.fit,2023-08-18 18:33:39+00:00,569400,8411,3307,9400000,0.0618210638297872,2023-08-18,1
inpek_fitness,2025-11-17 08:18:30+00:00,419400,1790,61900,15600000,0.0309673076923076,2025-11-17,1
f1tness__st4rs,2025-05-09 11:51:49+00:00,797200,4781,58300,4800000,0.1792252083333333,2025-05-09,1
felinescience,2025-06-12 00:45:42+00:00,1501,25,7,31800,0.0482075471698113,2025-06-12,1
tk.3379,2025-02-17 11:48:30+00:00,2901,52,72,478500,0.0063218390804597,2025-02-17,1
qwwpl0,2025-10-10 16:04:46+00:00,320100,1814,7472,1800000,0.1829922222222222,2025-10-10,1
sleepynanoo,2025-04-23 13:21:52+00:00,16800,213,329,76700,0.2261016949152542,2025-04-23,1
studywbec,2025-10-18 18:20:26+00:00,982600,2986,56700,5100000,0.2043698039215686,2025-10-18,1
ash_ashdo,2025-11-11 10:09:58+00:00,91300,452,2532,593200,0.1589413351314902,2025-11-11,1
kaylanniesoto,2025-11-05 22:46:40+00:00,77900,70,1743,334400,0.2383761961722488,2025-11-05,1
notedandneat,2025-07-22 09:57:55+00:00,199900,795,5389,952200,0.2164293215710985,2025-07-22,1
studygr4mrly,2025-10-27 13:28:19+00:00,264400,681,6928,1000000,0.272009,2025-10-27,1
panmowka,2025-10-13 04:58:23+00:00,160300,503,3627,638300,0.2576061413128623,2025-10-13,1
shristi.sapkotaa,2024-09-06 12:24:38+00:00,246700,1994,2832,1100000,0.22866,2024-09-06,1
ninalearnsthings,2025-07-24 16:38:21+00:00,276500,6062,5819,934900,0.3084618675794202,2025-07-24,1
posyhearts,2025-11-26 08:55:16+00:00,257900,165,26800,1400000,0.203475,2025-11-26,1
studywithhannaah,2025-09-17 23:13:07+00:00,479400,1102,15000,2200000,0.2252281818181818,2025-09-17,1
blakkaii,2025-05-21 23:41:54+00:00,213800,6040,4587,887400,0.2529039891818797,2025-05-21,1
studyingwithshrisha,2025-09-18 16:05:53+00:00,738500,1111,21300,3400000,0.2237973529411764,2025-09-18,1
f1rti2,2025-08-31 02:13:17+00:00,141200,735,3675,765500,0.1902155453951665,2025-08-31,1
gabriela.monten,2025-11-12 20:09:17+00:00,305400,617,12300,1300000,0.2448592307692307,2025-11-12,1
mindblooming_,2025-11-05 19:28:03+00:00,422600,1187,11800,2000000,0.2177935,2025-11-05,1
tyesenstudyfetch,2025-12-14 23:37:30+00:00,216900,587,7824,1500000,0.1502073333333333,2025-12-14,1
lockinwithrachel,2025-10-03 18:16:04+00:00,869500,25500,96800,4200000,0.2361428571428571,2025-10-03,1
studyiesbymoti,2024-11-25 15:31:16+00:00,4900000,22100,633700,28400000,0.1956267605633802,2024-11-25,1
mypreciousdiary8,2023-12-08 11:48:27+00:00,52100,273,282,402800,0.130722442899702,2023-12-08,1
girl.idek.111,2024-09-14 08:13:09+00:00,61600,141,733,325700,0.1918145532698802,2024-09-14,1
luna16_c,2025-09-30 05:29:11+00:00,115000,549,2044,592700,0.1984022270963387,2025-09-30,1
vzy0501,2025-06-19 06:45:09+00:00,105900,443,2220,637400,0.1703216190775023,2025-06-19,1
kamifleming,2025-04-17 19:21:48+00:00,230400,768,9908,1600000,0.1506725,2025-04-17,1
katstudying,2025-11-10 20:58:43+00:00,611900,1069,41500,3400000,0.1924908823529411,2025-11-10,1
studywtiffy,2025-07-18 06:16:47+00:00,175700,495,3670,1100000,0.1635136363636363,2025-07-18,1
america.la.vou.eu,2025-12-26 22:57:18+00:00,4,0,0,108,0.037037037037037,2025-12-26,1
alvesfrancy920,2025-12-26 22:55:13+00:00,2,0,0,86,0.0232558139534883,2025-12-26,1
pedropabloamado,2025-12-26 23:11:59+00:00,10,1,0,75,0.1466666666666666,2025-12-26,1
magaliz_1984,2025-12-26 22:41:53+00:00,37,4,2,290,0.1482758620689655,2025-12-26,1
secrettealoverpt1,2024-08-04 00:28:34+00:00,159000,772,5236,2800000,0.0589314285714285,2024-08-04,1
sexccblackmff,2025-12-26 23:02:11+00:00,148,3,5,483,0.3229813664596273,2025-12-26,1
richii250,2024-12-03 15:08:04+00:00,271200,652,3941,2000000,0.1378965,2024-12-03,1
kloecsiu,2023-09-10 03:14:24+00:00,98,17,12,37300,0.0034048257372654,2023-09-10,1
alishamnow,2025-12-26 23:04:46+00:00,40,1,0,276,0.1485507246376811,2025-12-26,1
emeowie,2025-12-26 22:42:07+00:00,48,8,1,284,0.2007042253521127,2025-12-26,1
justice_rayytv,2025-12-26 22:44:54+00:00,76,7,58,2689,0.0524358497582744,2025-12-26,1
noelgoescrazy,2023-04-30 17:15:38+00:00,13500000,52900,505700,211900000,0.0663454459650778,2023-04-30,1
neyna_dary,2025-12-26 23:03:23+00:00,215,9,0,1143,0.1959755030621172,2025-12-26,1
rashellthadoll,2025-08-22 22:55:14+00:00,7059,33,51,27900,0.2560215053763441,2025-08-22,1
iluvv.harleighhh,2025-11-27 23:09:05+00:00,121600,838,2529,742800,0.1682377490576198,2025-11-27,1
melinabudek,2025-10-01 22:14:07+00:00,1100000,1858,126800,4900000,0.2507465306122449,2025-10-01,1
missannagrace_,2025-04-24 18:27:19+00:00,313100,1113,15700,1700000,0.1940664705882352,2025-04-24,1
editedbyjoseph,2025-07-31 10:20:26+00:00,84300,252,4328,714400,0.1244120940649496,2025-07-31,1
lulltv,2025-06-08 03:53:19+00:00,666500,1673,3779,3900000,0.1722953846153846,2025-06-08,1
tenaliso,2025-09-11 14:36:20+00:00,87900,227,1674,349400,0.2570148826559816,2025-09-11,1
yoojinjeong,2025-02-05 17:24:33+00:00,49100,133,857,321100,0.1559950171286203,2025-02-05,1
luna.kiiimm,2025-12-02 11:28:40+00:00,8027,63,254,48700,0.1713347022587269,2025-12-02,1
lifeasvall,2025-12-04 04:18:39+00:00,9170,649,259,50200,0.2007569721115537,2025-12-04,1
gae4hrv,2025-11-28 13:46:15+00:00,50900,1215,3515,305300,0.1822142155257124,2025-11-28,1
pnklvr224,2025-04-13 15:12:04+00:00,9658,58,297,77600,0.1290335051546391,2025-04-13,1
stacylimm,2025-04-22 14:42:46+00:00,352200,875,17400,2400000,0.1543645833333333,2025-04-22,1
studyweve,2025-12-26 14:26:12+00:00,1034,5,5,5217,0.2001150086256469,2025-12-26,1
studytok4871,2025-12-22 20:21:33+00:00,806,6,14,4151,0.1989881956155143,2025-12-22,1
caramel.studyy,2025-12-26 14:00:25+00:00,1147,24,14,7428,0.1595315024232633,2025-12-26,1
farraiva,2025-10-11 09:04:18+00:00,20400,34,1319,116500,0.1867210300429184,2025-10-11,1
study_glowx,2025-12-25 19:01:31+00:00,4480,41,78,17000,0.2705294117647059,2025-12-25,1
jasonslost,2025-02-19 10:03:41+00:00,193700,913,7118,1800000,0.1120727777777777,2025-02-19,1
j3ssica.kwok,2025-11-28 06:05:44+00:00,28800,81,460,123000,0.2385447154471544,2025-11-28,1
noemi.ssy,2025-01-02 09:40:39+00:00,2187,4,33,16500,0.1347878787878788,2025-01-02,1
yael.pg,2024-01-29 15:39:11+00:00,1900000,5451,27100,12500000,0.15460408,2024-01-29,1
fczn8,2025-12-22 00:03:20+00:00,7691,35,192,49800,0.1589959839357429,2025-12-22,1
thegradegame,2022-05-10 23:20:05+00:00,257200,936,760,3000000,0.0862986666666666,2022-05-10,1
mairgaret,2025-12-19 19:34:30+00:00,11900,36,249,37000,0.3293243243243243,2025-12-19,1
cemreoe,2025-12-08 21:24:35+00:00,45400,82,1331,177200,0.2641817155756207,2025-12-08,1
thescentofsummernights,2025-12-25 11:41:14+00:00,4386,278,260,13300,0.3702255639097744,2025-12-25,1
sleep.010,2025-05-29 05:45:07+00:00,29800,152,656,143000,0.214041958041958,2025-05-29,1
only1aliya,2023-07-13 18:29:35+00:00,250700,492,8083,1600000,0.162046875,2023-07-13,1
yg_omz,2025-04-20 13:32:43+00:00,19300,238,3746,291600,0.0798491083676268,2025-04-20,1
mmd.fitness5,2025-12-24 20:55:45+00:00,10,0,0,727,0.0137551581843191,2025-12-24,1
robathletics,2025-12-21 19:25:52+00:00,88,5,4,2108,0.0460151802656546,2025-12-21,1
michilife7,2025-12-26 10:08:43+00:00,17,2,1,251,0.0796812749003984,2025-12-26,1
erique.li,2024-09-23 02:37:06+00:00,990800,7837,77900,12400000,0.0868175,2024-09-23,1
barteksw_,2025-03-27 21:57:21+00:00,4795,26,590,34400,0.1572965116279069,2025-03-27,1
gonzalo.img,2025-07-03 22:36:23+00:00,29200,276,5601,898200,0.0390525495435315,2025-07-03,1
sonyaegon,2024-12-07 12:46:10+00:00,642800,1433,41900,5500000,0.1247514545454545,2024-12-07,1
yulia_led_,2025-05-09 08:43:02+00:00,3557,10,983,186800,0.0243576017130621,2025-05-09,1
craigbsreviews,2025-12-23 14:46:05+00:00,3,0,0,472,0.0063559322033898,2025-12-23,1
kemel.ygz,2025-06-16 16:30:57+00:00,1025,15,61,20200,0.0545049504950495,2025-06-16,1
wickpie,2024-12-16 13:06:58+00:00,27000,157,1015,640900,0.0439569355593696,2024-12-16,1
rainbow_hairstyling,2021-01-30 17:32:42+00:00,105,3,1,2589,0.0421011973735032,2021-01-30,1
mariahandbill,2019-12-06 19:23:13+00:00,2700000,4926,7409,16900000,0.1604931952662721,2019-12-06,1
mahoganylox,2019-11-07 04:25:15+00:00,4100000,7178,28500,23700000,0.1745011814345991,2019-11-07,1
sebastianbails,2019-01-24 20:09:49+00:00,1900000,23500,39600,29600000,0.0663209459459459,2019-01-24,1
geograpyh.geniuse,2025-03-19 16:00:51+00:00,87500,241,1561,1200000,0.0744183333333333,2025-03-19,1
geograpyh.geniuse,2025-02-08 10:27:18+00:00,83100,321,1459,3400000,0.0249647058823529,2025-02-08,1
evimawete,2025-12-24 17:04:50+00:00,292,12,7,2846,0.1092761770906535,2025-12-24,1
brookemonk_,2024-02-24 21:32:23+00:00,6900000,8822,7165,74900000,0.0923362750333778,2024-02-24,1
bruhwutisthis_0,2024-11-24 23:11:49+00:00,307700,1500,14000,1300000,0.2486153846153846,2024-11-24,1
dareksoul,2024-07-05 15:05:52+00:00,92000,325,1499,3400000,0.027595294117647,2024-07-05,1
