username,created_at,likes,comments,shares,views,engagement_rate,post_date,posts_per_day,views_per_video,likes_per_video,comments_per_video
661._miaa,2024-09-16 17:56:17+00:00,183900,329,3361,826700,0.2269142373291399,2024-09-16,1,826700.0,183900.0,329.0
chasityromann,2024-06-03 22:22:38+00:00,236600,379,5518,2600000,0.0932680769230769,2024-06-03,1,2600000.0,236600.0,379.0
lindceybeautyy,2024-08-04 14:26:09+00:00,404000,936,9560,3200000,0.12953,2024-08-04,1,3200000.0,404000.0,936.0
iannelsonnnnn,2024-05-28 21:38:48+00:00,359300,936,11700,3500000,0.1062674285714285,2024-05-28,1,3500000.0,359300.0,936.0
nightmoonxyz,2025-04-23 04:25:50+00:00,2391,99,118,48600,0.0536625514403292,2025-04-23,1,48600.0,2391.0,99.0
fyp,2025-12-24 18:18:20+00:00,1504,16,21,42700,0.0360889929742388,2025-12-24,1,42700.0,1504.0,16.0
nightmoonxyz,2024-07-18 12:02:41+00:00,187100,1126,3968,1800000,0.1067744444444444,2024-07-18,1,1800000.0,187100.0,1126.0
alaskan.not.eskimo,2025-07-07 00:05:31+00:00,14600000,28900,1600000,132100000,0.1228531415594246,2025-07-07,3,132100000.0,14600000.0,28900.0
martinkrl,2020-12-23 15:13:23+00:00,7500000,58500,11700,41200000,0.1837427184466019,2020-12-23,1,41200000.0,7500000.0,58500.0
chatnoirfx,2025-03-17 04:11:34+00:00,2700000,11000,150100,18600000,0.1538225806451613,2025-03-17,1,18600000.0,2700000.0,11000.0
ljubicaastevic,2025-08-21 23:49:04+00:00,744,83,44,33600,0.025922619047619,2025-08-21,1,33600.0,744.0,83.0
mobshakir,2024-09-21 23:00:14+00:00,246600,958,34700,1300000,0.2171215384615384,2024-09-21,1,1300000.0,246600.0,958.0
tendylaw,2025-11-18 14:31:31+00:00,3200000,6142,344600,14300000,0.2483036363636363,2025-11-18,1,14300000.0,3200000.0,6142.0
franncchii,2025-03-14 03:31:55+00:00,1633,106,59,136400,0.0131818181818181,2025-03-14,1,136400.0,1633.0,106.0
officialmrkebs24,2023-02-22 01:34:52+00:00,4623,26,127,42600,0.112112676056338,2023-02-22,1,42600.0,4623.0,26.0
no_limbs_,2025-11-08 17:37:22+00:00,2700000,11900,332800,60300000,0.0504925373134328,2025-11-08,1,60300000.0,2700000.0,11900.0
princessna_lx,2025-06-14 07:14:20+00:00,118,10,9,3302,0.0414900060569351,2025-06-14,1,3302.0,118.0,10.0
margarita_iraheta,2024-09-17 19:51:31+00:00,5300000,9561,659600,21100000,0.2828986255924171,2024-09-17,1,21100000.0,5300000.0,9561.0
coopahahah,2025-12-26 22:51:30+00:00,80,33,10,424,0.2900943396226415,2025-12-26,1,424.0,80.0,33.0
selahmolden,2025-03-01 20:52:21+00:00,5100000,13900,171300,45400000,0.1164140969162995,2025-03-01,1,45400000.0,5100000.0,13900.0
chillsync4l,2024-07-30 17:52:45+00:00,252700,775,18200,1500000,0.1811166666666666,2024-07-30,1,1500000.0,252700.0,775.0
danch.merk,2025-11-15 17:24:24+00:00,3500000,14400,207300,26200000,0.1420496183206107,2025-11-15,1,26200000.0,3500000.0,14400.0
kliosn,2025-07-06 05:21:52+00:00,2600000,14800,673500,16900000,0.1945739644970414,2025-07-06,1,16900000.0,2600000.0,14800.0
lovinleee,2023-06-01 02:05:12+00:00,4800000,9548,173400,25200000,0.1977360317460317,2023-06-01,1,25200000.0,4800000.0,9548.0
ramariahalexia,2024-05-26 21:57:06+00:00,249700,168,2928,1200000,0.2106633333333333,2024-05-26,1,1200000.0,249700.0,168.0
cocoquinnb,2024-06-08 01:46:26+00:00,372900,596,3528,3300000,0.1142496969696969,2024-06-08,1,3300000.0,372900.0,596.0
okaygnomie,2024-07-22 22:10:32+00:00,303000,1260,22300,2200000,0.1484363636363636,2024-07-22,1,2200000.0,303000.0,1260.0
juliaabeatty,2025-12-07 18:22:42+00:00,2600000,7270,586500,17700000,0.1804389830508474,2025-12-07,1,17700000.0,2600000.0,7270.0
noemyiscool,2023-10-26 22:13:20+00:00,249800,339,604,3300000,0.0759827272727272,2023-10-26,1,3300000.0,249800.0,339.0
kaylamalecc,2025-06-28 21:15:06+00:00,2500000,12600,37500,18600000,0.1371021505376344,2025-06-28,1,18600000.0,2500000.0,12600.0
alicheeser,2025-12-26 22:54:58+00:00,63,5,0,2326,0.0292347377472055,2025-12-26,1,2326.0,63.0,5.0
fatclipz25,2024-04-29 01:21:04+00:00,464500,3621,3873,5200000,0.0907680769230769,2024-04-29,1,5200000.0,464500.0,3621.0
reeno_07,2025-11-15 01:39:31+00:00,2600000,10900,365200,14400000,0.2066736111111111,2025-11-15,1,14400000.0,2600000.0,10900.0
monicaandcarlos,2025-11-03 22:37:02+00:00,2600000,3203,204300,12700000,0.2210632283464567,2025-11-03,1,12700000.0,2600000.0,3203.0
btchdatsleah,2025-12-26 22:39:25+00:00,3,0,0,15,0.2,2025-12-26,1,15.0,3.0,0.0
fyp,2024-07-22 01:00:32+00:00,195700,3753,1584,4400000,0.0456902272727272,2024-07-22,1,4400000.0,195700.0,3753.0
nightmoonxyz,2025-05-07 14:42:39+00:00,906,51,75,21500,0.048,2025-05-07,1,21500.0,906.0,51.0
lizeth.atoccsa,2022-01-05 03:02:09+00:00,459000,1258,1125,3300000,0.1398130303030303,2022-01-05,1,3300000.0,459000.0,1258.0
garciety,2022-01-04 01:01:05+00:00,65400,274,202,821200,0.0802191914271797,2022-01-04,1,821200.0,65400.0,274.0
mila.ca_,2021-12-23 17:59:46+00:00,192700,862,611,2300000,0.0844230434782608,2021-12-23,1,2300000.0,192700.0,862.0
davidledgerr,2021-12-30 00:55:14+00:00,58900,134,189,812600,0.0728808761998523,2021-12-30,1,812600.0,58900.0,134.0
isabellaacruzz,2021-12-29 22:56:00+00:00,24000,82,74,359300,0.0672307264124686,2021-12-29,1,359300.0,24000.0,82.0
laupapalardo,2021-12-21 23:11:13+00:00,233800,1277,284,1500000,0.1569073333333333,2021-12-21,1,1500000.0,233800.0,1277.0
malebaquero,2021-12-21 13:08:40+00:00,72300,168,138,826200,0.0878794480755265,2021-12-21,1,826200.0,72300.0,168.0
malebaquero,2021-12-20 00:37:25+00:00,27200,115,54,387200,0.0706844008264462,2021-12-20,1,387200.0,27200.0,115.0
felicavieres,2022-01-03 15:37:14+00:00,32500,264,109,348300,0.0943812805053115,2022-01-03,1,348300.0,32500.0,264.0
esperanzahanccos,2021-12-29 05:43:52+00:00,22300,321,175,854700,0.0266713466713466,2021-12-29,1,854700.0,22300.0,321.0
malebaquero,2022-01-05 15:45:10+00:00,27500,79,30,316900,0.0871221205427579,2022-01-05,1,316900.0,27500.0,79.0
lizeth.atoccsa,2021-12-24 18:49:19+00:00,320400,661,582,2500000,0.1286572,2021-12-24,1,2500000.0,320400.0,661.0
larahubsc,2021-12-29 00:45:29+00:00,137800,231,144,918000,0.1505174291938998,2021-12-29,1,918000.0,137800.0,231.0
sergio_el_waso,2022-01-01 16:24:26+00:00,15400,133,116,264400,0.0591868381240544,2022-01-01,1,264400.0,15400.0,133.0
maratonyatraccion,2022-01-05 15:26:23+00:00,41800,97,34,338300,0.1239462015962163,2022-01-05,1,338300.0,41800.0,97.0
majolis,2022-01-06 17:17:50+00:00,66100,212,92,657600,0.1009793187347931,2022-01-06,1,657600.0,66100.0,212.0
planesconyess,2022-01-04 16:23:32+00:00,104200,369,208,1000000,0.104777,2022-01-04,1,1000000.0,104200.0,369.0
luudelaguila,2022-01-04 15:24:58+00:00,28900,118,119,270000,0.1079148148148148,2022-01-04,1,270000.0,28900.0,118.0
isabellacuevaa,2021-12-28 20:01:14+00:00,21000,60,53,169500,0.1245604719764011,2021-12-28,1,169500.0,21000.0,60.0
johananana,2021-11-24 03:51:00+00:00,37100,173,160,428700,0.0873174714252391,2021-11-24,1,428700.0,37100.0,173.0
vichognzza,2021-11-14 23:24:16+00:00,70600,242,355,578100,0.1231568932710603,2021-11-14,1,578100.0,70600.0,242.0
marianocalvera,2021-12-01 01:21:41+00:00,27500,146,60,332700,0.0832762248271716,2021-12-01,1,332700.0,27500.0,146.0
alejandrogavilan8,2021-11-24 03:07:28+00:00,11200,121,132,287500,0.0398365217391304,2021-11-24,1,287500.0,11200.0,121.0
totichemi,2021-11-28 18:50:44+00:00,102500,288,257,636800,0.1618168969849246,2021-11-28,1,636800.0,102500.0,288.0
hijo_de_la_tierra,2021-11-16 23:50:19+00:00,91500,724,248,1400000,0.0660514285714285,2021-11-16,1,1400000.0,91500.0,724.0
xxheartz4ash.00w,2025-08-10 02:04:50+00:00,74400,2362,2919,3000000,0.0265603333333333,2025-08-10,1,3000000.0,74400.0,2362.0
capcut_huutuyen77,2024-09-25 16:34:11+00:00,180800,752,6679,5700000,0.0330229824561403,2024-09-25,1,5700000.0,180800.0,752.0
kly.wu,2025-07-28 15:23:09+00:00,9971,93,189,79100,0.1296207332490518,2025-07-28,1,79100.0,9971.0,93.0
iranaretzz,2025-09-29 10:40:57+00:00,25000,125,4923,1100000,0.0273163636363636,2025-09-29,1,1100000.0,25000.0,125.0
pam.00w,2024-01-27 05:54:31+00:00,345600,4328,3115,10300000,0.0342760194174757,2024-01-27,1,10300000.0,345600.0,4328.0
magicalaquatic,2022-09-14 00:51:13+00:00,708200,1820,3436,10300000,0.0692675728155339,2022-09-14,1,10300000.0,708200.0,1820.0
jahjosephh,2022-09-19 03:17:59+00:00,2300000,7646,9385,11000000,0.2106391818181818,2022-09-19,1,11000000.0,2300000.0,7646.0
carolineontv,2022-09-02 16:31:29+00:00,663500,2066,769,7700000,0.0865370129870129,2022-09-02,1,7700000.0,663500.0,2066.0
crawking,2022-09-03 18:58:43+00:00,320500,2513,3342,3800000,0.0858828947368421,2022-09-03,1,3800000.0,320500.0,2513.0
cassiearan,2022-09-27 02:52:31+00:00,974200,13700,2960,13500000,0.073397037037037,2022-09-27,1,13500000.0,974200.0,13700.0
daanawilliamson,2022-09-02 02:13:35+00:00,628200,713,670,2800000,0.2248510714285714,2022-09-02,1,2800000.0,628200.0,713.0
infamousjoannah,2022-09-15 18:25:58+00:00,273600,592,114,2400000,0.1142941666666666,2022-09-15,1,2400000.0,273600.0,592.0
natashascloset,2022-09-03 16:54:37+00:00,367700,667,138,2000000,0.1842525,2022-09-03,1,2000000.0,367700.0,667.0
edandaj,2022-09-25 20:02:59+00:00,1100000,2936,4426,22800000,0.0485685087719298,2022-09-25,1,22800000.0,1100000.0,2936.0
humminglion,2022-09-15 14:26:45+00:00,292700,1856,2124,4100000,0.0723609756097561,2022-09-15,1,4100000.0,292700.0,1856.0
simplyprettyy,2025-12-25 19:15:42+00:00,4060,16,21,17800,0.2301685393258427,2025-12-25,1,17800.0,4060.0,16.0
ksuzzz3,2025-12-25 10:15:16+00:00,11300,68,78,103600,0.1104826254826254,2025-12-25,1,103600.0,11300.0,68.0
lisi.shops,2025-12-25 20:56:56+00:00,175200,445,791,1000000,0.176436,2025-12-25,1,1000000.0,175200.0,445.0
annika.stevie,2025-12-26 03:28:19+00:00,6294,22,32,33000,0.1923636363636363,2025-12-26,1,33000.0,6294.0,22.0
khani.trendy,2025-12-26 03:45:40+00:00,104800,372,1169,394300,0.2696956632006086,2025-12-26,1,394300.0,104800.0,372.0
lanaisaaa,2025-12-26 03:49:27+00:00,26500,441,154,762200,0.03554841249016,2025-12-26,1,762200.0,26500.0,441.0
dashemew_,2025-12-21 19:42:26+00:00,14100,118,118,124900,0.1147798238590872,2025-12-21,1,124900.0,14100.0,118.0
everebmannn,2025-12-26 14:35:00+00:00,267,0,1,1738,0.1542002301495972,2025-12-26,1,1738.0,267.0,0.0
lulltv,2025-12-25 16:57:11+00:00,18000,337,696,333800,0.0570191731575793,2025-12-25,1,333800.0,18000.0,337.0
jie518326,2025-07-01 13:06:17+00:00,283400,1158,3665,4500000,0.0640495555555555,2025-07-01,1,4500000.0,283400.0,1158.0
jaswinterr,2025-12-13 21:55:32+00:00,35400,110,454,184900,0.194505137912385,2025-12-13,1,184900.0,35400.0,110.0
babydollay7,2025-12-15 23:02:38+00:00,47600,215,1384,162300,0.3031361675908811,2025-12-15,1,162300.0,47600.0,215.0
thenoellekate,2025-12-25 15:58:46+00:00,5982,34,13,25700,0.2345914396887159,2025-12-25,1,25700.0,5982.0,34.0
obr_macha,2025-12-25 11:32:05+00:00,3162,11,45,10100,0.3186138613861386,2025-12-25,1,10100.0,3162.0,11.0
geminivlogss,2025-12-17 00:17:44+00:00,4521,40,66,25900,0.1786486486486486,2025-12-17,1,25900.0,4521.0,40.0
mckennasalazar,2025-11-14 02:11:10+00:00,104300,637,2793,659000,0.1634749620637329,2025-11-14,1,659000.0,104300.0,637.0
jordankerrr,2025-12-19 21:44:15+00:00,5450,33,31,41600,0.1325480769230769,2025-12-19,1,41600.0,5450.0,33.0
mayachanel111,2025-12-26 16:28:31+00:00,1647,28,8,5932,0.2837154416722859,2025-12-26,1,5932.0,1647.0,28.0
softly.jali,2025-12-26 14:56:02+00:00,2398,37,60,6829,0.3653536388929565,2025-12-26,1,6829.0,2398.0,37.0
isabelajuliana_,2025-05-15 16:19:18+00:00,258500,1741,7728,2100000,0.1276042857142857,2025-05-15,1,2100000.0,258500.0,1741.0
alondra.leneisha,2025-12-25 15:05:56+00:00,73300,401,765,407500,0.1827386503067484,2025-12-25,1,407500.0,73300.0,401.0
iwantcandy77,2025-12-26 14:11:31+00:00,14100,61,73,88000,0.16175,2025-12-26,1,88000.0,14100.0,61.0
nicolelaeno,2025-12-26 20:17:34+00:00,6734,75,8,29900,0.2279933110367893,2025-12-26,1,29900.0,6734.0,75.0
isabelledittrick,2025-12-26 15:18:04+00:00,71,3,0,629,0.1176470588235294,2025-12-26,1,629.0,71.0,3.0
sydneyconverse,2025-03-03 18:16:23+00:00,23900,685,3018,596100,0.0463059889280322,2025-03-03,1,596100.0,23900.0,685.0
piperrockelle,2025-07-18 21:37:38+00:00,2900000,5336,30100,31800000,0.0923093081761006,2025-07-18,1,31800000.0,2900000.0,5336.0
officialmrkebs24,2023-02-16 13:41:13+00:00,5351,191,594,167300,0.03667662881052,2023-02-16,1,167300.0,5351.0,191.0
bihuo88898,2025-10-10 11:06:13+00:00,1700000,3087,24100,16800000,0.10280875,2025-10-10,2,16800000.0,1700000.0,3087.0
naivekshort,2025-10-07 22:18:53+00:00,2400000,7404,29600,25700000,0.0948250583657587,2025-10-07,2,25700000.0,2400000.0,7404.0
nick.marchand5,2025-12-10 22:34:49+00:00,5000000,19300,249300,67200000,0.0784017857142857,2025-12-10,1,67200000.0,5000000.0,19300.0
tiktok,2025-12-19 05:29:58+00:00,98700,983,794,877400,0.1145167540460451,2025-12-19,3,877400.0,98700.0,983.0
tiktok,2025-12-19 05:07:46+00:00,70600,789,1206,657300,0.1104442415944013,2025-12-19,3,657300.0,70600.0,789.0
tiktok,2025-12-15 19:07:39+00:00,279400,1572,894,56500000,0.0049887787610619,2025-12-15,1,56500000.0,279400.0,1572.0
tiktok,2025-12-23 01:35:24+00:00,6956,884,279,225300,0.0360363959165557,2025-12-23,2,225300.0,6956.0,884.0
txunamydiamond,2025-06-24 19:24:26+00:00,2300000,2932,11500,18600000,0.1244318279569892,2025-06-24,1,18600000.0,2300000.0,2932.0
tiktok,2025-12-23 20:02:19+00:00,3695,1544,333,362000,0.0153922651933701,2025-12-23,2,362000.0,3695.0,1544.0
danouewely,2025-12-24 16:29:31+00:00,403,87,8,3575,0.1393006993006993,2025-12-24,1,3575.0,403.0,87.0
mrbeast,2025-01-20 18:06:49+00:00,5600000,318300,205500,117800000,0.0519847198641765,2025-01-20,1,117800000.0,5600000.0,318300.0
kimdub26,2025-12-24 17:07:10+00:00,64,15,5,2566,0.0327357755261106,2025-12-24,1,2566.0,64.0,15.0
oseturno,2025-07-15 10:20:38+00:00,13000000,60300,3900000,86000000,0.1972127906976744,2025-07-15,2,86000000.0,13000000.0,60300.0
indybugg,2024-10-24 01:10:22+00:00,1900000,10400,228300,26700000,0.0801011235955056,2024-10-24,1,26700000.0,1900000.0,10400.0
matiana.rodriguez8,2025-12-09 00:12:17+00:00,5,1,0,1148,0.0052264808362369,2025-12-09,1,1148.0,5.0,1.0
leavelol7,2025-10-05 18:53:16+00:00,4500000,5315,28200,53300000,0.0850565666041275,2025-10-05,1,53300000.0,4500000.0,5315.0
mitsy270,2025-01-16 05:14:58+00:00,1800000,2327,52200,10600000,0.1749553773584905,2025-01-16,1,10600000.0,1800000.0,2327.0
brookemonk_,2024-05-01 20:13:37+00:00,2300000,3307,5579,36600000,0.0630843169398907,2024-05-01,1,36600000.0,2300000.0,3307.0
lewindhone,2024-08-29 13:19:39+00:00,4200000,10200,98400,46300000,0.0930583153347732,2024-08-29,1,46300000.0,4200000.0,10200.0
user172793939917,2025-02-13 00:10:02+00:00,109,9,2,1565,0.0766773162939297,2025-02-13,1,1565.0,109.0,9.0
jvtine12,2024-12-21 18:01:15+00:00,4100000,17100,389600,25300000,0.1781304347826087,2024-12-21,1,25300000.0,4100000.0,17100.0
zinwithin,2024-07-23 20:03:10+00:00,1900000,34000,173600,29900000,0.0704882943143812,2024-07-23,1,29900000.0,1900000.0,34000.0
aarimonaee,2024-02-15 02:26:50+00:00,219300,720,1747,1500000,0.1478446666666666,2024-02-15,1,1500000.0,219300.0,720.0
dareksoul,2024-04-27 13:42:37+00:00,64300,98,233,941700,0.0686322608049272,2024-04-27,1,941700.0,64300.0,98.0
kenzieyoakum,2024-03-16 03:33:44+00:00,116000,765,23600,3600000,0.0389902777777777,2024-03-16,1,3600000.0,116000.0,765.0
danialomeli_1,2024-04-28 22:26:29+00:00,64500,1162,17000,1300000,0.0635861538461538,2024-04-28,1,1300000.0,64500.0,1162.0
xhrill,2024-05-28 21:41:21+00:00,130300,551,10200,602500,0.2341095435684647,2024-05-28,1,602500.0,130300.0,551.0
skizzy666,2023-09-05 23:37:48+00:00,128700,723,5342,1200000,0.1123041666666666,2023-09-05,1,1200000.0,128700.0,723.0
kissyou.llove,2023-08-15 01:03:16+00:00,489,18,117,74100,0.0084210526315789,2023-08-15,2,74100.0,489.0,18.0
migne_00,2022-11-05 01:00:03+00:00,326,16,12,101100,0.0035014836795252,2022-11-05,2,101100.0,326.0,16.0
juttsaab.2049,2025-12-24 15:38:37+00:00,61,4,0,202,0.3217821782178218,2025-12-24,1,202.0,61.0,4.0
queen_egirll27,2024-10-18 20:11:09+00:00,97600,426,6410,1100000,0.0949418181818181,2024-10-18,1,1100000.0,97600.0,426.0
tania.mantilla1,2024-11-04 18:30:50+00:00,217000,269,22000,1400000,0.1709064285714285,2024-11-04,1,1400000.0,217000.0,269.0
exoticlarynx,2025-01-16 14:20:02+00:00,3300000,10000,2200000,16400000,0.3359756097560976,2025-01-16,1,16400000.0,3300000.0,10000.0
sunainamemon8,2025-12-24 15:23:28+00:00,1685,162,20,6860,0.2721574344023323,2025-12-24,1,6860.0,1685.0,162.0
ondro.va,2025-12-23 10:35:41+00:00,126500,207,3632,931900,0.1398637192831849,2025-12-23,1,931900.0,126500.0,207.0
aiwrld54,2025-12-23 17:28:55+00:00,749400,12200,55700,26200000,0.0311946564885496,2025-12-23,1,26200000.0,749400.0,12200.0
hearts2miraaa,2025-12-23 19:53:35+00:00,32300,157,2837,197800,0.178432760364004,2025-12-23,1,197800.0,32300.0,157.0
viralmarketingagency,2024-11-07 04:04:30+00:00,67000,905,3040,717800,0.0988367233212594,2024-11-07,1,717800.0,67000.0,905.0
gld_anni,2025-12-24 15:30:45+00:00,9156,27,503,84300,0.1148991696322657,2025-12-24,1,84300.0,9156.0,27.0
user..goneeee,2025-12-25 00:03:36+00:00,1763,83,219,12000,0.1720833333333333,2025-12-25,1,12000.0,1763.0,83.0
user9843780532,2025-12-24 15:28:43+00:00,1114,68,9,4974,0.2394451145958986,2025-12-24,1,4974.0,1114.0,68.0
calm.earth8,2025-07-29 02:53:00+00:00,2600000,17800,504600,23300000,0.1340085836909871,2025-07-29,1,23300000.0,2600000.0,17800.0
ik804loverr,2025-10-10 21:28:07+00:00,2851,163,810,315100,0.0121358298952713,2025-10-10,1,315100.0,2851.0,163.0
catfilm06,2025-08-30 16:09:27+00:00,1300000,8372,230900,37400000,0.0411570053475935,2025-08-30,1,37400000.0,1300000.0,8372.0
go.viral.666,2025-09-02 21:07:15+00:00,1809,535,258,132500,0.0196377358490566,2025-09-02,1,132500.0,1809.0,535.0
jair.gonzalezz,2022-04-02 18:53:39+00:00,36700,60,49,724900,0.0507780383501172,2022-04-02,1,724900.0,36700.0,60.0
orindaaaaaaaa,2025-05-18 17:51:49+00:00,376700,2716,14900,2900000,0.1359710344827586,2025-05-18,1,2900000.0,376700.0,2716.0
1.v197,2025-12-21 10:57:43+00:00,2684,63,102,34300,0.0830612244897959,2025-12-21,1,34300.0,2684.0,63.0
my.ns01,2025-08-19 10:49:07+00:00,14200,172,590,203600,0.0734872298624754,2025-08-19,1,203600.0,14200.0,172.0
richardino69,2025-07-21 15:15:46+00:00,35500,715,3067,240500,0.1633347193347193,2025-07-21,1,240500.0,35500.0,715.0
viral_logs946,2025-12-20 15:11:49+00:00,18100,225,1208,1500000,0.013022,2025-12-20,1,1500000.0,18100.0,225.0
ashxyqw.0,2025-07-08 11:51:10+00:00,7184,25,293,65800,0.1140121580547112,2025-07-08,1,65800.0,7184.0,25.0
gld_anni,2024-12-25 14:40:30+00:00,140700,242,20100,888400,0.1812719495722647,2024-12-25,1,888400.0,140700.0,242.0
zoeyhope.official,2025-02-01 14:35:12+00:00,19900,195,268,352800,0.0577182539682539,2025-02-01,1,352800.0,19900.0,195.0
genart.ia,2025-11-30 15:20:58+00:00,1200000,21200,267600,30500000,0.0488131147540983,2025-11-30,1,30500000.0,1200000.0,21200.0
slimbabylyss,2025-12-23 01:28:26+00:00,235,3,6,4311,0.0565993968916724,2025-12-23,1,4311.0,235.0,3.0
veritoaguassss,2025-12-09 02:26:11+00:00,24700,159,315,225600,0.1115868794326241,2025-12-09,1,225600.0,24700.0,159.0
marilen4_tz,2025-08-27 19:52:27+00:00,1117,94,26,8392,0.1474022878932316,2025-08-27,1,8392.0,1117.0,94.0
mediaworld15,2023-05-30 06:54:43+00:00,7994,1707,12000,960600,0.0225910889027691,2023-05-30,1,960600.0,7994.0,1707.0
onechikiii,2024-05-10 18:33:08+00:00,46400,606,4909,896600,0.0579020745036805,2024-05-10,1,896600.0,46400.0,606.0
cheocrew,2025-07-15 17:21:23+00:00,119600,512,3987,1900000,0.0653152631578947,2025-07-15,1,1900000.0,119600.0,512.0
diorb4e__,2025-08-08 14:48:42+00:00,30700,56,718,231300,0.1360743623000432,2025-08-08,1,231300.0,30700.0,56.0
v0l2x9c,2025-02-22 00:02:37+00:00,115500,206,36700,709400,0.2148378911756414,2025-02-22,1,709400.0,115500.0,206.0
uchiha.29m,2025-02-06 16:01:38+00:00,14400,78,404,158700,0.0937744171392564,2025-02-06,1,158700.0,14400.0,78.0
ciara,2025-06-12 21:19:32+00:00,1800000,10600,18800,13300000,0.1375488721804511,2025-06-12,1,13300000.0,1800000.0,10600.0
ms.moodaa,2024-12-13 06:43:48+00:00,1800000,2397,339000,9600000,0.2230621875,2024-12-13,1,9600000.0,1800000.0,2397.0
malloryroh,2025-02-21 21:57:50+00:00,28400000,87900,4400000,167500000,0.196345671641791,2025-02-21,1,167500000.0,28400000.0,87900.0
gashi,2024-12-18 23:21:17+00:00,13200000,100800,3000000,95600000,0.170510460251046,2024-12-18,1,95600000.0,13200000.0,100800.0
hpc_official,2022-12-31 16:00:54+00:00,5300000,13500,60400,145100000,0.0370358373535492,2022-12-31,1,145100000.0,5300000.0,13500.0
jamesandjasmin,2024-11-12 12:40:31+00:00,3400000,13300,123500,56900000,0.0621581722319859,2024-11-12,1,56900000.0,3400000.0,13300.0
davidbeck,2021-10-10 17:50:01+00:00,2400000,6561,8008,56100000,0.0430404456327985,2021-10-10,1,56100000.0,2400000.0,6561.0
foxweddings,2020-07-26 18:45:26+00:00,2100000,11600,71600,12600000,0.1732698412698412,2020-07-26,1,12600000.0,2100000.0,11600.0
rulaempire,2024-01-07 22:26:45+00:00,4300000,24500,127000,27600000,0.1612862318840579,2024-01-07,1,27600000.0,4300000.0,24500.0
kimberlykimpena,2025-09-07 01:39:44+00:00,5300000,10900,162000,43700000,0.1252379862700229,2025-09-07,1,43700000.0,5300000.0,10900.0
layla_.mckenzie,2025-07-17 20:37:03+00:00,1700000,9474,74800,13000000,0.1372518461538461,2025-07-17,1,13000000.0,1700000.0,9474.0
longislandorganics,2025-08-15 12:20:34+00:00,23400000,111800,9600000,200800000,0.1648994023904382,2025-08-15,3,200800000.0,23400000.0,111800.0
sandrin_do_conteudo,2023-09-10 20:16:32+00:00,1800000,29900,293200,39100000,0.0542992327365728,2023-09-10,1,39100000.0,1800000.0,29900.0
accountwashackedwith50m,2024-02-13 18:06:22+00:00,12200000,50100,199700,139700000,0.0891181102362204,2024-02-13,1,139700000.0,12200000.0,50100.0
viralblitzrealm,2024-02-08 20:27:18+00:00,3000000,22700,501500,82900000,0.0425114595898673,2024-02-08,1,82900000.0,3000000.0,22700.0
legacyheaux,2024-08-31 17:27:00+00:00,2000000,12600,131500,11000000,0.1949181818181818,2024-08-31,1,11000000.0,2000000.0,12600.0
bhadie.kellyy,2025-06-22 21:05:49+00:00,4200000,12600,78900,26800000,0.1601305970149253,2025-06-22,1,26800000.0,4200000.0,12600.0
rulabulatula,2025-03-20 19:12:13+00:00,2400000,9460,221000,14000000,0.18789,2025-03-20,1,14000000.0,2400000.0,9460.0
64krazy,2024-05-28 05:04:28+00:00,1700000,23700,428000,12900000,0.1667984496124031,2024-05-28,1,12900000.0,1700000.0,23700.0
a2p.inc,2022-07-14 17:17:04+00:00,2000000,9713,36600,12100000,0.1691167768595041,2022-07-14,1,12100000.0,2000000.0,9713.0
gloryabisola_,2023-10-27 22:02:36+00:00,2000000,1538,3043,35500000,0.0564670704225352,2023-10-27,1,35500000.0,2000000.0,1538.0
i.post.memes.kuhhh,2025-01-06 19:55:48+00:00,2000000,9825,245100,9900000,0.227770202020202,2025-01-06,1,9900000.0,2000000.0,9825.0
fathenfarms,2023-01-03 19:42:54+00:00,8700000,35200,647500,52700000,0.1780398481973434,2023-01-03,1,52700000.0,8700000.0,35200.0
kristindawnmunoz,2025-05-14 02:09:01+00:00,175100,93500,99300,2400000,0.1532916666666666,2025-05-14,1,2400000.0,175100.0,93500.0
aprendiendoconcielo,2024-11-25 21:52:50+00:00,3200000,52700,921700,42200000,0.0989194312796208,2024-11-25,1,42200000.0,3200000.0,52700.0
sweetnthicc,2025-12-26 22:53:59+00:00,9,2,0,50,0.22,2025-12-26,1,50.0,9.0,2.0
life_of_temi,2025-08-11 05:59:08+00:00,6100000,17600,257700,53800000,0.1185,2025-08-11,1,53800000.0,6100000.0,17600.0
vecinosofi,2023-04-07 00:46:00+00:00,2800000,16700,231000,39300000,0.0775496183206106,2023-04-07,1,39300000.0,2800000.0,16700.0
.calvjn,2024-11-14 02:58:26+00:00,4300000,20900,640700,24500000,0.2025142857142857,2024-11-14,1,24500000.0,4300000.0,20900.0
_datgurl.reso,2025-04-12 17:06:42+00:00,146600,431,830,1700000,0.0869770588235294,2025-04-12,1,1700000.0,146600.0,431.0
nior_q19,2025-12-15 19:07:18+00:00,50300,167,2696,342900,0.1550393700787401,2025-12-15,1,342900.0,50300.0,167.0
viralmarketingagency,2024-11-09 07:41:49+00:00,94700,926,4211,1000000,0.099837,2024-11-09,1,1000000.0,94700.0,926.0
go.viral.666,2025-08-19 08:18:38+00:00,1332,140,33,68700,0.0219068413391557,2025-08-19,1,68700.0,1332.0,140.0
rand0mshu,2025-04-25 13:18:28+00:00,508500,1407,15000,3000000,0.174969,2025-04-25,1,3000000.0,508500.0,1407.0
emma.mullahi,2025-12-14 09:29:30+00:00,28000,92,539,141200,0.2027691218130311,2025-12-14,1,141200.0,28000.0,92.0
tizigurevichh,2025-05-18 22:26:22+00:00,412,98,9,29400,0.0176530612244897,2025-05-18,1,29400.0,412.0,98.0
landonn149,2025-10-27 21:07:58+00:00,41800,559,599,281800,0.1524414478353442,2025-10-27,1,281800.0,41800.0,559.0
ljjldprh,2025-11-22 05:40:54+00:00,1600000,19500,808500,22600000,0.107433628318584,2025-11-22,1,22600000.0,1600000.0,19500.0
slimbabylyss,2025-12-21 06:18:35+00:00,524,12,11,8379,0.065282253252178,2025-12-21,2,8379.0,524.0,12.0
uchiha.29m,2025-10-22 08:14:35+00:00,17400,96,391,168800,0.1059656398104265,2025-10-22,1,168800.0,17400.0,96.0
misadventuresofz,2025-07-18 21:27:08+00:00,4000000,21900,256000,16000000,0.26736875,2025-07-18,1,16000000.0,4000000.0,21900.0
reaghans.secret,2024-08-07 22:05:31+00:00,284900,827,64500,1600000,0.218891875,2024-08-07,1,1600000.0,284900.0,827.0
clouted.jayk,2024-06-02 18:05:39+00:00,328400,1493,31400,1900000,0.1901542105263158,2024-06-02,1,1900000.0,328400.0,1493.0
destinytarusan,2025-01-26 05:25:56+00:00,664200,3210,9873,3500000,0.1935094285714285,2025-01-26,1,3500000.0,664200.0,3210.0
kaylamalecc,2023-12-24 22:01:33+00:00,239300,965,163,2300000,0.1045339130434782,2023-12-24,1,2300000.0,239300.0,965.0
daanielaann,2023-08-12 23:31:57+00:00,698300,3809,35500,3700000,0.1993537837837838,2023-08-12,1,3700000.0,698300.0,3809.0
brianelyy,2024-08-04 02:30:45+00:00,254700,586,8092,1200000,0.2194816666666666,2024-08-04,1,1200000.0,254700.0,586.0
ciaraoommen,2024-07-28 18:40:30+00:00,335600,621,8759,2500000,0.137992,2024-07-28,1,2500000.0,335600.0,621.0
leah_mifsud,2024-04-07 12:55:56+00:00,255500,3065,23000,3800000,0.0740960526315789,2024-04-07,1,3800000.0,255500.0,3065.0
shakila.moon.usa,2025-12-26 22:55:39+00:00,12,1,0,145,0.0896551724137931,2025-12-26,1,145.0,12.0,1.0
imkorr,2024-12-10 13:58:34+00:00,259600,1832,10700,1700000,0.1600776470588235,2024-12-10,1,1700000.0,259600.0,1832.0
jakegoodmanmd,2021-08-15 21:00:20+00:00,30800,360,1354,416900,0.0779899256416406,2021-08-15,1,416900.0,30800.0,360.0
drbradklontz,2021-09-08 21:04:32+00:00,336800,2795,97000,2900000,0.15055,2021-09-08,1,2900000.0,336800.0,2795.0
studymoofin,2021-09-10 01:18:13+00:00,1400000,5155,31700,10100000,0.1422628712871287,2021-09-10,1,10100000.0,1400000.0,5155.0
goharsguide,2021-09-06 19:31:33+00:00,1200000,1471,17100,7400000,0.1646717567567567,2021-09-06,1,7400000.0,1200000.0,1471.0
studywithsoybean,2021-08-20 14:32:05+00:00,474300,1118,3094,3600000,0.13292,2021-08-20,1,3600000.0,474300.0,1118.0
doctor.mark,2021-08-23 10:23:56+00:00,86900,721,579,609200,0.1447800393959291,2021-08-23,1,609200.0,86900.0,721.0
itsangelicageorges,2021-08-16 01:30:24+00:00,97000,278,1135,596900,0.1648735131512816,2021-08-16,1,596900.0,97000.0,278.0
thesecrethistoryofhallie,2021-08-23 04:05:08+00:00,89900,258,461,434600,0.2085112747353888,2021-08-23,1,434600.0,89900.0,258.0
celine.handoko,2021-09-08 03:54:54+00:00,32600,163,257,470000,0.0702553191489361,2021-09-08,1,470000.0,32600.0,163.0
teandstudy,2021-09-13 06:53:45+00:00,42300,91,839,315500,0.1370206022187004,2021-09-13,2,315500.0,42300.0,91.0
whitecoatpending,2021-08-26 16:07:32+00:00,136800,381,2656,640500,0.2183247462919594,2021-08-26,1,640500.0,136800.0,381.0
averiebishop,2021-08-21 21:17:53+00:00,35200,102,485,267000,0.1340337078651685,2021-08-21,1,267000.0,35200.0,102.0
registerednurserhae,2021-08-21 16:40:12+00:00,25600,77,1634,270900,0.1008157991878922,2021-08-21,1,270900.0,25600.0,77.0
drkenialeon,2021-09-11 14:09:51+00:00,38300,130,416,344600,0.1127278003482298,2021-09-11,1,344600.0,38300.0,130.0
ericassleepyhollow,2021-09-11 00:58:42+00:00,55400,270,689,262400,0.2147827743902439,2021-09-11,1,262400.0,55400.0,270.0
teandstudy,2021-09-13 11:25:59+00:00,31700,780,1258,259800,0.1298614318706697,2021-09-13,2,259800.0,31700.0,780.0
bikiniisandbelliniis,2021-09-12 02:54:11+00:00,100300,194,291,607200,0.1659832015810276,2021-09-12,1,607200.0,100300.0,194.0
studyweve,2025-12-12 20:48:32+00:00,92000,152,2000,436900,0.2155001144426642,2025-12-12,1,436900.0,92000.0,152.0
studyingwithshrisha,2025-12-15 14:03:55+00:00,55300,94,434,189300,0.294918119387216,2025-12-15,1,189300.0,55300.0,94.0
eemlyy,2025-12-14 19:14:09+00:00,25400,43,390,110900,0.2329395852119026,2025-12-14,1,110900.0,25400.0,43.0
sei__on,2025-12-15 09:01:17+00:00,59200,236,1854,216500,0.283094688221709,2025-12-15,1,216500.0,59200.0,236.0
itsherweng_,2025-12-13 23:08:23+00:00,76000,159,3244,483100,0.1643614158559304,2025-12-13,1,483100.0,76000.0,159.0
laeticiahh,2025-12-03 20:39:46+00:00,17100,65,585,137600,0.1289970930232558,2025-12-03,1,137600.0,17100.0,65.0
aaliyahim,2024-11-07 05:14:16+00:00,1100000,3846,22500,7200000,0.1564369444444444,2024-11-07,1,7200000.0,1100000.0,3846.0
bioinanutshell_,2025-12-05 18:40:04+00:00,144000,464,21500,693600,0.2392791234140715,2025-12-05,1,693600.0,144000.0,464.0
aleksandrahoeye,2025-12-15 21:03:05+00:00,10700,12,181,51300,0.2123391812865497,2025-12-15,1,51300.0,10700.0,12.0
noelia_moore,2025-12-16 15:43:14+00:00,57600,98,1260,206400,0.2856492248062015,2025-12-16,1,206400.0,57600.0,98.0
notedandneat,2025-07-21 07:21:41+00:00,1200000,5842,29300,4500000,0.274476,2025-07-21,1,4500000.0,1200000.0,5842.0
secret.study.acc,2025-12-16 13:18:07+00:00,33900,157,754,153500,0.2267817589576547,2025-12-16,1,153500.0,33900.0,157.0
guysitsjulia,2025-10-05 13:54:03+00:00,426500,631,8192,2500000,0.1741292,2025-10-05,1,2500000.0,426500.0,631.0
artofsmartedu,2021-07-14 09:05:41+00:00,38000,315,620,183900,0.2117183251767264,2021-07-14,1,183900.0,38000.0,315.0
fahad_teaches,2021-08-26 07:10:53+00:00,27300,164,187,188100,0.1470015948963317,2021-08-26,1,188100.0,27300.0,164.0
lozdogzz,2021-08-05 10:29:58+00:00,6842,42,339,78300,0.0922477650063856,2021-08-05,1,78300.0,6842.0,42.0
rubyyydoobyy,2021-07-22 08:34:50+00:00,5074,114,97,80500,0.0656521739130434,2021-07-22,1,80500.0,5074.0,114.0
artofsmartedu,2021-07-01 04:22:44+00:00,7305,184,243,59700,0.1295142378559464,2021-07-01,1,59700.0,7305.0,184.0
jufmlg,2021-09-22 17:03:05+00:00,14900,240,301,415500,0.0371624548736462,2021-09-22,1,415500.0,14900.0,240.0
newams_,2021-09-16 11:25:08+00:00,4419,128,35,133300,0.0343735933983495,2021-09-16,1,133300.0,4419.0,128.0
jufmlg,2021-09-16 14:24:03+00:00,2621,41,113,58000,0.0478448275862068,2021-09-16,1,58000.0,2621.0,41.0
nichollepatricia,2021-04-07 20:02:12+00:00,815700,13800,22800,6300000,0.1352857142857143,2021-04-07,1,6300000.0,815700.0,13800.0
yumekacake,2021-02-17 21:56:54+00:00,890700,9255,8277,3600000,0.2522866666666666,2021-02-17,1,3600000.0,890700.0,9255.0
karthitsa,2021-04-21 14:15:31+00:00,1500000,2803,47100,10000000,0.1549903,2021-04-21,1,10000000.0,1500000.0,2803.0
psychologee,2021-07-30 16:00:19+00:00,1400000,2271,3763,7700000,0.1826018181818181,2021-07-30,1,7700000.0,1400000.0,2271.0
teandstudy,2021-08-19 00:14:32+00:00,2200000,16400,45100,9700000,0.2331443298969072,2021-08-19,1,9700000.0,2200000.0,16400.0
sage.studies,2021-08-03 15:30:14+00:00,1700000,9248,34300,9300000,0.1874782795698924,2021-08-03,1,9300000.0,1700000.0,9248.0
averiebishop,2021-03-10 22:51:56+00:00,1600000,0,14900,8900000,0.1814494382022471,2021-03-10,1,8900000.0,1600000.0,0.0
psychologee,2021-06-26 16:18:58+00:00,3400000,8688,257500,22300000,0.1644030493273542,2021-06-26,1,22300000.0,3400000.0,8688.0
mgvikk2,2025-05-01 07:40:25+00:00,77000,580,14100,2300000,0.0398608695652173,2025-05-01,1,2300000.0,77000.0,580.0
lauryn.kyle0,2025-04-19 04:23:04+00:00,76100,542,4664,1400000,0.0580757142857142,2025-04-19,1,1400000.0,76100.0,542.0
antxana,2023-01-03 22:03:53+00:00,848800,10000,43000,14600000,0.0617671232876712,2023-01-03,1,14600000.0,848800.0,10000.0
santinoak1,2025-11-08 10:20:00+00:00,104200,1649,2615,15500000,0.0069976774193548,2025-11-08,1,15500000.0,104200.0,1649.0
ella_helmi_twins,2025-10-07 04:40:58+00:00,32200,98,1559,413200,0.0819385285575992,2025-10-07,1,413200.0,32200.0,98.0
jacki_.naglezzz,2025-10-18 01:20:02+00:00,1300000,5216,337300,9700000,0.1693315463917525,2025-10-18,1,9700000.0,1300000.0,5216.0
laughus,2023-02-11 16:51:18+00:00,122000,2444,16000,2600000,0.054016923076923,2023-02-11,1,2600000.0,122000.0,2444.0
asiakertusha_,2025-12-07 20:34:46+00:00,5300,10,249,85800,0.0647902097902097,2025-12-07,1,85800.0,5300.0,10.0
mariilenaa.aa,2025-11-14 21:07:21+00:00,3341,115,95,128600,0.0276127527216174,2025-11-14,1,128600.0,3341.0,115.0
laraaizzz,2025-07-16 17:42:27+00:00,3649,56,737,32800,0.1354268292682927,2025-07-16,1,32800.0,3649.0,56.0
lluna.zwombie,2025-05-05 17:43:47+00:00,3895,57,146,74100,0.0553036437246963,2025-05-05,1,74100.0,3895.0,57.0
mr.zhu_1,2025-09-08 09:16:25+00:00,25100,521,345,3900000,0.0066579487179487,2025-09-08,1,3900000.0,25100.0,521.0
parisowyang_,2025-10-18 22:14:57+00:00,12600,256,486,529200,0.0252116402116402,2025-10-18,1,529200.0,12600.0,256.0
asthetic_qeens0,2025-12-20 14:49:51+00:00,11700,74,367,218200,0.0556416131989,2025-12-20,1,218200.0,11700.0,74.0
ustalnets,2025-02-07 21:13:24+00:00,46600,7464,11600,7000000,0.0093805714285714,2025-02-07,1,7000000.0,46600.0,7464.0
petopia27,2025-08-07 21:46:18+00:00,4615,133,226,673300,0.0073874944304173,2025-08-07,1,673300.0,4615.0,133.0
nourfahaam,2025-08-06 15:11:12+00:00,1003,109,17,1400000,0.0008064285714285,2025-08-06,1,1400000.0,1003.0,109.0
lu12na00,2025-09-21 15:26:17+00:00,1243,40,45,31700,0.0418927444794952,2025-09-21,1,31700.0,1243.0,40.0
.life_is_short,2025-11-09 23:28:57+00:00,1616,76,120,330500,0.005482602118003,2025-11-09,1,330500.0,1616.0,76.0
funnyboy1.5,2025-09-10 07:58:51+00:00,2602,408,143,334600,0.0094231918708906,2025-09-10,1,334600.0,2602.0,408.0
jordana.aaahhh,2025-05-15 11:26:17+00:00,622,10,4,10700,0.0594392523364485,2025-05-15,1,10700.0,622.0,10.0
jrakedaily,2025-10-30 18:41:13+00:00,881,25,30,131600,0.007112462006079,2025-10-30,1,131600.0,881.0,25.0
ne.linkaa._,2025-01-30 12:03:31+00:00,9013,260,487,352200,0.0277115275411697,2025-01-30,1,352200.0,9013.0,260.0
kreppyfazta,2025-06-13 01:26:21+00:00,893,190,622,116300,0.0146603611349957,2025-06-13,1,116300.0,893.0,190.0
kaiyechuu,2025-10-11 10:43:47+00:00,119200,3237,27300,2800000,0.0534775,2025-10-11,1,2800000.0,119200.0,3237.0
_oliviafischer_,2025-08-02 17:12:37+00:00,1343,81,21,87500,0.0165142857142857,2025-08-02,1,87500.0,1343.0,81.0
evil70302,2025-11-15 15:19:37+00:00,5371,241,200,102100,0.0569245837414299,2025-11-15,1,102100.0,5371.0,241.0
jordan_the_stallion8,2023-09-19 03:27:19+00:00,2500000,19800,138100,30100000,0.0883023255813953,2023-09-19,1,30100000.0,2500000.0,19800.0
kirby_j,2024-10-24 20:41:30+00:00,2700000,2785,31200,18400000,0.1485861413043478,2024-10-24,1,18400000.0,2700000.0,2785.0
caramel.studyy,2025-02-13 14:02:14+00:00,374700,2218,7343,2700000,0.1423188888888888,2025-02-13,1,2700000.0,374700.0,2218.0
studywithhannaah,2025-12-09 02:47:20+00:00,58800,113,1324,223900,0.2690352836087539,2025-12-09,1,223900.0,58800.0,113.0
phuonghocdi,2025-11-12 14:37:54+00:00,234700,452,4195,1600000,0.149591875,2025-11-12,1,1600000.0,234700.0,452.0
asaxcameron,2025-10-30 21:30:15+00:00,73200,823,3815,562300,0.1384278854703894,2025-10-30,1,562300.0,73200.0,823.0
aliyahsimone,2025-11-22 21:40:33+00:00,113800,734,5908,662000,0.1819365558912386,2025-11-22,1,662000.0,113800.0,734.0
tsvetka1,2025-12-16 10:47:26+00:00,35400,115,281,281300,0.1272520440810522,2025-12-16,1,281300.0,35400.0,115.0
meleleluv,2025-10-16 13:27:20+00:00,190800,549,3371,1000000,0.19472,2025-10-16,1,1000000.0,190800.0,549.0
ashley.hart,2025-11-24 05:41:07+00:00,22400,198,564,144000,0.1608472222222222,2025-11-24,1,144000.0,22400.0,198.0
kyliejenner,2025-02-11 18:44:55+00:00,1500000,4630,11100,17900000,0.0846776536312849,2025-02-11,1,17900000.0,1500000.0,4630.0
elisapur,2025-12-20 17:26:28+00:00,90200,746,1708,320800,0.2888216957605985,2025-12-20,1,320800.0,90200.0,746.0
erinfoleyyyyy,2025-11-28 20:36:24+00:00,91400,756,4416,392900,0.2457928226011707,2025-11-28,1,392900.0,91400.0,756.0
monas._diary,2025-10-24 22:01:07+00:00,5864,117,98,37500,0.1621066666666666,2025-10-24,1,37500.0,5864.0,117.0
doceanaleticia_,2025-10-15 20:01:00+00:00,252300,2054,3955,1600000,0.161443125,2025-10-15,1,1600000.0,252300.0,2054.0
laurenkkim0,2025-12-11 23:24:59+00:00,31100,72,75,150800,0.2072082228116711,2025-12-11,1,150800.0,31100.0,72.0
themahaliajae,2025-12-03 17:10:36+00:00,2626,56,64,24900,0.1102811244979919,2025-12-03,1,24900.0,2626.0,56.0
selfcarewluc,2025-12-09 03:17:38+00:00,51200,368,657,369800,0.1412249864791779,2025-12-09,1,369800.0,51200.0,368.0
geminivlogss,2025-11-10 20:00:05+00:00,7290,55,139,57500,0.1301565217391304,2025-11-10,1,57500.0,7290.0,55.0
selfcarewluc,2025-05-26 20:47:19+00:00,100900,890,1524,876100,0.1179248944184453,2025-05-26,1,876100.0,100900.0,890.0
quorityler,2023-12-16 02:45:58+00:00,21400,481,200,149900,0.1473048699132755,2023-12-16,1,149900.0,21400.0,481.0
angievlogs7,2025-11-26 14:27:46+00:00,202200,552,7816,1200000,0.1754733333333333,2025-11-26,1,1200000.0,202200.0,552.0
natalieegrxce,2025-12-12 19:15:23+00:00,621,5,5,9695,0.0650850954100051,2025-12-12,1,9695.0,621.0,5.0
myamyse,2025-11-11 14:49:09+00:00,26200,461,981,177900,0.1553794266441821,2025-11-11,1,177900.0,26200.0,461.0
amouriori,2023-06-05 05:35:21+00:00,531400,1422,6500,5200000,0.1037157692307692,2023-06-05,1,5200000.0,531400.0,1422.0
meowwx109,2025-11-11 14:05:56+00:00,93300,533,1214,427400,0.2223841834347215,2025-11-11,1,427400.0,93300.0,533.0
ksuzzz3,2025-11-21 16:26:21+00:00,112800,667,2326,1000000,0.115793,2025-11-21,1,1000000.0,112800.0,667.0
..vlogswolivia,2025-12-04 03:07:53+00:00,6932,146,105,56200,0.1278113879003558,2025-12-04,1,56200.0,6932.0,146.0
dareksoul,2024-04-13 13:07:12+00:00,70900,130,312,3200000,0.022294375,2024-04-13,1,3200000.0,70900.0,130.0
migne_00,2022-10-15 12:18:19+00:00,1026,5,19,38300,0.0274151436031331,2022-10-15,2,38300.0,1026.0,5.0
migne_00,2023-01-23 00:03:15+00:00,248,6,8,8379,0.0312686478100011,2023-01-23,1,8379.0,248.0,6.0
vennom.xx,2022-08-26 19:40:18+00:00,100,5,0,13700,0.0076642335766423,2022-08-26,1,13700.0,100.0,5.0
migne_00,2022-08-26 14:42:16+00:00,1227,11,7,51000,0.0244117647058823,2022-08-26,2,51000.0,1227.0,11.0
migne_00,2022-08-21 21:31:42+00:00,1057,11,10,39900,0.0270175438596491,2022-08-21,1,39900.0,1057.0,11.0
naa.kana,2025-04-21 13:02:23+00:00,277500,553,5116,4400000,0.0643565909090909,2025-04-21,1,4400000.0,277500.0,553.0
migne_00,2022-04-15 19:57:22+00:00,3493,68,77,61000,0.059639344262295,2022-04-15,2,61000.0,3493.0,68.0
wthisamegan,2022-08-08 01:38:19+00:00,71,1,2,13800,0.0053623188405797,2022-08-08,1,13800.0,71.0,1.0
bluefacebleedem,2021-08-09 20:53:59+00:00,1900000,12700,15600,15400000,0.1252142857142857,2021-08-09,1,15400000.0,1900000.0,12700.0
lechat.vv,2021-08-11 02:49:44+00:00,4800000,11500,62600,57600000,0.0846197916666666,2021-08-11,2,57600000.0,4800000.0,11500.0
realadamrose,2020-08-21 18:14:53+00:00,3600000,29100,199300,26000000,0.1472461538461538,2020-08-21,1,26000000.0,3600000.0,29100.0
sumenas,2021-09-11 14:20:53+00:00,499100,4197,2329,4800000,0.10533875,2021-09-11,1,4800000.0,499100.0,4197.0
bellapoarch,2020-09-11 23:30:31+00:00,25100000,231800,121900,373200000,0.0682039121114683,2020-09-11,1,373200000.0,25100000.0,231800.0
migne_00,2022-12-29 03:05:32+00:00,337,12,6,16700,0.0212574850299401,2022-12-29,1,16700.0,337.0,12.0
joeyking,2020-07-25 23:09:26+00:00,8000000,40100,30500,51600000,0.156406976744186,2020-07-25,1,51600000.0,8000000.0,40100.0
ifufeelaloneatparties,2023-07-28 22:25:33+00:00,374100,901,6747,3300000,0.1156812121212121,2023-07-28,1,3300000.0,374100.0,901.0
yesimgeni,2023-09-29 18:27:53+00:00,182800,663,2640,712000,0.2613806179775281,2023-09-29,1,712000.0,182800.0,663.0
_2sumn,2025-10-25 18:04:21+00:00,2600000,6595,434900,12900000,0.2357748062015504,2025-10-25,1,12900000.0,2600000.0,6595.0
heytakeachance,2025-10-27 14:45:41+00:00,2600000,6513,860900,14000000,0.2476723571428571,2025-10-27,1,14000000.0,2600000.0,6513.0
elliesabillon,2024-09-13 16:51:57+00:00,355400,1086,11300,5200000,0.0707280769230769,2024-09-13,1,5200000.0,355400.0,1086.0
gisel_lagisel,2022-09-11 05:23:59+00:00,456200,2805,7912,53900000,0.0086626530612244,2022-09-11,1,53900000.0,456200.0,2805.0
miadewaele,2024-08-07 22:32:23+00:00,2800000,6142,200600,24600000,0.1222252845528455,2024-08-07,1,24600000.0,2800000.0,6142.0
silleglad_,2024-01-29 21:19:53+00:00,1900000,5711,23100,10300000,0.1872632038834951,2024-01-29,1,10300000.0,1900000.0,5711.0
sabyyg,2025-01-18 23:49:24+00:00,1600000,1135,57800,20100000,0.08253407960199,2025-01-18,1,20100000.0,1600000.0,1135.0
__catwoman00__,2025-12-26 22:26:20+00:00,146,7,2,1322,0.1172465960665658,2025-12-26,1,1322.0,146.0,7.0
iamcharleighrae,2024-04-22 19:40:02+00:00,3600000,23300,305800,19800000,0.1984393939393939,2024-04-22,1,19800000.0,3600000.0,23300.0
wzrse,2023-10-11 21:00:31+00:00,3200000,6476,64200,21000000,0.1557464761904761,2023-10-11,1,21000000.0,3200000.0,6476.0
zaya2531,2024-10-08 13:52:23+00:00,6500000,57100,1200000,42400000,0.1829504716981132,2024-10-08,1,42400000.0,6500000.0,57100.0
vibewitxian,2025-06-05 03:45:54+00:00,7000000,28900,3300000,50600000,0.2041284584980237,2025-06-05,1,50600000.0,7000000.0,28900.0
angela.danii,2024-03-12 03:20:46+00:00,1800000,4228,62900,8200000,0.2276985365853658,2024-03-12,1,8200000.0,1800000.0,4228.0
sneakers101004,2025-07-02 01:19:01+00:00,3800000,23800,313800,21600000,0.1915555555555555,2025-07-02,1,21600000.0,3800000.0,23800.0
myrisa_jaymes,2025-12-26 23:00:50+00:00,28,0,2,771,0.0389105058365758,2025-12-26,1,771.0,28.0,0.0
rulaisbackkkkkkkk,2025-02-26 00:04:00+00:00,1800000,5999,232400,9500000,0.2145683157894737,2025-02-26,1,9500000.0,1800000.0,5999.0
migne_00,2022-08-13 04:43:21+00:00,351,5,10,16000,0.022875,2022-08-13,1,16000.0,351.0,5.0
dishadaybysumyat,2025-03-16 13:50:06+00:00,15100,209,849,622400,0.025960796915167,2025-03-16,1,622400.0,15100.0,209.0
review_all_vd,2025-12-13 17:17:14+00:00,1452,75,367,500900,0.003781193851068,2025-12-13,1,500900.0,1452.0,75.0
dear.visit,2025-04-10 11:34:37+00:00,20500,62,634,177600,0.1193468468468468,2025-04-10,1,177600.0,20500.0,62.0
moimagcf41u,2025-11-23 10:36:02+00:00,1046,10,34,257500,0.0042330097087378,2025-11-23,1,257500.0,1046.0,10.0
moimagcf41u,2025-11-28 12:12:42+00:00,1372,23,39,154200,0.0092996108949416,2025-11-28,1,154200.0,1372.0,23.0
nana_.00w,2025-01-03 04:11:21+00:00,43900,447,2444,1000000,0.046791,2025-01-03,1,1000000.0,43900.0,447.0
akirayamiku,2025-05-28 12:57:11+00:00,2046,18,267,70800,0.0329237288135593,2025-05-28,1,70800.0,2046.0,18.0
sxp.routines_,2025-08-23 05:49:11+00:00,18600,352,328,217000,0.0888479262672811,2025-08-23,1,217000.0,18600.0,352.0
pam.00w,2024-07-30 09:38:40+00:00,35700,640,631,1300000,0.0284392307692307,2024-07-30,1,1300000.0,35700.0,640.0
xpwuddingvlogsx,2025-12-17 23:00:31+00:00,6881,613,282,315000,0.0246857142857142,2025-12-17,1,315000.0,6881.0,613.0
iamdiepha._,2023-07-14 05:50:52+00:00,25300,363,2288,1300000,0.0215007692307692,2023-07-14,1,1300000.0,25300.0,363.0
lalunafleurs,2025-11-27 21:11:34+00:00,81000,563,2158,348300,0.2403703703703703,2025-11-27,1,348300.0,81000.0,563.0
brunellachevalier,2024-06-25 02:19:35+00:00,47600,502,6537,1600000,0.034149375,2024-06-25,1,1600000.0,47600.0,502.0
itsssss_ora,2025-12-01 18:20:20+00:00,22500,117,894,136400,0.1723680351906158,2025-12-01,1,136400.0,22500.0,117.0
alishaasngg,2024-04-20 20:03:21+00:00,87800,552,1384,883600,0.1015572657311,2024-04-20,1,883600.0,87800.0,552.0
itsodjam,2025-05-06 21:51:48+00:00,156800,748,3618,2200000,0.0732572727272727,2025-05-06,1,2200000.0,156800.0,748.0
ash_vee_,2025-06-27 14:58:28+00:00,316,9,6,12400,0.0266935483870967,2025-06-27,1,12400.0,316.0,9.0
pearlypasjii,2025-08-06 07:30:04+00:00,9332,296,399,463000,0.0216565874730021,2025-08-06,1,463000.0,9332.0,296.0
mikhailaa254,2024-12-17 00:55:05+00:00,59900,1860,1971,5100000,0.0124962745098039,2024-12-17,1,5100000.0,59900.0,1860.0
qwashjijk,2025-08-03 02:46:08+00:00,263600,1204,19800,5300000,0.0536988679245283,2025-08-03,1,5300000.0,263600.0,1204.0
moimagcf41u,2025-11-09 10:40:25+00:00,13500,179,624,2100000,0.0068109523809523,2025-11-09,1,2100000.0,13500.0,179.0
vlog_with_angel.00,2025-04-12 12:43:24+00:00,7586,189,239,387600,0.0206759545923632,2025-04-12,1,387600.0,7586.0,189.0
tayyabakiran7352,2025-03-20 14:36:18+00:00,193400,3729,4889,4000000,0.0505045,2025-03-20,1,4000000.0,193400.0,3729.0
kylie.00w,2025-01-03 02:33:36+00:00,30700,3878,1757,2800000,0.0129767857142857,2025-01-03,1,2800000.0,30700.0,3878.0
dreandken,2025-07-05 21:17:51+00:00,29700,550,448,1100000,0.0279072727272727,2025-07-05,1,1100000.0,29700.0,550.0
pastelera27,2024-10-26 06:38:26+00:00,292200,1333,3041,3300000,0.089870909090909,2024-10-26,1,3300000.0,292200.0,1333.0
abdoul.karim.keta780,2025-11-01 22:12:05+00:00,48,13,1,470,0.1319148936170212,2025-11-01,1,470.0,48.0,13.0
nicolemacck,2021-04-18 21:34:39+00:00,3600000,23800,13600,19600000,0.1855816326530612,2021-04-18,2,19600000.0,3600000.0,23800.0
trenndinggg,2024-12-09 00:30:00+00:00,510,56,74,94400,0.0067796610169491,2024-12-09,1,94400.0,510.0,56.0
me03319,2025-12-26 22:50:05+00:00,29,1,3,179,0.1843575418994413,2025-12-26,1,179.0,29.0,1.0
kimkardashian,2025-12-26 21:26:37+00:00,115800,498,1755,865800,0.1363513513513513,2025-12-26,1,865800.0,115800.0,498.0
showtime5948,2025-01-21 10:55:55+00:00,164100,1107,1217,2400000,0.0693433333333333,2025-01-21,1,2400000.0,164100.0,1107.0
.eslis,2024-09-25 04:16:50+00:00,222100,2003,3345,2800000,0.0812314285714285,2024-09-25,1,2800000.0,222100.0,2003.0
user63857450625900,2025-07-20 04:51:02+00:00,2600000,2268,89400,13200000,0.2039142424242424,2025-07-20,1,13200000.0,2600000.0,2268.0
richii250,2024-08-02 02:50:39+00:00,353800,1126,71700,2400000,0.1777608333333333,2024-08-02,1,2400000.0,353800.0,1126.0
ellakuchefski,2024-05-31 18:01:46+00:00,241000,1727,12400,3800000,0.0671386842105263,2024-05-31,1,3800000.0,241000.0,1727.0
zzariiaaa,2024-09-28 23:32:35+00:00,336400,304,2803,2400000,0.14146125,2024-09-28,1,2400000.0,336400.0,304.0
xhrill,2024-09-20 00:31:37+00:00,242500,982,21800,1300000,0.2040630769230769,2024-09-20,1,1300000.0,242500.0,982.0
notnataliereynoldss,2025-12-26 16:00:03+00:00,151600,2710,1543,1700000,0.0916782352941176,2025-12-26,1,1700000.0,151600.0,2710.0
camy_bertolini,2024-05-25 02:43:00+00:00,258500,409,8511,1400000,0.1910142857142857,2024-05-25,1,1400000.0,258500.0,409.0
charbelbahous,2025-12-26 23:01:28+00:00,146,6,4,1514,0.1030383091149273,2025-12-26,1,1514.0,146.0,6.0
vivi2freaky,2024-12-06 01:53:59+00:00,469500,2375,37100,4500000,0.1131055555555555,2024-12-06,1,4500000.0,469500.0,2375.0
vivi2freaky,2024-12-08 02:00:10+00:00,232000,558,17100,2100000,0.1188847619047619,2024-12-08,1,2100000.0,232000.0,558.0
aiyaa09097,2023-11-03 15:00:43+00:00,1400000,27900,99800,145500000,0.0104996563573883,2023-11-03,1,145500000.0,1400000.0,27900.0
shaeshae5000,2025-01-23 05:18:29+00:00,189200,1776,13500,780700,0.2619136672217241,2025-01-23,1,780700.0,189200.0,1776.0
ashleywritesthings,2025-01-21 07:08:21+00:00,2600000,16400,46400,11600000,0.229551724137931,2025-01-21,1,11600000.0,2600000.0,16400.0
ttvalexdougherty,2024-07-03 15:59:03+00:00,89700,4927,32800,3900000,0.0326735897435897,2024-07-03,1,3900000.0,89700.0,4927.0
seullri,2025-12-14 12:00:55+00:00,96000,252,3017,418400,0.2372586042065009,2025-12-14,1,418400.0,96000.0,252.0
xxtheone,2025-11-23 19:55:52+00:00,47600,109,1031,182700,0.266776135741653,2025-11-23,1,182700.0,47600.0,109.0
study.motiv.aest,2025-12-14 19:20:03+00:00,117400,218,4144,602700,0.2020275427244068,2025-12-14,1,602700.0,117400.0,218.0
studytok_40,2025-10-16 21:46:55+00:00,156,0,1,3015,0.0520729684908789,2025-10-16,1,3015.0,156.0,0.0
jasonchungg,2025-12-09 01:10:47+00:00,272800,236,24700,1100000,0.2706690909090909,2025-12-09,1,1100000.0,272800.0,236.0
.insideagirlshead,2025-11-23 22:34:32+00:00,626100,7673,33100,2700000,0.24699,2025-11-23,1,2700000.0,626100.0,7673.0
studytok_40,2025-10-15 01:39:35+00:00,315,1,1,3037,0.1043793216990451,2025-10-15,1,3037.0,315.0,1.0
nfrstuff,2025-02-21 02:14:19+00:00,3100000,13800,121600,24700000,0.1309878542510121,2025-02-21,1,24700000.0,3100000.0,13800.0
hervibes84,2025-12-11 13:19:23+00:00,38000,104,1488,197000,0.2009746192893401,2025-12-11,1,197000.0,38000.0,104.0
academicbarbiee,2025-10-11 17:54:31+00:00,33000,88,2544,225100,0.1582940915148822,2025-10-11,1,225100.0,33000.0,88.0
joce.erly,2025-11-20 05:20:09+00:00,14900,58,326,126200,0.1211093502377179,2025-11-20,1,126200.0,14900.0,58.0
anotherhannahhhh,2025-11-16 05:14:29+00:00,3782,18,53,28800,0.1337847222222222,2025-11-16,1,28800.0,3782.0,18.0
studylabz,2025-11-25 19:29:23+00:00,276400,489,10800,1300000,0.2212992307692307,2025-11-25,1,1300000.0,276400.0,489.0
studytok_40,2024-09-09 23:38:36+00:00,18600,70,517,202800,0.0946104536489151,2024-09-09,1,202800.0,18600.0,70.0
mwchiiwoni,2025-06-07 16:47:45+00:00,138300,3733,5028,893200,0.1646450962830273,2025-06-07,1,893200.0,138300.0,3733.0
oliviamaebarness,2025-06-05 09:11:56+00:00,103700,370,1573,549900,0.1921131114748136,2025-06-05,1,549900.0,103700.0,370.0
studytok_40,2024-10-14 16:14:36+00:00,45100,136,1580,489400,0.0956599918267266,2024-10-14,1,489400.0,45100.0,136.0
studytoksj,2024-03-12 11:28:40+00:00,7311,49,30,135900,0.0543782192788815,2024-03-12,1,135900.0,7311.0,49.0
jordannascollegeapps,2025-08-09 21:19:22+00:00,118100,413,4214,788800,0.1555869675456389,2025-08-09,1,788800.0,118100.0,413.0
studytok21,2025-05-16 07:25:06+00:00,185200,549,3648,887300,0.2134531725459258,2025-05-16,1,887300.0,185200.0,549.0
aswmarie_,2025-02-27 15:12:34+00:00,32300,424,449,171300,0.1936544074722708,2025-02-27,1,171300.0,32300.0,424.0
herstudymemoir,2025-09-04 08:16:29+00:00,607800,1627,19900,2800000,0.2247596428571428,2025-09-04,1,2800000.0,607800.0,1627.0
y.veev,2025-11-17 19:36:41+00:00,44100,96,671,212300,0.211337729627885,2025-11-17,1,212300.0,44100.0,96.0
afterlight.jp,2025-12-19 03:54:03+00:00,15400,258,441,79200,0.203270202020202,2025-12-19,1,79200.0,15400.0,258.0
pensandpapercranes,2025-03-30 17:50:01+00:00,96000,655,2308,702500,0.1408725978647687,2025-03-30,1,702500.0,96000.0,655.0
noelleohanlon,2025-10-10 01:59:07+00:00,107400,107,2151,585500,0.1872894961571306,2025-10-10,1,585500.0,107400.0,107.0
serenapaiege,2025-10-08 17:08:11+00:00,64400,206,472,299500,0.2172888146911519,2025-10-08,1,299500.0,64400.0,206.0
itseyalla,2024-09-06 16:00:56+00:00,1300000,6634,20400,7600000,0.1746097368421052,2024-09-06,1,7600000.0,1300000.0,6634.0
calus.0,2025-10-14 21:24:49+00:00,354100,1011,12500,1700000,0.2162417647058823,2025-10-14,1,1700000.0,354100.0,1011.0
studyweve,2025-10-10 15:30:33+00:00,126100,343,2726,577000,0.2238630849220104,2025-10-10,1,577000.0,126100.0,343.0
secret.study.acc,2025-11-11 13:40:47+00:00,304700,1254,7913,1700000,0.1846276470588235,2025-11-11,1,1700000.0,304700.0,1254.0
studylabz,2025-11-16 18:50:41+00:00,804800,1176,46600,4400000,0.1937672727272727,2025-11-16,1,4400000.0,804800.0,1176.0
sl33py_addie,2025-12-20 23:33:39+00:00,16600,54,411,64500,0.2645736434108527,2025-12-20,1,64500.0,16600.0,54.0
shristi.sapkotaa,2025-10-22 02:36:40+00:00,65200,233,1419,351300,0.1902988898377455,2025-10-22,1,351300.0,65200.0,233.0
tiktok,2025-12-20 02:26:22+00:00,58400,1381,845,716000,0.0846731843575419,2025-12-20,1,716000.0,58400.0,1381.0
yuuk_uu,2025-12-25 08:07:12+00:00,11400,80,328,74200,0.1591374663072776,2025-12-25,1,74200.0,11400.0,80.0
tiktok,2025-12-19 08:34:00+00:00,59900,807,631,762200,0.0804749409603778,2025-12-19,3,762200.0,59900.0,807.0
sisterlicious03,2025-12-22 18:07:28+00:00,49900,228,1713,613200,0.0845417482061317,2025-12-22,1,613200.0,49900.0,228.0
sisterlicious03,2025-12-24 16:28:23+00:00,527,19,18,13400,0.0420895522388059,2025-12-24,1,13400.0,527.0,19.0
ebrh17,2025-12-03 06:51:54+00:00,795,96,61,954700,0.0009971718864564,2025-12-03,1,954700.0,795.0,96.0
viki_andfamily,2025-12-13 19:01:21+00:00,3021,42,43,87300,0.0355784650630011,2025-12-13,1,87300.0,3021.0,42.0
reflection.crew,2025-12-23 17:24:45+00:00,2328,15,32,36000,0.0659722222222222,2025-12-23,1,36000.0,2328.0,15.0
memezar,2020-07-27 14:13:12+00:00,1500000,6454,32300,12000000,0.1282295,2020-07-27,1,12000000.0,1500000.0,6454.0
mamamudeg,2025-12-25 10:21:06+00:00,50,4,1,487,0.1129363449691991,2025-12-25,1,487.0,50.0,4.0
antituss_only,2025-11-24 15:07:54+00:00,21200,641,3926,236200,0.1090897544453852,2025-11-24,1,236200.0,21200.0,641.0
weltmomente,2025-10-26 19:12:54+00:00,30700,271,1981,1000000,0.032952,2025-10-26,1,1000000.0,30700.0,271.0
jennyliebtfilme,2025-05-08 16:07:37+00:00,190,0,2,26300,0.0073003802281368,2025-05-08,1,26300.0,190.0,0.0
gbth19,2025-12-05 06:38:50+00:00,2817,166,165,1300000,0.0024215384615384,2025-12-05,1,1300000.0,2817.0,166.0
lil.lilou.secret,2022-11-10 17:09:18+00:00,33000,2,115,274200,0.1207768052516411,2022-11-10,1,274200.0,33000.0,2.0
marinaeseniia.mikheeva,2025-11-20 17:52:32+00:00,4111,0,178,424500,0.0101036513545347,2025-11-20,1,424500.0,4111.0,0.0
shxnyy.s,2025-11-17 17:41:34+00:00,35300,148,8226,309900,0.1409293320425944,2025-11-17,1,309900.0,35300.0,148.0
funnycatmini,2025-11-03 08:02:55+00:00,386,22,15,101300,0.0041757156959526,2025-11-03,1,101300.0,386.0,22.0
marinaundnora,2025-10-21 17:29:30+00:00,11900,67,1043,504500,0.0257879088206144,2025-10-21,1,504500.0,11900.0,67.0
bibilian89,2025-12-18 06:17:23+00:00,3746,96,136,313000,0.0127092651757188,2025-12-18,1,313000.0,3746.0,96.0
shumaliamalik9,2025-09-21 14:01:46+00:00,14400,1207,3584,475000,0.0404021052631578,2025-09-21,1,475000.0,14400.0,1207.0
best.idea.universal,2023-12-18 21:27:50+00:00,108500,6339,4152,17600000,0.0067608522727272,2023-12-18,1,17600000.0,108500.0,6339.0
danny.valencia.music,2025-10-25 01:19:48+00:00,14200,998,687,1800000,0.008825,2025-10-25,1,1800000.0,14200.0,998.0
realzam2,2025-07-18 09:44:22+00:00,1220,63,19,82800,0.0157246376811594,2025-07-18,1,82800.0,1220.0,63.0
trendingcomedy4,2025-01-30 04:04:20+00:00,14300,438,3591,3900000,0.0046997435897435,2025-01-30,1,3900000.0,14300.0,438.0
lwn19851dr1,2023-09-15 01:12:37+00:00,28200,519,827,2500000,0.0118184,2023-09-15,1,2500000.0,28200.0,519.0
shereinabdelhady,2022-02-14 22:55:57+00:00,8700000,36000,66600,43800000,0.200972602739726,2022-02-14,1,43800000.0,8700000.0,36000.0
djthatabguy,2022-02-07 19:45:47+00:00,165400,1178,7333,8900000,0.0195405617977528,2022-02-07,1,8900000.0,165400.0,1178.0
caralinerosee,2022-02-27 21:23:53+00:00,6400000,20100,13500,34500000,0.1864811594202898,2022-02-27,1,34500000.0,6400000.0,20100.0
alyssa_needham,2022-02-10 18:02:41+00:00,1100000,3892,11200,14000000,0.0796494285714285,2022-02-10,1,14000000.0,1100000.0,3892.0
thevincentcole,2022-02-18 00:08:52+00:00,1200000,4969,8062,11500000,0.1054809565217391,2022-02-18,1,11500000.0,1200000.0,4969.0
reaganmckeever,2022-02-13 01:42:35+00:00,953600,2825,7568,8300000,0.116143734939759,2022-02-13,1,8300000.0,953600.0,2825.0
roblewy,2022-02-07 20:05:22+00:00,520800,929,452,6900000,0.0756784057971014,2022-02-07,1,6900000.0,520800.0,929.0
caroline.gravity,2022-02-05 11:48:43+00:00,418200,1238,8762,6700000,0.063910447761194,2022-02-05,1,6700000.0,418200.0,1238.0
brittbitess,2022-02-21 22:32:06+00:00,1300000,3196,10700,8500000,0.154576,2022-02-21,1,8500000.0,1300000.0,3196.0
jakeportolese,2022-02-04 16:36:32+00:00,998900,3697,4087,6700000,0.150251343283582,2022-02-04,1,6700000.0,998900.0,3697.0
sabssfit,2022-02-25 19:07:04+00:00,811100,1847,4571,6900000,0.1184808695652173,2022-02-25,1,6900000.0,811100.0,1847.0
samgach,2022-02-15 20:11:49+00:00,234700,757,7297,3700000,0.0656091891891891,2022-02-15,1,3700000.0,234700.0,757.0
tylerpath,2023-12-12 16:14:00+00:00,469200,1632,1634,8000000,0.05905825,2023-12-12,1,8000000.0,469200.0,1632.0
steveprince.fit,2023-09-18 21:08:01+00:00,433000,959,7960,6400000,0.06904984375,2023-09-18,1,6400000.0,433000.0,959.0
budfit23,2025-08-07 02:13:24+00:00,890600,6951,51400,7100000,0.1336550704225352,2025-08-07,1,7100000.0,890600.0,6951.0
seanwwhalen,2024-09-06 11:59:08+00:00,113200,1137,10500,1800000,0.0693538888888889,2024-09-06,1,1800000.0,113200.0,1137.0
mikaylamailhes,2024-12-02 02:31:12+00:00,1300000,2620,32400,11700000,0.1141042735042735,2024-12-02,1,11700000.0,1300000.0,2620.0
arielyu.fit,2025-07-30 14:03:12+00:00,2200000,10500,196000,39300000,0.0612340966921119,2025-07-30,1,39300000.0,2200000.0,10500.0
benjicavazos,2025-10-08 22:14:08+00:00,499700,1380,17300,5500000,0.0942509090909091,2025-10-08,1,5500000.0,499700.0,1380.0
deathstrokefitness,2025-12-26 17:48:37+00:00,809,17,23,5350,0.1586915887850467,2025-12-26,1,5350.0,809.0,17.0
seniorcoachh,2024-09-25 02:06:36+00:00,343200,14500,80000,8200000,0.0533780487804878,2024-09-25,1,8200000.0,343200.0,14500.0
gym.jester,2025-10-18 19:46:07+00:00,28,1,4,1918,0.0172054223149113,2025-10-18,1,1918.0,28.0,1.0
_riverafit,2024-09-17 14:26:44+00:00,297600,5128,64600,4700000,0.0781548936170212,2024-09-17,1,4700000.0,297600.0,5128.0
emmahartley101,2023-06-05 00:16:18+00:00,156000,1090,10700,1500000,0.11186,2023-06-05,1,1500000.0,156000.0,1090.0
amelie.desai,2023-08-09 14:36:13+00:00,136500,530,3814,984200,0.1431050599471652,2023-08-09,1,984200.0,136500.0,530.0
officialrx__,2024-10-29 18:23:32+00:00,404700,2721,14800,8200000,0.0514903658536585,2024-10-29,1,8200000.0,404700.0,2721.0
coach_poli,2023-07-12 10:15:24+00:00,121800,973,9538,3700000,0.0357597297297297,2023-07-12,1,3700000.0,121800.0,973.0
fitman097,2025-06-17 05:13:08+00:00,1100000,18200,39500,38900000,0.0297609254498714,2025-06-17,1,38900000.0,1100000.0,18200.0
gymfts,2025-12-20 12:43:32+00:00,21800,52,4218,613200,0.0425146771037182,2025-12-20,1,613200.0,21800.0,52.0
don.malvaez,2024-10-29 19:18:53+00:00,37700,428,6113,252400,0.1752812995245641,2024-10-29,1,252400.0,37700.0,428.0
just_tt_here,2025-12-15 23:27:42+00:00,137200,4318,41700,2700000,0.0678585185185185,2025-12-15,1,2700000.0,137200.0,4318.0
ivankovachev931,2024-03-22 08:08:03+00:00,1200000,6947,306500,12000000,0.1261205833333333,2024-03-22,1,12000000.0,1200000.0,6947.0
efilmpro,2024-12-26 06:13:32+00:00,147300,5502,6817,11600000,0.0137602586206896,2024-12-26,1,11600000.0,147300.0,5502.0
slimbabylyss,2025-12-21 06:54:09+00:00,344,5,4,7465,0.0472873409243134,2025-12-21,2,7465.0,344.0,5.0
gld_anni,2025-11-03 22:19:51+00:00,28800,83,2928,336000,0.0946755952380952,2025-11-03,1,336000.0,28800.0,83.0
cfvlss,2025-09-30 09:53:03+00:00,3199,10,660,24600,0.1572764227642276,2025-09-30,1,24600.0,3199.0,10.0
mr_artist_00,2023-08-31 09:48:25+00:00,2941,450,179,2900000,0.0012310344827586,2023-08-31,1,2900000.0,2941.0,450.0
ssskers,2025-10-02 18:36:49+00:00,14900,1277,811,1500000,0.0113253333333333,2025-10-02,1,1500000.0,14900.0,1277.0
michailidii__,2025-04-06 16:29:07+00:00,4252,153,170,89500,0.0511173184357541,2025-04-06,1,89500.0,4252.0,153.0
marshall_obichi,2025-10-11 15:23:16+00:00,7945,65,31,243100,0.033076923076923,2025-10-11,1,243100.0,7945.0,65.0
prankl0rd,2025-01-22 01:52:01+00:00,4122,25,73,55200,0.0764492753623188,2025-01-22,1,55200.0,4122.0,25.0
jake_land1994,2024-03-30 10:33:15+00:00,1204,309,104,498000,0.0032469879518072,2024-03-30,1,498000.0,1204.0,309.0
ai_clip_vibes,2025-12-19 19:46:13+00:00,119,5,36,5997,0.0266800066700016,2025-12-19,1,5997.0,119.0,5.0
shellecepratt,2024-10-18 17:17:09+00:00,1500000,5735,32400,11000000,0.1398304545454545,2024-10-18,1,11000000.0,1500000.0,5735.0
markomoskovka,2025-03-04 00:57:58+00:00,608000,3843,29000,5500000,0.116516909090909,2025-03-04,1,5500000.0,608000.0,3843.0
sweatsquadusa,2025-11-11 17:01:18+00:00,29800,175,21200,1300000,0.0393653846153846,2025-11-11,1,1300000.0,29800.0,175.0
bjarnson_fitness,2025-07-30 15:07:32+00:00,775700,3786,37600,11600000,0.070438448275862,2025-07-30,1,11600000.0,775700.0,3786.0
raahavyy,2024-11-25 11:43:55+00:00,4100000,10500,113400,19000000,0.2223105263157895,2024-11-25,1,19000000.0,4100000.0,10500.0
gymvibesdaily3,2025-10-07 16:00:00+00:00,504000,1960,41700,9400000,0.0582617021276595,2025-10-07,1,9400000.0,504000.0,1960.0
hunterstein.wk,2025-03-26 20:09:55+00:00,179600,874,40900,849300,0.2606546567761686,2025-03-26,1,849300.0,179600.0,874.0
topiasn,2025-11-18 15:39:45+00:00,457200,1316,39300,2600000,0.1914676923076923,2025-11-18,1,2600000.0,457200.0,1316.0
annabel.lucinda,2025-03-05 21:40:22+00:00,81200,463,2795,955800,0.0883636744088721,2025-03-05,1,955800.0,81200.0,463.0
hananerech,2023-02-25 16:36:11+00:00,712300,1267,16900,6400000,0.11413546875,2023-02-25,1,6400000.0,712300.0,1267.0
luisagiuliet,2024-10-17 21:00:52+00:00,2800000,4171,99000,23400000,0.1240671367521367,2024-10-17,1,23400000.0,2800000.0,4171.0
workout_zone34,2025-10-17 08:00:00+00:00,155700,617,59300,12200000,0.0176735245901639,2025-10-17,1,12200000.0,155700.0,617.0
stephen_sem,2025-12-21 16:31:25+00:00,4242,10,4,16500,0.2579393939393939,2025-12-21,1,16500.0,4242.0,10.0
workout_zone34,2025-12-08 15:00:00+00:00,38000,207,4756,2000000,0.0214815,2025-12-08,1,2000000.0,38000.0,207.0
topiasn,2025-12-20 18:44:06+00:00,47300,143,2576,523200,0.0956020642201834,2025-12-20,1,523200.0,47300.0,143.0
pandafitness7,2025-08-18 14:29:23+00:00,73000,190,3349,614400,0.1245751953125,2025-08-18,1,614400.0,73000.0,190.0
coach.tinotenda24,2025-09-16 17:18:06+00:00,160600,1660,11800,4900000,0.0355224489795918,2025-09-16,1,4900000.0,160600.0,1660.0
ty_young_life,2024-01-16 20:47:01+00:00,67400,405,3957,1900000,0.0377694736842105,2024-01-16,1,1900000.0,67400.0,405.0
gymxlean,2025-01-22 18:48:48+00:00,596300,6302,38100,8300000,0.0771930120481927,2025-01-22,1,8300000.0,596300.0,6302.0
_yuliiiana,2025-08-07 22:34:31+00:00,6100000,16100,1000000,32700000,0.2176177370030581,2025-08-07,1,32700000.0,6100000.0,16100.0
twins.of.tiktokbackup,2025-12-24 15:40:50+00:00,2865,19,3,17600,0.1640340909090909,2025-12-24,1,17600.0,2865.0,19.0
cartoonking76,2025-01-29 02:05:50+00:00,62200,645,11700,5100000,0.0146166666666666,2025-01-29,2,5100000.0,62200.0,645.0
sammbruno_,2024-04-21 15:09:41+00:00,115400,839,6257,1200000,0.10208,2024-04-21,1,1200000.0,115400.0,839.0
musclemamiabii,2025-12-26 21:33:13+00:00,200,4,1,1181,0.1735817104149026,2025-12-26,1,1181.0,200.0,4.0
bwyoutube,2025-12-20 16:52:48+00:00,258900,4689,55600,4500000,0.0709308888888888,2025-12-20,1,4500000.0,258900.0,4689.0
trenborina,2025-12-24 15:07:15+00:00,3632,41,168,27500,0.1396727272727272,2025-12-24,1,27500.0,3632.0,41.0
topiasn,2025-12-18 17:54:00+00:00,2075,21,89,19500,0.112051282051282,2025-12-18,1,19500.0,2075.0,21.0
sarah.fht,2024-12-24 21:35:47+00:00,6643,69,578,342900,0.021259842519685,2024-12-24,1,342900.0,6643.0,69.0
kevingym27,2025-02-17 23:28:33+00:00,115800,411,4723,1600000,0.07558375,2025-02-17,1,1600000.0,115800.0,411.0
topiasn,2025-12-19 14:37:25+00:00,1217,13,22,13100,0.0955725190839694,2025-12-19,1,13100.0,1217.0,13.0
lea.ttttt,2025-09-11 16:16:35+00:00,1964,15,35,40200,0.0500995024875621,2025-09-11,1,40200.0,1964.0,15.0
meyouuuno,2025-11-07 22:57:10+00:00,123900,560,8052,963300,0.1375604692203882,2025-11-07,1,963300.0,123900.0,560.0
eboqodtt,2025-11-06 13:41:38+00:00,9401,62,1375,702200,0.0154343491882654,2025-11-06,1,702200.0,9401.0,62.0
mariavictoriatg,2024-12-26 18:59:36+00:00,572800,816,19100,6200000,0.0955993548387096,2024-12-26,1,6200000.0,572800.0,816.0
kevingym27,2025-04-06 18:22:15+00:00,28100,171,909,417200,0.0699424736337488,2025-04-06,1,417200.0,28100.0,171.0
aliyseciana,2025-12-12 22:27:19+00:00,1504,19,12,19600,0.0783163265306122,2025-12-12,1,19600.0,1504.0,19.0
mike_thurston,2025-07-28 10:29:01+00:00,49600,319,3750,1600000,0.033543125,2025-07-28,1,1600000.0,49600.0,319.0
fitxnesss,2025-12-09 08:10:32+00:00,756,11,55,9368,0.0877455166524338,2025-12-09,1,9368.0,756.0,11.0
fitnessrex,2025-12-18 11:17:56+00:00,387,7,125,6343,0.0818224814756424,2025-12-18,1,6343.0,387.0,7.0
mswellnesspro,2025-02-13 02:33:00+00:00,392200,550,56100,2100000,0.2137380952380952,2025-02-13,1,2100000.0,392200.0,550.0
djthatabguy,2025-07-07 22:37:01+00:00,169900,1893,7942,1700000,0.1057264705882353,2025-07-07,1,1700000.0,169900.0,1893.0
trici_ann,2025-03-27 16:45:43+00:00,99800,412,1352,1100000,0.092330909090909,2025-03-27,1,1100000.0,99800.0,412.0
imlovinggelle,2025-07-06 02:54:36+00:00,87000,506,1326,489200,0.1815862632869991,2025-07-06,1,489200.0,87000.0,506.0
___sheun__,2025-12-12 10:38:42+00:00,12200,160,347,93200,0.1363412017167382,2025-12-12,1,93200.0,12200.0,160.0
jaswinterr,2025-09-26 19:31:31+00:00,33600,109,706,199800,0.1722472472472472,2025-09-26,1,199800.0,33600.0,109.0
teilahtequila,2025-05-07 01:04:00+00:00,230800,640,5332,1100000,0.2152472727272727,2025-05-07,1,1100000.0,230800.0,640.0
madiisawesomeeeee,2025-04-23 23:39:09+00:00,222200,220,1301,1500000,0.1491473333333333,2025-04-23,1,1500000.0,222200.0,220.0
tenaliso,2025-09-07 14:39:38+00:00,243800,1245,5275,931900,0.2686125120721107,2025-09-07,1,931900.0,243800.0,1245.0
gigrttyyuy,2025-08-09 18:33:40+00:00,376500,2970,3606,3800000,0.1008094736842105,2025-08-09,1,3800000.0,376500.0,2970.0
avasellee,2025-08-20 08:21:44+00:00,40200,391,965,345800,0.1201735106998264,2025-08-20,1,345800.0,40200.0,391.0
selfcarewluc,2025-11-17 19:41:36+00:00,266600,1640,3354,1800000,0.1508855555555555,2025-11-17,1,1800000.0,266600.0,1640.0
notlucascruz,2025-12-11 12:52:20+00:00,88900,419,4449,815800,0.1149399362588869,2025-12-11,1,815800.0,88900.0,419.0
bunnidollyy,2025-07-24 19:24:40+00:00,93300,4866,9877,487800,0.221490364903649,2025-07-24,1,487800.0,93300.0,4866.0
lulltv,2025-04-06 05:08:58+00:00,1500000,4381,12700,9000000,0.1685645555555555,2025-04-06,1,9000000.0,1500000.0,4381.0
hallesoswag,2025-04-03 17:18:46+00:00,25700,115,32,153500,0.1683843648208469,2025-04-03,1,153500.0,25700.0,115.0
ciaralillyyy,2025-03-03 00:37:26+00:00,107100,57,174,599900,0.1789148191365227,2025-03-03,1,599900.0,107100.0,57.0
godsbeloved__,2025-07-26 22:24:50+00:00,28000,639,1109,223700,0.1329816718819848,2025-07-26,1,223700.0,28000.0,639.0
isabell.afro,2024-10-22 14:14:07+00:00,3300000,7735,142100,23400000,0.1474288461538461,2024-10-22,1,23400000.0,3300000.0,7735.0
kimberlykimpena,2025-09-14 22:46:34+00:00,13400000,34200,349700,144700000,0.0952584657912923,2025-09-14,2,144700000.0,13400000.0,34200.0
styvelos,2025-09-16 17:00:00+00:00,1700000,5883,74700,16000000,0.1112864375,2025-09-16,1,16000000.0,1700000.0,5883.0
twins.ma_mi,2025-12-26 23:10:46+00:00,47,1,7,308,0.1785714285714285,2025-12-26,1,308.0,47.0,1.0
dedanigi,2024-07-26 14:21:12+00:00,1900000,4012,34200,9900000,0.1957789898989899,2024-07-26,1,9900000.0,1900000.0,4012.0
rulaempire,2025-08-09 16:42:55+00:00,1800000,14600,263500,10200000,0.203735294117647,2025-08-09,1,10200000.0,1800000.0,14600.0
aep.giant,2025-01-21 10:30:00+00:00,6300000,48600,397600,71000000,0.0950169014084507,2025-01-21,1,71000000.0,6300000.0,48600.0
ramonawa1dhart,2025-10-07 11:04:50+00:00,2000000,2298,29600,13800000,0.1472389855072463,2025-10-07,1,13800000.0,2000000.0,2298.0
carlaseditsx,2024-04-24 19:04:00+00:00,2500000,4410,85000,17100000,0.1514274853801169,2024-04-24,1,17100000.0,2500000.0,4410.0
bakhti.h1,2024-10-11 19:11:26+00:00,1700000,8236,67100,22800000,0.0778656140350877,2024-10-11,1,22800000.0,1700000.0,8236.0
sr7_ae,2025-03-09 14:01:52+00:00,1600000,10700,88500,17500000,0.0970971428571428,2025-03-09,1,17500000.0,1600000.0,10700.0
benzxma,2023-07-29 11:00:04+00:00,7300000,48100,397400,59600000,0.1299580536912751,2023-07-29,1,59600000.0,7300000.0,48100.0
sleepy.ae1,2025-12-05 16:22:08+00:00,2800000,5302,197600,20100000,0.1493981094527363,2025-12-05,1,20100000.0,2800000.0,5302.0
gabskssk,2024-04-07 06:47:00+00:00,2400000,13200,49100,43100000,0.0571299303944315,2024-04-07,1,43100000.0,2400000.0,13200.0
celf.ae,2025-08-28 14:05:56+00:00,2200000,13000,50700,18900000,0.1197724867724867,2025-08-28,1,18900000.0,2200000.0,13000.0
jessicaofutaste,2024-11-29 03:21:59+00:00,4400000,11700,327800,56200000,0.0843327402135231,2024-11-29,1,56200000.0,4400000.0,11700.0
aaron.vankampen,2021-06-23 20:36:09+00:00,11300000,23300,42800,62700000,0.1812775119617224,2021-06-23,2,62700000.0,11300000.0,23300.0
ashleytaylormaland,2023-01-22 21:00:26+00:00,3200000,39900,333800,22000000,0.162440909090909,2023-01-22,1,22000000.0,3200000.0,39900.0
studytok_40,2024-10-30 23:06:06+00:00,14100,97,320,174200,0.0833352468427095,2024-10-30,1,174200.0,14100.0,97.0
aaliyahim,2025-04-29 16:26:28+00:00,333700,1768,6925,1800000,0.1902183333333333,2025-04-29,1,1800000.0,333700.0,1768.0
dianaglowingdiaries,2025-12-24 12:02:36+00:00,346,12,4,3805,0.0951379763469119,2025-12-24,1,3805.0,346.0,12.0
freya.loren,2024-12-03 15:48:20+00:00,957000,1484,38200,9100000,0.1095257142857142,2024-12-03,1,9100000.0,957000.0,1484.0
maathulxn,2024-10-17 17:59:01+00:00,127700,505,3000,1700000,0.0771794117647058,2024-10-17,1,1700000.0,127700.0,505.0
_sushizy,2025-02-07 16:26:47+00:00,343100,1251,7036,2300000,0.1527769565217391,2025-02-07,1,2300000.0,343100.0,1251.0
emmis_aesthetic_life,2025-01-19 19:46:27+00:00,264900,4945,4349,1000000,0.274194,2025-01-19,1,1000000.0,264900.0,4945.0
alisroutine.asmr,2024-04-22 12:55:19+00:00,194300,1215,1458,1600000,0.123108125,2024-04-22,1,1600000.0,194300.0,1215.0
afterlight.jp,2025-12-25 05:50:46+00:00,37500,971,1849,123000,0.3278048780487805,2025-12-25,1,123000.0,37500.0,971.0
barbarasereno,2025-02-17 18:51:17+00:00,10100,17,87,76900,0.1326918075422626,2025-02-17,1,76900.0,10100.0,17.0
boujeeebeee,2024-12-07 18:33:45+00:00,96200,264,2705,601000,0.1650066555740432,2024-12-07,1,601000.0,96200.0,264.0
freya.loren,2024-11-21 16:21:09+00:00,1500000,4678,36300,8700000,0.177123908045977,2024-11-21,1,8700000.0,1500000.0,4678.0
vvrightzs,2025-07-11 16:10:18+00:00,5403,16,78,41300,0.1330992736077481,2025-07-11,1,41300.0,5403.0,16.0
shr7thi,2025-04-18 21:14:35+00:00,237000,30,7385,1600000,0.152759375,2025-04-18,1,1600000.0,237000.0,30.0
clouddoris13,2024-09-16 09:24:49+00:00,186700,924,2474,1800000,0.10561,2024-09-16,1,1800000.0,186700.0,924.0
freya.loren,2025-04-07 14:39:11+00:00,22100,54,238,225400,0.0993433895297249,2025-04-07,1,225400.0,22100.0,54.0
fczn8,2025-12-25 20:39:39+00:00,2110,15,50,16100,0.1350931677018633,2025-12-25,1,16100.0,2110.0,15.0
colettesdiaries,2025-12-22 01:08:31+00:00,41400,179,1493,195300,0.2205427547363031,2025-12-22,1,195300.0,41400.0,179.0
studyingnana,2025-08-07 22:01:38+00:00,228800,978,7450,1200000,0.19769,2025-08-07,1,1200000.0,228800.0,978.0
whitecoat.coffee,2025-06-26 03:58:20+00:00,325000,1263,11100,2000000,0.1686815,2025-06-26,1,2000000.0,325000.0,1263.0
medwithmomin,2024-10-12 08:06:27+00:00,689000,2597,23600,4400000,0.1625447727272727,2024-10-12,1,4400000.0,689000.0,2597.0
briana.tokar,2025-06-20 15:35:04+00:00,1500000,2112,109300,8900000,0.1810575280898876,2025-06-20,1,8900000.0,1500000.0,2112.0
rania_brj,2024-09-14 15:20:36+00:00,16500,65,358,75900,0.2229644268774703,2024-09-14,1,75900.0,16500.0,65.0
mg_byy,2024-08-25 08:58:24+00:00,62900,770,1053,260400,0.2485522273425499,2024-08-25,1,260400.0,62900.0,770.0
tiffanyywhitney,2025-12-24 19:29:56+00:00,41000,11,3375,151800,0.2923978919631093,2025-12-24,1,151800.0,41000.0,11.0
thisaccissecret67,2025-01-19 21:43:24+00:00,143000,1612,3415,781100,0.1895109461016515,2025-01-19,1,781100.0,143000.0,1612.0
yourfavinfluu,2025-09-02 21:09:23+00:00,85900,28,3783,568300,0.1578585254267112,2025-09-02,1,568300.0,85900.0,28.0
r3m._x,2025-12-23 03:23:27+00:00,790,2,23,3943,0.2066954095866091,2025-12-23,1,3943.0,790.0,2.0
alexarmstead,2025-05-30 00:08:58+00:00,27000,57,690,247600,0.1120638126009693,2025-05-30,1,247600.0,27000.0,57.0
emilie.studygram,2025-12-15 04:50:14+00:00,234900,283,19700,1300000,0.1960638461538461,2025-12-15,1,1300000.0,234900.0,283.0
spencetiktoklegend,2024-04-10 04:13:03+00:00,163200,496,3238,1500000,0.1112893333333333,2024-04-10,1,1500000.0,163200.0,496.0
ciaraoommen,2024-04-14 18:01:15+00:00,2700000,5453,53900,14800000,0.1864427702702702,2024-04-14,1,14800000.0,2700000.0,5453.0
riyii_,2025-12-26 23:18:27+00:00,978,68,33,6283,0.1717332484481935,2025-12-26,1,6283.0,978.0,68.0
jnglert,2024-09-12 19:01:11+00:00,164800,256,3502,1200000,0.140465,2024-09-12,1,1200000.0,164800.0,256.0
fypfilmmovie,2025-12-08 02:41:14+00:00,83400,332,643,912600,0.0924556213017751,2025-12-08,1,912600.0,83400.0,332.0
ibathroomcamp,2025-11-24 00:05:46+00:00,2500000,2606,396800,14200000,0.2041835211267605,2025-11-24,1,14200000.0,2500000.0,2606.0
jev.ffx,2023-07-13 16:21:46+00:00,2600000,7256,16700,21500000,0.122044465116279,2023-07-13,1,21500000.0,2600000.0,7256.0
anaami.i,2025-12-26 23:01:05+00:00,72,0,2,418,0.1770334928229665,2025-12-26,1,418.0,72.0,0.0
stranger.chang,2025-11-18 14:37:04+00:00,4200000,19500,489100,17900000,0.2630502793296089,2025-11-18,1,17900000.0,4200000.0,19500.0
reese_hatala,2025-12-26 23:12:10+00:00,78,3,0,466,0.1738197424892703,2025-12-26,1,466.0,78.0,3.0
maxul34,2025-12-26 22:54:57+00:00,991,22,74,7429,0.14631848162606,2025-12-26,1,7429.0,991.0,22.0
callme_taleiya,2024-09-27 06:32:44+00:00,155500,2028,8462,721700,0.2299986143827075,2024-09-27,1,721700.0,155500.0,2028.0
arrest_them_,2025-12-26 22:47:09+00:00,94,3,0,349,0.2779369627507163,2025-12-26,1,349.0,94.0,3.0
benjigreenn,2023-07-08 03:05:55+00:00,157200,1012,9395,1100000,0.15237,2023-07-08,1,1100000.0,157200.0,1012.0
s3u.ivy3,2025-12-26 22:51:21+00:00,124,4,0,416,0.3076923076923077,2025-12-26,1,416.0,124.0,4.0
talkativepwrs,2025-04-23 14:37:36+00:00,149000,1670,14300,675500,0.2442190969652109,2025-04-23,1,675500.0,149000.0,1670.0
rainynightsin,2025-12-26 22:46:46+00:00,155,2,5,927,0.174757281553398,2025-12-26,1,927.0,155.0,2.0
fsffilms,2025-12-26 22:49:43+00:00,68,2,3,434,0.1682027649769585,2025-12-26,1,434.0,68.0,2.0
isbledits,2025-01-25 18:33:30+00:00,2600000,5972,83300,22800000,0.1179505263157894,2025-01-25,1,22800000.0,2600000.0,5972.0
caioronaldo7_,2022-11-26 16:04:40+00:00,2600000,9980,75300,16400000,0.1637365853658536,2022-11-26,1,16400000.0,2600000.0,9980.0
cauan.wilhelm,2025-12-26 23:09:47+00:00,163,10,1,740,0.2351351351351351,2025-12-26,1,740.0,163.0,10.0
jul.1aaxx,2025-12-26 23:06:16+00:00,76,1,0,460,0.1673913043478261,2025-12-26,1,460.0,76.0,1.0
amiraaus.01,2024-03-22 18:48:10+00:00,20500,99,338,115500,0.1812727272727272,2024-03-22,1,115500.0,20500.0,99.0
jxnx0106,2022-12-20 16:48:50+00:00,5219,86,87,42400,0.1271698113207547,2022-12-20,1,42400.0,5219.0,86.0
gld_anni,2025-06-11 21:26:45+00:00,13600,40,805,230100,0.0627770534550195,2025-06-11,1,230100.0,13600.0,40.0
takishi_memes_67,2025-10-06 15:52:30+00:00,14300,689,36700,1300000,0.0397607692307692,2025-10-06,1,1300000.0,14300.0,689.0
wejden40,2025-08-23 14:59:52+00:00,3677,17,229,121100,0.0323947151114781,2025-08-23,1,121100.0,3677.0,17.0
szkdlauraaa,2025-10-12 20:32:17+00:00,9608,271,1776,955500,0.0121978021978021,2025-10-12,1,955500.0,9608.0,271.0
ttlegirlz73,2025-10-10 16:30:41+00:00,747,13,44,37900,0.0212137203166226,2025-10-10,1,37900.0,747.0,13.0
alinaa.rfyc,2025-02-25 06:36:29+00:00,6432,117,298,65000,0.1053384615384615,2025-02-25,1,65000.0,6432.0,117.0
fransrantanen,2025-09-21 11:05:09+00:00,58300,184,7611,2300000,0.0287369565217391,2025-09-21,1,2300000.0,58300.0,184.0
ooooobnejnx,2025-07-27 07:09:17+00:00,671,52,77,171800,0.0046565774155995,2025-07-27,1,171800.0,671.0,52.0
callmebelly666,2025-11-12 11:58:35+00:00,7700,81,1105,258200,0.0344151820294345,2025-11-12,1,258200.0,7700.0,81.0
marcel.hna,2025-12-17 16:31:53+00:00,52,2,1,1367,0.0402340892465252,2025-12-17,1,1367.0,52.0,2.0
_ana17mariaa_,2025-07-19 11:53:29+00:00,70000,0,11700,578700,0.1411785035424226,2025-07-19,1,578700.0,70000.0,0.0
karolinevollstad,2025-12-25 16:54:28+00:00,18200,68,488,64700,0.2898918083462133,2025-12-25,1,64700.0,18200.0,68.0
studylabz,2025-11-27 19:39:02+00:00,191400,531,7475,867500,0.2298628242074928,2025-11-27,1,867500.0,191400.0,531.0
willowpickle444,2025-12-02 02:59:46+00:00,11900,41,194,49700,0.2441649899396378,2025-12-02,1,49700.0,11900.0,41.0
aishazakhoo,2025-12-20 16:12:38+00:00,4274,400,335,267500,0.0187252336448598,2025-12-20,1,267500.0,4274.0,400.0
dr_rezi,2025-08-16 17:18:36+00:00,6076,224,147,462800,0.0139304235090751,2025-08-16,1,462800.0,6076.0,224.0
tiantian9903,2025-07-09 08:06:39+00:00,1894,101,33,61100,0.0331914893617021,2025-07-09,1,61100.0,1894.0,101.0
rizwanalam5000,2020-06-30 03:07:34+00:00,292,120,23,31300,0.0138977635782747,2020-06-30,1,31300.0,292.0,120.0
celinamehak,2025-11-02 02:24:17+00:00,2501,235,60,296700,0.0094236602628918,2025-11-02,1,296700.0,2501.0,235.0
ssddjhejeau,2025-09-30 09:58:20+00:00,1411,43,44,34800,0.0430459770114942,2025-09-30,1,34800.0,1411.0,43.0
faisalgurmani00786,2025-06-18 05:40:15+00:00,451,63,6,45100,0.0115299334811529,2025-06-18,1,45100.0,451.0,63.0
koooa389,2025-04-27 07:40:56+00:00,54600,2925,3936,3900000,0.0157592307692307,2025-04-27,1,3900000.0,54600.0,2925.0
oops.vika,2025-07-04 21:10:19+00:00,1753,157,120,202900,0.0100049285362247,2025-07-04,1,202900.0,1753.0,157.0
grivinaa,2025-09-17 02:01:15+00:00,427,37,8,15600,0.0302564102564102,2025-09-17,1,15600.0,427.0,37.0
bibilian89,2025-10-06 12:22:13+00:00,1041,58,18,102800,0.0108657587548638,2025-10-06,1,102800.0,1041.0,58.0
franciscojekson84,2025-09-21 21:10:19+00:00,58600,698,8492,3800000,0.0178394736842105,2025-09-21,1,3800000.0,58600.0,698.0
themelcshow,2025-10-25 16:37:50+00:00,98,9,15,8385,0.0145497912939773,2025-10-25,1,8385.0,98.0,9.0
tk080601dke,2025-09-13 14:41:37+00:00,77,6,5,40400,0.0021782178217821,2025-09-13,1,40400.0,77.0,6.0
ucup_daffarm,2025-03-12 12:07:50+00:00,18500,1910,1417,2400000,0.0090945833333333,2025-03-12,1,2400000.0,18500.0,1910.0
respectarmy7,2025-11-17 16:36:56+00:00,5597,302,643,375200,0.0174360341151385,2025-11-17,1,375200.0,5597.0,302.0
kittyandkakai,2025-08-03 08:29:22+00:00,53700,1290,1286,2200000,0.02558,2025-08-03,1,2200000.0,53700.0,1290.0
funnyeonis,2025-11-17 09:39:59+00:00,903,54,35,188700,0.0052570217276099,2025-11-17,1,188700.0,903.0,54.0
cutebaby88244,2025-08-25 10:05:03+00:00,452,112,8,105200,0.0054372623574144,2025-08-25,1,105200.0,452.0,112.0
gomdoday,2025-11-10 00:20:42+00:00,283,19,14,15500,0.0203870967741935,2025-11-10,1,15500.0,283.0,19.0
reflection.crew,2025-10-25 16:39:57+00:00,32900,149,2354,2400000,0.01475125,2025-10-25,1,2400000.0,32900.0,149.0
klea.delf,2025-11-08 16:59:09+00:00,242,19,13,20600,0.0133009708737864,2025-11-08,1,20600.0,242.0,19.0
lastnightsrain,2025-12-18 15:02:12+00:00,33800,100,989,118100,0.2954191363251481,2025-12-18,1,118100.0,33800.0,100.0
babydollay7,2025-12-25 23:33:01+00:00,8303,74,115,25300,0.3356521739130435,2025-12-25,1,25300.0,8303.0,74.0
samihatx,2025-12-17 19:42:32+00:00,21200,45,459,105400,0.2059203036053131,2025-12-17,1,105400.0,21200.0,45.0
cm2.ofc,2025-12-26 23:14:52+00:00,21,0,0,610,0.0344262295081967,2025-12-26,1,610.0,21.0,0.0
gabriella.serafini,2024-03-24 17:28:57+00:00,4900000,22200,371200,31400000,0.1685796178343949,2024-03-24,1,31400000.0,4900000.0,22200.0
eliemagic,2025-03-28 17:51:44+00:00,51300,223,575,572800,0.0909532122905028,2025-03-28,1,572800.0,51300.0,223.0
waybackhouse,2021-08-24 16:33:13+00:00,5900000,53900,21100,32200000,0.1855590062111801,2021-08-24,1,32200000.0,5900000.0,53900.0
labebaviraloficial,2025-12-26 22:31:07+00:00,21,4,1,477,0.0545073375262054,2025-12-26,1,477.0,21.0,4.0
y3d1dya,2025-06-26 16:34:13+00:00,203600,1370,5587,830500,0.253530403371463,2025-06-26,1,830500.0,203600.0,1370.0
prettyhair,2023-06-17 03:38:52+00:00,1400000,4067,68700,20300000,0.0725500985221674,2023-06-17,1,20300000.0,1400000.0,4067.0
alainaxedits_0xr,2025-12-26 22:39:48+00:00,40,12,46,254,0.3858267716535433,2025-12-26,1,254.0,40.0,12.0
vviral24,2025-02-19 01:00:00+00:00,747,31,36,73400,0.0110899182561307,2025-02-19,1,73400.0,747.0,31.0
respect.root,2023-04-09 13:43:57+00:00,154500,875,4755,10000000,0.016013,2023-04-09,1,10000000.0,154500.0,875.0
dulcemar1988,2025-12-26 22:40:02+00:00,94,6,1,556,0.1816546762589928,2025-12-26,1,556.0,94.0,6.0
vviral24,2025-02-15 01:00:00+00:00,4540,266,362,298000,0.0173422818791946,2025-02-15,1,298000.0,4540.0,266.0
its_nessa_j,2025-12-26 22:25:09+00:00,5,0,0,38,0.131578947368421,2025-12-26,1,38.0,5.0,0.0
fyp,2024-10-07 15:33:00+00:00,143200,639,1534,1500000,0.0969153333333333,2024-10-07,1,1500000.0,143200.0,639.0
ilya.roney,2025-10-31 04:38:32+00:00,138600,625,2761,6500000,0.021844,2025-10-31,1,6500000.0,138600.0,625.0
maks.chernovv,2025-10-13 19:03:04+00:00,509400,5072,17700,8300000,0.0641171084337349,2025-10-13,1,8300000.0,509400.0,5072.0
husanfarast.091,2025-06-17 19:03:40+00:00,80100,3186,4302,1800000,0.04866,2025-06-17,1,1800000.0,80100.0,3186.0
allissonmia_coronadoo,2025-08-11 22:52:52+00:00,163600,1449,3597,1700000,0.0992035294117647,2025-08-11,1,1700000.0,163600.0,1449.0
lynn.juna,2025-12-22 19:59:47+00:00,19600,50,165,99700,0.1987462387161484,2025-12-22,1,99700.0,19600.0,50.0
doctorsofia61,2025-05-20 03:18:43+00:00,30100,1139,4800,4400000,0.0081906818181818,2025-05-20,1,4400000.0,30100.0,1139.0
urfav.tines,2025-12-24 16:09:39+00:00,5978,88,310,35000,0.1821714285714285,2025-12-24,1,35000.0,5978.0,88.0
eiriniosmnl,2024-11-03 15:31:04+00:00,2756,48,109,27000,0.1078888888888889,2024-11-03,1,27000.0,2756.0,48.0
amiah.lucas,2025-10-31 04:39:22+00:00,912,20,20,167000,0.0057005988023952,2025-10-31,1,167000.0,912.0,20.0
ilya.roney,2025-10-16 08:40:44+00:00,10200,88,191,810000,0.012937037037037,2025-10-16,1,810000.0,10200.0,88.0
vale.hauser,2024-08-20 17:22:14+00:00,114000,192,2350,971700,0.1199361942986518,2024-08-20,1,971700.0,114000.0,192.0
dlilmur,2025-08-24 11:01:50+00:00,2000000,9687,160600,24100000,0.0900534024896265,2025-08-24,1,24100000.0,2000000.0,9687.0
goxxzhu,2025-12-21 20:36:46+00:00,597,10,99,39500,0.0178734177215189,2025-12-21,1,39500.0,597.0,10.0
eemlyy,2025-11-30 20:21:30+00:00,7670,34,110,39100,0.199846547314578,2025-11-30,1,39100.0,7670.0,34.0
asdezaa,2025-12-11 22:45:08+00:00,26600,291,703,109100,0.2529239230064161,2025-12-11,1,109100.0,26600.0,291.0
fritzfitness2,2025-10-23 09:29:31+00:00,566300,5796,84700,18100000,0.0362870718232044,2025-10-23,1,18100000.0,566300.0,5796.0
gymfts,2025-12-25 19:16:39+00:00,2669,4,557,108300,0.0298245614035087,2025-12-25,1,108300.0,2669.0,4.0
recfit,2025-11-08 21:03:01+00:00,5292,28,383,131400,0.0434018264840182,2025-11-08,1,131400.0,5292.0,28.0
gymfts,2025-12-26 14:43:45+00:00,794,4,177,26400,0.0369318181818181,2025-12-26,1,26400.0,794.0,4.0
recfit,2025-02-05 14:05:00+00:00,44400,168,566,1300000,0.0347184615384615,2025-02-05,1,1300000.0,44400.0,168.0
fritzfitness2,2025-05-29 21:44:43+00:00,871600,2709,79100,23300000,0.0409188412017167,2025-05-29,1,23300000.0,871600.0,2709.0
jo.annefit,2025-07-29 17:37:59+00:00,325900,1917,1203,4100000,0.0802487804878048,2025-07-29,1,4100000.0,325900.0,1917.0
fityassa,2023-05-03 00:23:15+00:00,656800,2955,21100,6700000,0.1016201492537313,2023-05-03,1,6700000.0,656800.0,2955.0
fitnessgirl788,2023-11-06 09:47:49+00:00,100100,298,12600,4200000,0.0269042857142857,2023-11-06,1,4200000.0,100100.0,298.0
fitnessgirl788,2025-08-11 16:02:07+00:00,722200,11900,96700,21300000,0.0390046948356807,2025-08-11,1,21300000.0,722200.0,11900.0
fitnessgirl788,2024-04-19 15:41:23+00:00,394700,1973,31900,9400000,0.0455928723404255,2024-04-19,1,9400000.0,394700.0,1973.0
peteybweightloss,2024-02-02 01:45:58+00:00,641800,16700,83000,15000000,0.0494333333333333,2024-02-02,1,15000000.0,641800.0,16700.0
emily.fit32,2025-12-26 13:57:19+00:00,16,0,0,469,0.0341151385927505,2025-12-26,1,469.0,16.0,0.0
minimalvibes1,2025-02-12 17:48:08+00:00,55,3,0,491,0.1181262729124236,2025-02-12,1,491.0,55.0,3.0
relaxedfitness,2023-08-16 02:41:26+00:00,250900,653,44100,13800000,0.0214241304347826,2023-08-16,1,13800000.0,250900.0,653.0
fritzfitness2,2025-06-05 20:27:51+00:00,2700000,24800,282300,48100000,0.0625176715176715,2025-06-05,1,48100000.0,2700000.0,24800.0
imarfit,2025-02-18 17:12:02+00:00,371400,1686,16300,4700000,0.0828480851063829,2025-02-18,1,4700000.0,371400.0,1686.0
dollface.millie,2025-12-26 15:23:34+00:00,335,29,0,3719,0.0978757730572734,2025-12-26,1,3719.0,335.0,29.0
iamquettab,2025-12-26 17:52:11+00:00,31,11,0,245,0.1714285714285714,2025-12-26,1,245.0,31.0,11.0
cuteandfit,2025-12-26 21:23:23+00:00,55,2,1,349,0.166189111747851,2025-12-26,1,349.0,55.0,2.0
alicheeser,2024-12-20 22:44:10+00:00,1900000,4102,26300,21600000,0.0893704629629629,2024-12-20,1,21600000.0,1900000.0,4102.0
brenotbri_,2024-06-29 00:58:37+00:00,21500,123,350,287400,0.0764544189283229,2024-06-29,1,287400.0,21500.0,123.0
gym.jester,2025-10-19 06:46:39+00:00,24,0,1,429,0.0582750582750582,2025-10-19,1,429.0,24.0,0.0
motivatedmindstate,2023-03-25 02:05:45+00:00,106500,882,12600,1300000,0.0922938461538461,2023-03-25,1,1300000.0,106500.0,882.0
pushupman405,2025-12-26 22:23:49+00:00,91,5,4,1278,0.0782472613458529,2025-12-26,1,1278.0,91.0,5.0
italianfashiongirl,2024-06-15 17:51:02+00:00,2500000,21600,120600,29700000,0.0889629629629629,2024-06-15,1,29700000.0,2500000.0,21600.0
waus.purd,2023-07-03 17:13:14+00:00,252100,623,3132,1500000,0.17057,2023-07-03,1,1500000.0,252100.0,623.0
danbenches,2025-12-26 23:01:48+00:00,99,4,2,776,0.1353092783505154,2025-12-26,1,776.0,99.0,4.0
study.__.tok,2024-10-03 14:29:19+00:00,458100,5110,11500,1700000,0.2792411764705882,2024-10-03,1,1700000.0,458100.0,5110.0
.victorias.notes,2025-09-23 20:27:29+00:00,743300,1644,30800,4100000,0.1892058536585366,2025-09-23,1,4100000.0,743300.0,1644.0
caramel.studyy,2025-08-02 14:00:08+00:00,51500,2173,2073,208400,0.2674952015355086,2025-08-02,1,208400.0,51500.0,2173.0
academichelp.eu,2025-12-22 15:57:48+00:00,5129,54,99,24000,0.2200833333333333,2025-12-22,1,24000.0,5129.0,54.0
aaliyahim,2024-11-04 23:51:04+00:00,400500,2668,38100,2000000,0.220634,2024-11-04,1,2000000.0,400500.0,2668.0
calus.0,2025-10-11 11:36:03+00:00,214200,938,5034,1200000,0.1834766666666666,2025-10-11,1,1200000.0,214200.0,938.0
caramel.studyy,2025-12-25 14:00:20+00:00,2066,49,35,13800,0.1557971014492753,2025-12-25,1,13800.0,2066.0,49.0
notedandneat,2025-07-24 07:32:00+00:00,49800,174,1288,165200,0.3103026634382566,2025-07-24,1,165200.0,49800.0,174.0
user0605772522165,2025-12-16 17:57:01+00:00,14700,135,247,63300,0.2382622432859399,2025-12-16,1,63300.0,14700.0,135.0
notedandneat,2025-07-02 04:58:08+00:00,281700,1280,8844,1100000,0.2652945454545454,2025-07-02,1,1100000.0,281700.0,1280.0
user0605772522165,2025-12-22 23:33:45+00:00,15400,131,423,64400,0.2477329192546583,2025-12-22,1,64400.0,15400.0,131.0
jen1av1a1,2025-10-14 13:15:38+00:00,56300,281,1424,269800,0.2149925871015567,2025-10-14,1,269800.0,56300.0,281.0
fczn8,2025-12-26 08:04:44+00:00,4471,73,94,32800,0.1414024390243902,2025-12-26,1,32800.0,4471.0,73.0
studywjul,2025-05-14 12:06:52+00:00,403800,941,10600,2000000,0.2076705,2025-05-14,1,2000000.0,403800.0,941.0
make_it.happen8,2025-12-01 20:37:40+00:00,102700,286,2733,535200,0.1975317638266068,2025-12-01,1,535200.0,102700.0,286.0
xuexi69,2025-09-13 04:46:21+00:00,131200,992,3564,595200,0.2280846774193548,2025-09-13,1,595200.0,131200.0,992.0
uwawa_08,2025-08-29 18:22:13+00:00,58000,540,2147,248800,0.243918810289389,2025-08-29,1,248800.0,58000.0,540.0
jen1av1a1,2025-10-04 09:21:40+00:00,159400,539,4447,621300,0.2645839369064864,2025-10-04,1,621300.0,159400.0,539.0
alevelstudent27,2025-11-24 13:11:45+00:00,27700,248,800,105500,0.2724928909952606,2025-11-24,1,105500.0,27700.0,248.0
ttalgi.uwu,2025-08-01 13:37:04+00:00,97500,740,2763,470800,0.2145348343245539,2025-08-01,1,470800.0,97500.0,740.0
iljw0n,2025-09-10 11:02:11+00:00,15900,888,507,130600,0.132427258805513,2025-09-10,1,130600.0,15900.0,888.0
bandoodlesaur,2025-09-30 02:20:25+00:00,81200,309,1257,349800,0.236609491137793,2025-09-30,1,349800.0,81200.0,309.0
boardsbylana,2025-12-16 20:38:22+00:00,42300,67,897,153100,0.2825865447419987,2025-12-16,1,153100.0,42300.0,67.0
xxxmary.0,2025-12-12 09:32:12+00:00,31200,666,1000,129800,0.2532049306625578,2025-12-12,1,129800.0,31200.0,666.0
atkhawla_attni,2025-02-05 21:28:10+00:00,202400,1172,3777,1300000,0.1594992307692307,2025-02-05,1,1300000.0,202400.0,1172.0
suisen_nn,2025-08-21 00:48:04+00:00,87900,690,2059,361800,0.2505500276395799,2025-08-21,1,361800.0,87900.0,690.0
m1ntti3,2025-12-14 18:53:44+00:00,397800,11000,65300,1800000,0.2633888888888889,2025-12-14,1,1800000.0,397800.0,11000.0
cerulean.naa,2025-12-20 14:00:32+00:00,2453,30,54,15700,0.1615923566878981,2025-12-20,1,15700.0,2453.0,30.0
ur.litoyks,2025-04-28 13:46:56+00:00,924,77,22,185200,0.005523758099352,2025-04-28,1,185200.0,924.0,77.0
meydizuuayu,2025-06-15 13:01:18+00:00,450,5,3,74400,0.0061559139784946,2025-06-15,1,74400.0,450.0,5.0
kiefertanya,2025-12-07 09:26:38+00:00,169,19,51,57700,0.0041421143847487,2025-12-07,1,57700.0,169.0,19.0
x7wqsfkla,2023-09-04 06:58:13+00:00,113,3,0,37300,0.0031099195710455,2023-09-04,1,37300.0,113.0,3.0
omorinso1a,2025-12-17 20:49:12+00:00,519500,403,19500,2100000,0.2568585714285714,2025-12-17,1,2100000.0,519500.0,403.0
_vasilikis.diary_,2024-05-31 09:24:07+00:00,502800,5050,12100,5100000,0.1019509803921568,2024-05-31,1,5100000.0,502800.0,5050.0
2500ggdb,2025-12-24 03:21:30+00:00,3939,10,80,13900,0.2898561151079136,2025-12-24,1,13900.0,3939.0,10.0
silly_lettuce,2025-01-26 13:07:08+00:00,218900,436,2256,2000000,0.110796,2025-01-26,1,2000000.0,218900.0,436.0
vanessa.kla,2025-07-30 14:46:04+00:00,424500,1274,24300,5200000,0.0865526923076923,2025-07-30,1,5200000.0,424500.0,1274.0
fshi0n2,2025-05-09 01:56:09+00:00,855,4,17,20400,0.0429411764705882,2025-05-09,1,20400.0,855.0,4.0
apluslisa,2025-12-19 23:15:30+00:00,62000,238,2975,388800,0.1677289094650206,2025-12-19,1,388800.0,62000.0,238.0
itseyalla,2025-02-10 16:25:02+00:00,30800,124,473,260400,0.1205721966205837,2025-02-10,1,260400.0,30800.0,124.0
sabspreppys,2024-05-28 17:49:32+00:00,57600,697,804,774300,0.0763282965258943,2024-05-28,1,774300.0,57600.0,697.0
belle4lv,2025-10-19 21:54:27+00:00,161600,307,6311,898500,0.1872209237618252,2025-10-19,1,898500.0,161600.0,307.0
defyourlove,2023-09-25 15:16:56+00:00,88400,550,1242,1200000,0.07516,2023-09-25,1,1200000.0,88400.0,550.0
aleksandrahoeye,2025-11-17 23:24:40+00:00,108500,145,1507,482600,0.2282469954413593,2025-11-17,1,482600.0,108500.0,145.0
erickamartinee,2025-01-07 04:13:52+00:00,572200,2305,36400,4300000,0.1420709302325581,2025-01-07,1,4300000.0,572200.0,2305.0
djthatabguy,2025-02-01 16:04:52+00:00,336600,2273,43000,6000000,0.0636455,2025-02-01,1,6000000.0,336600.0,2273.0
cinarminarmk,2025-03-08 17:46:07+00:00,24800,94,862,187300,0.1375120128136679,2025-03-08,1,187300.0,24800.0,94.0
balto005,2023-08-03 15:47:57+00:00,366800,541,21800,3900000,0.0997797435897435,2023-08-03,1,3900000.0,366800.0,541.0
viragadam_,2025-01-18 23:51:52+00:00,232200,1024,74800,2100000,0.1466780952380952,2025-01-18,1,2100000.0,232200.0,1024.0
trenborina,2025-10-21 14:50:06+00:00,68700,430,2464,787500,0.0909130158730158,2025-10-21,1,787500.0,68700.0,430.0
fitnessninja2025,2025-11-26 17:03:07+00:00,5157,30,1772,225700,0.0308329641116526,2025-11-26,1,225700.0,5157.0,30.0
crossfitcenter,2025-06-25 04:01:46+00:00,78600,925,4139,1200000,0.06972,2025-06-25,1,1200000.0,78600.0,925.0
lyndonph,2023-07-23 11:36:14+00:00,175600,350,11800,2600000,0.0722115384615384,2023-07-23,1,2600000.0,175600.0,350.0
gymxlean,2025-06-21 15:50:15+00:00,523400,3013,50000,4500000,0.1280917777777777,2025-06-21,1,4500000.0,523400.0,3013.0
cinarminarmk,2024-11-30 17:44:51+00:00,807100,8549,155900,5200000,0.1868363461538461,2024-11-30,1,5200000.0,807100.0,8549.0
gymxlean,2025-10-23 06:33:00+00:00,407300,1773,36900,3400000,0.1311685294117647,2025-10-23,1,3400000.0,407300.0,1773.0
workouts_zone,2025-05-02 17:22:17+00:00,11500,200,5038,723100,0.0231475591204536,2025-05-02,1,723100.0,11500.0,200.0
eboqodtt,2025-11-08 15:14:17+00:00,546,16,76,33500,0.0190447761194029,2025-11-08,1,33500.0,546.0,16.0
recfit,2024-10-25 20:13:07+00:00,33500,448,1599,1300000,0.0273438461538461,2024-10-25,1,1300000.0,33500.0,448.0
wickpie,2025-02-08 10:39:02+00:00,12600,81,449,286400,0.0458449720670391,2025-02-08,1,286400.0,12600.0,81.0
meyouuuno,2025-11-24 13:47:11+00:00,1977,22,46,30000,0.0681666666666666,2025-11-24,1,30000.0,1977.0,22.0
recfit,2024-10-04 15:57:28+00:00,28900,414,1580,1100000,0.0280854545454545,2024-10-04,1,1100000.0,28900.0,414.0
priyanka_fitness4,2023-05-08 08:15:46+00:00,171600,1091,4035,3900000,0.0453143589743589,2023-05-08,1,3900000.0,171600.0,1091.0
mau.barajaz,2025-07-09 19:31:35+00:00,3330,89,259,101900,0.0360942100098135,2025-07-09,1,101900.0,3330.0,89.0
rochet18,2025-07-30 10:27:19+00:00,58000,1025,4527,961200,0.0661173533083645,2025-07-30,1,961200.0,58000.0,1025.0
yanmihy,2023-08-12 01:32:30+00:00,851,23,106,50300,0.0194831013916501,2023-08-12,1,50300.0,851.0,23.0
fitness_world_gym,2025-03-06 14:14:02+00:00,7357,220,244,133000,0.0588045112781954,2025-03-06,1,133000.0,7357.0,220.0
buca.nicoleta,2023-10-27 16:22:55+00:00,276,2,0,996,0.2791164658634538,2023-10-27,1,996.0,276.0,2.0
musclesworld.mw,2025-06-03 02:30:42+00:00,220,21,16,11000,0.0233636363636363,2025-06-03,1,11000.0,220.0,21.0
salenalorelle,2025-08-21 16:42:58+00:00,64,4,0,877,0.0775370581527936,2025-08-21,1,877.0,64.0,4.0
viralsvideo2025,2025-11-17 14:25:40+00:00,232200,10700,74200,8600000,0.0368720930232558,2025-11-17,1,8600000.0,232200.0,10700.0
ni8naa_,2025-06-26 23:42:08+00:00,12000,154,443,163400,0.0770930232558139,2025-06-26,1,163400.0,12000.0,154.0
lia82140,2025-01-15 07:16:14+00:00,539,34,180,57500,0.013095652173913,2025-01-15,1,57500.0,539.0,34.0
funnyvideos0320,2025-10-04 11:07:04+00:00,2072,216,128,440400,0.0054859218891916,2025-10-04,1,440400.0,2072.0,216.0
uckylqfb,2025-12-05 03:02:28+00:00,2594,176,1059,380900,0.0100525072197427,2025-12-05,1,380900.0,2594.0,176.0
el.seor.2,2025-09-06 14:41:00+00:00,573,71,291,248600,0.0037610619469026,2025-09-06,1,248600.0,573.0,71.0
that_lifter_guy92,2025-12-26 19:03:23+00:00,6,4,0,155,0.064516129032258,2025-12-26,1,155.0,6.0,4.0
theanafits,2025-09-30 18:37:32+00:00,315200,827,38200,1900000,0.1864352631578947,2025-09-30,1,1900000.0,315200.0,827.0
coachbluegym,2025-09-17 06:31:13+00:00,464900,3844,25600,16000000,0.0308965,2025-09-17,1,16000000.0,464900.0,3844.0
brianna.sh,2025-08-28 20:54:58+00:00,502700,4431,14900,2600000,0.2007811538461538,2025-08-28,1,2600000.0,502700.0,4431.0
fitnessgirl788,2024-08-08 14:34:45+00:00,26200,217,3434,1100000,0.0271372727272727,2024-08-08,1,1100000.0,26200.0,217.0
gainsformen,2025-04-12 22:49:46+00:00,411100,883,14500,8600000,0.0495910465116279,2025-04-12,1,8600000.0,411100.0,883.0
fitfixyt,2023-05-14 21:03:44+00:00,954600,4148,13700,7000000,0.1389211428571428,2023-05-14,1,7000000.0,954600.0,4148.0
calestinics0,2025-06-21 05:11:59+00:00,2500000,18400,60900,125800000,0.0205031796502384,2025-06-21,1,125800000.0,2500000.0,18400.0
bsmoothe00,2025-12-26 23:06:13+00:00,24,0,0,292,0.0821917808219178,2025-12-26,1,292.0,24.0,0.0
lorrayneoliveiraofc,2025-12-26 22:31:31+00:00,1287,72,4,7550,0.1805298013245033,2025-12-26,1,7550.0,1287.0,72.0
salomeandreaa,2024-05-09 21:46:30+00:00,426300,576,6824,4200000,0.1032619047619047,2024-05-09,1,4200000.0,426300.0,576.0
leanortizz,2024-09-03 20:40:32+00:00,167100,140,1221,1300000,0.1295853846153846,2024-09-03,1,1300000.0,167100.0,140.0
k.arin.a_h,2025-12-26 22:55:21+00:00,21,3,0,138,0.1739130434782608,2025-12-26,1,138.0,21.0,3.0
gld_anni,2025-12-19 20:09:20+00:00,11200,33,597,128700,0.0919191919191919,2025-12-19,1,128700.0,11200.0,33.0
gld_anni,2025-07-12 21:33:04+00:00,75900,188,3798,843500,0.0947077652637818,2025-07-12,1,843500.0,75900.0,188.0
jellinawlke,2025-12-20 15:22:18+00:00,282,22,5,3031,0.1019465522929726,2025-12-20,1,3031.0,282.0,22.0
ricemunchur,2025-07-18 01:53:06+00:00,24800,608,953,217800,0.1210330578512396,2025-07-18,1,217800.0,24800.0,608.0
meleleluv,2025-07-18 14:06:08+00:00,270600,2357,5883,1300000,0.2144923076923077,2025-07-18,1,1300000.0,270600.0,2357.0
tenaliso,2025-09-15 14:44:51+00:00,77900,332,1070,275400,0.2879520697167756,2025-09-15,1,275400.0,77900.0,332.0
soleilssofiaa,2025-11-04 18:15:56+00:00,11600,77,191,65900,0.1800910470409711,2025-11-04,1,65900.0,11600.0,77.0
kukkitoharu,2025-11-11 07:17:52+00:00,282200,1411,11500,1100000,0.2682827272727273,2025-11-11,1,1100000.0,282200.0,1411.0
diaryoflov3,2025-10-21 20:50:02+00:00,100200,423,1765,546500,0.187352241537054,2025-10-21,1,546500.0,100200.0,423.0
jaeinpink,2025-06-16 18:53:21+00:00,107600,925,4209,602200,0.1872035868482232,2025-06-16,1,602200.0,107600.0,925.0
lalunafleurs,2025-10-30 14:53:47+00:00,154000,807,3653,709600,0.2233089064261555,2025-10-30,1,709600.0,154000.0,807.0
user82736538398243,2025-11-24 22:38:23+00:00,7023,34,144,43500,0.1655402298850574,2025-11-24,1,43500.0,7023.0,34.0
mishtuo,2025-07-30 14:13:38+00:00,73800,417,2005,252300,0.3021086008719778,2025-07-30,1,252300.0,73800.0,417.0
erinekilmurray,2025-08-12 01:43:27+00:00,147300,378,1324,2100000,0.0709533333333333,2025-08-12,1,2100000.0,147300.0,378.0
.akvlogss,2025-04-20 20:49:37+00:00,476500,9442,8566,2500000,0.1978032,2025-04-20,1,2500000.0,476500.0,9442.0
r.rxyalty,2025-08-31 17:49:21+00:00,74300,213,952,450300,0.1675882744836775,2025-08-31,1,450300.0,74300.0,213.0
chriswilson,2025-08-15 17:49:51+00:00,284,7,2,9572,0.0306101128290848,2025-08-15,1,9572.0,284.0,7.0
journaljunky,2025-06-10 21:25:09+00:00,322500,3166,6860,1400000,0.2375185714285714,2025-06-10,1,1400000.0,322500.0,3166.0
francesca.roz,2025-09-28 21:31:39+00:00,330200,809,7914,1400000,0.2420878571428571,2025-09-28,1,1400000.0,330200.0,809.0
perttymariam9,2025-11-25 05:37:10+00:00,48400,105,1881,307700,0.163750406239844,2025-11-25,1,307700.0,48400.0,105.0
study_forlive,2025-11-17 06:01:03+00:00,45900,50,1079,289500,0.1624490500863558,2025-11-17,1,289500.0,45900.0,50.0
emmis_aesthetic_life,2024-09-12 17:46:27+00:00,573300,4179,12700,3300000,0.1788421212121212,2024-09-12,1,3300000.0,573300.0,4179.0
caramel.studyy,2025-04-12 11:39:31+00:00,75500,272,38300,158800,0.7183375314861461,2025-04-12,1,158800.0,75500.0,272.0
eemlyy,2025-11-21 19:56:04+00:00,116100,232,3109,594300,0.2009776207302709,2025-11-21,1,594300.0,116100.0,232.0
ash_ashdo,2025-10-24 06:40:56+00:00,396400,1350,13400,2700000,0.1522777777777778,2025-10-24,1,2700000.0,396400.0,1350.0
oldkpopculardan,2025-11-24 14:28:01+00:00,179400,1040,5202,904400,0.2052653693056169,2025-11-24,1,904400.0,179400.0,1040.0
theexamplanner,2024-08-12 23:26:52+00:00,498100,2396,31900,4800000,0.1109158333333333,2024-08-12,1,4800000.0,498100.0,2396.0
mayaneagle,2025-06-22 06:27:57+00:00,147900,473,2860,917700,0.1647956848643347,2025-06-22,1,917700.0,147900.0,473.0
madyriver,2025-06-11 03:27:01+00:00,213900,1009,3910,1100000,0.1989263636363636,2025-06-11,1,1100000.0,213900.0,1009.0
studywnivi,2024-12-27 01:29:33+00:00,235400,1750,22200,1400000,0.18525,2024-12-27,1,1400000.0,235400.0,1750.0
nishu.259,2025-11-19 11:27:52+00:00,4070,302,1408,456000,0.0126754385964912,2025-11-19,1,456000.0,4070.0,302.0
ai.videos7936,2025-12-09 11:06:23+00:00,204,4,56,18900,0.0139682539682539,2025-12-09,1,18900.0,204.0,4.0
mriceofficial,2025-07-14 22:59:45+00:00,1155,138,123,188100,0.0075279106858054,2025-07-14,1,188100.0,1155.0,138.0
yerielandhailey,2025-09-06 19:46:16+00:00,1455,47,165,108100,0.0154209065679925,2025-09-06,1,108100.0,1455.0,47.0
denzy.999,2025-07-15 17:16:29+00:00,1198,44,58,206500,0.0062953995157384,2025-07-15,1,206500.0,1198.0,44.0
tatakrub8,2025-08-17 02:56:00+00:00,296,36,7,15800,0.0214556962025316,2025-08-17,1,15800.0,296.0,36.0
grewged22,2022-12-01 14:37:48+00:00,1538,51,80,155300,0.0107469414037347,2022-12-01,1,155300.0,1538.0,51.0
hanspablio3,2025-11-08 04:59:40+00:00,10500,155,275,375300,0.0291233679722888,2025-11-08,1,375300.0,10500.0,155.0
ryan_edits46,2025-07-18 03:34:39+00:00,1965,82,43,85900,0.0243306169965075,2025-07-18,1,85900.0,1965.0,82.0
mykids3torun2,2023-11-02 18:39:05+00:00,2166,182,246,490100,0.0052927973882881,2023-11-02,1,490100.0,2166.0,182.0
dennysumargoreal,2025-02-13 11:07:28+00:00,195500,6527,3939,11100000,0.0185554954954954,2025-02-13,1,11100000.0,195500.0,6527.0
lunabaeb,2022-12-19 15:00:31+00:00,319,4,10,52400,0.006354961832061,2022-12-19,1,52400.0,319.0,4.0
mariena_mg,2025-05-06 20:12:25+00:00,428200,0,445800,16700000,0.0523353293413173,2025-05-06,1,16700000.0,428200.0,0.0
rabia77000,2025-10-30 23:43:20+00:00,1138,74,86,169300,0.007666863555818,2025-10-30,1,169300.0,1138.0,74.0
ai_animals_811,2025-11-01 12:36:05+00:00,6283,59,212,1700000,0.003855294117647,2025-11-01,1,1700000.0,6283.0,59.0
medz071490,2025-10-20 11:47:24+00:00,203,16,37,38100,0.0067191601049868,2025-10-20,1,38100.0,203.0,16.0
ideas_time,2022-12-01 13:55:17+00:00,1407,0,209,248800,0.0064951768488745,2022-12-01,1,248800.0,1407.0,0.0
pet_animals00,2025-07-22 02:12:28+00:00,4540,497,414,804800,0.0067731113320079,2025-07-22,1,804800.0,4540.0,497.0
adrianolemosof,2025-11-28 13:00:10+00:00,337,22,100,52600,0.0087262357414448,2025-11-28,1,52600.0,337.0,22.0
forfunforfashion,2025-04-21 00:00:00+00:00,608,28,42,97900,0.0069254341164453,2025-04-21,1,97900.0,608.0,28.0
loveanimals087,2023-05-30 20:07:44+00:00,305,18,53,90000,0.0041777777777777,2023-05-30,1,90000.0,305.0,18.0
s0cs0,2024-05-05 06:59:51+00:00,2983,23,11,165700,0.018207604103802,2024-05-05,1,165700.0,2983.0,23.0
miicaela.ayelen95,2025-07-03 23:14:33+00:00,473,79,25,122700,0.0047025264873675,2025-07-03,1,122700.0,473.0,79.0
7777777linda,2025-08-16 12:01:34+00:00,590,64,29,61200,0.0111601307189542,2025-08-16,1,61200.0,590.0,64.0
helosa7404,2025-09-07 08:00:00+00:00,820,7,23,24600,0.0345528455284552,2025-09-07,1,24600.0,820.0,7.0
yomarytv,2025-07-27 23:00:06+00:00,1101,113,64,166800,0.0076618705035971,2025-07-27,1,166800.0,1101.0,113.0
bera.smith,2025-01-03 05:40:20+00:00,2559,127,99,259500,0.0107321772639691,2025-01-03,1,259500.0,2559.0,127.0
boo_boo845,2025-09-10 16:48:18+00:00,2000,303,494,349000,0.0080143266475644,2025-09-10,1,349000.0,2000.0,303.0
clean_master18,2025-03-31 21:39:34+00:00,290,12,15,107000,0.0029626168224299,2025-03-31,1,107000.0,290.0,12.0
catapttwo,2025-12-20 05:49:27+00:00,264,75,134,6987,0.0676971518534421,2025-12-20,1,6987.0,264.0,75.0
baby_baby_cilik,2025-11-29 16:18:18+00:00,76,8,2,13000,0.0066153846153846,2025-11-29,1,13000.0,76.0,8.0
jms.lynn,2025-12-18 03:02:31+00:00,331,4,7,18300,0.0186885245901639,2025-12-18,1,18300.0,331.0,4.0
juanbernardonieto24,2025-08-16 21:17:23+00:00,400,6,18,62800,0.0067515923566878,2025-08-16,1,62800.0,400.0,6.0
cynnic1,2025-06-08 11:01:49+00:00,713,46,64,78100,0.0105377720870678,2025-06-08,1,78100.0,713.0,46.0
user4636827716841,2023-10-14 09:31:16+00:00,12000,1242,652,1900000,0.0073126315789473,2023-10-14,1,1900000.0,12000.0,1242.0
utikkecil,2025-06-16 07:11:12+00:00,152,3,4,19700,0.0080710659898477,2025-06-16,1,19700.0,152.0,3.0
ansel.ryder,2025-08-07 10:51:10+00:00,1605,892,103,76400,0.0340314136125654,2025-08-07,1,76400.0,1605.0,892.0
jieralyn.sanchez,2025-10-24 11:05:10+00:00,490,39,19,97500,0.0056205128205128,2025-10-24,1,97500.0,490.0,39.0
migne_00,2023-01-02 14:39:49+00:00,1126,81,65,108400,0.0117343173431734,2023-01-02,1,108400.0,1126.0,81.0
zhaoyueqing245,2025-08-30 14:18:58+00:00,473,22,6,16900,0.0296449704142011,2025-08-30,1,16900.0,473.0,22.0
jehanness,2025-09-04 13:42:58+00:00,128,12,3,16000,0.0089375,2025-09-04,1,16000.0,128.0,12.0
haipimtvtc0,2024-03-27 15:18:59+00:00,18,0,2,1790,0.0111731843575419,2024-03-27,1,1790.0,18.0,0.0
tk.3379,2025-04-03 13:22:06+00:00,4918,82,158,616100,0.0083720175296218,2025-04-03,1,616100.0,4918.0,82.0
marbella_lara.r,2023-01-01 23:56:49+00:00,10400,188,58,136000,0.0782794117647058,2023-01-01,1,136000.0,10400.0,188.0
funnytime727,2025-12-10 08:57:10+00:00,1984,156,120,67700,0.0333825701624815,2025-12-10,1,67700.0,1984.0,156.0
marlalaxx,2024-09-08 03:12:40+00:00,1270,46,46,132400,0.0102870090634441,2024-09-08,1,132400.0,1270.0,46.0
missmayann03,2025-08-21 12:53:41+00:00,214,58,20,46700,0.0062526766595289,2025-08-21,1,46700.0,214.0,58.0
lvrheartchew,2025-11-17 00:35:53+00:00,19500,340,599,92300,0.2214409534127843,2025-11-17,1,92300.0,19500.0,340.0
jacieeec,2024-11-02 03:28:23+00:00,39300,419,3344,1200000,0.0358858333333333,2024-11-02,1,1200000.0,39300.0,419.0
mister_am1,2024-12-21 19:09:53+00:00,8224,273,2543,885000,0.0124745762711864,2024-12-21,1,885000.0,8224.0,273.0
official.babies.c,2025-05-03 20:37:53+00:00,757,55,30,139400,0.0060401721664275,2025-05-03,1,139400.0,757.0,55.0
khnim.khnim,2025-11-04 09:01:57+00:00,689,40,17,43800,0.0170319634703196,2025-11-04,1,43800.0,689.0,40.0
grallucas019,2025-10-30 23:37:14+00:00,168,19,19,46700,0.0044111349036402,2025-10-30,1,46700.0,168.0,19.0
migne_00,2022-07-31 01:20:00+00:00,434,3,13,20200,0.0222772277227722,2022-07-31,1,20200.0,434.0,3.0
i_u287,2025-12-05 11:14:21+00:00,509,84,16,38700,0.0157364341085271,2025-12-05,1,38700.0,509.0,84.0
syad_axh,2025-10-14 13:58:34+00:00,8399,100,355,1000000,0.008854,2025-10-14,1,1000000.0,8399.0,100.0
juan.jr.oficial0,2025-11-19 04:14:34+00:00,6420,1070,879,722000,0.0115914127423822,2025-11-19,1,722000.0,6420.0,1070.0
scientmmh3m,2023-10-10 19:43:55+00:00,1737,334,533,423800,0.0061444077394997,2023-10-10,1,423800.0,1737.0,334.0
ig_jaq_quino,2025-09-07 12:15:56+00:00,5694,203,196,453300,0.0134414295168762,2025-09-07,1,453300.0,5694.0,203.0
marayavillareal,2025-04-12 09:03:14+00:00,565,30,25,31800,0.0194968553459119,2025-04-12,1,31800.0,565.0,30.0
tiktok,2025-01-17 17:27:47+00:00,15900000,373200,1300000,161000000,0.1091503105590062,2025-01-17,1,161000000.0,15900000.0,373200.0
jules.c33,2022-11-30 20:31:39+00:00,63,2,1,11400,0.0057894736842105,2022-11-30,1,11400.0,63.0,2.0
kana35516,2025-11-22 10:02:54+00:00,6,0,0,1833,0.0032733224222585,2025-11-22,1,1833.0,6.0,0.0
mesolania0,2025-12-18 06:43:40+00:00,12,5,1,1992,0.0090361445783132,2025-12-18,1,1992.0,12.0,5.0
onlly.you77,2025-12-24 06:24:02+00:00,9,1,0,620,0.0161290322580645,2025-12-24,1,620.0,9.0,1.0
jawad140599,2025-12-26 17:04:53+00:00,10,10,0,194,0.1030927835051546,2025-12-26,1,194.0,10.0,10.0
xi3_lx,2025-12-20 21:00:15+00:00,8,1,0,258,0.0348837209302325,2025-12-20,1,258.0,8.0,1.0
amyloveskoo,2025-12-25 07:31:39+00:00,10,0,0,282,0.0354609929078014,2025-12-25,1,282.0,10.0,0.0
ysaahbc31,2025-12-24 08:46:02+00:00,5,2,0,376,0.0186170212765957,2025-12-24,1,376.0,5.0,2.0
mtdmikko,2025-12-25 08:35:07+00:00,3,0,1,278,0.014388489208633,2025-12-25,1,278.0,3.0,0.0
ka.zi019,2025-12-26 18:07:03+00:00,23,5,2,71,0.4225352112676056,2025-12-26,1,71.0,23.0,5.0
fitandglamlife,2023-08-02 02:54:36+00:00,851,2,412,59400,0.0212962962962962,2023-08-02,1,59400.0,851.0,2.0
rameirewrightt,2023-08-02 01:16:12+00:00,247900,601,7048,985800,0.2592300669506999,2023-08-02,1,985800.0,247900.0,601.0
goodyfitness30,2022-07-12 00:30:48+00:00,5000000,64200,65800,48100000,0.1066528066528066,2022-07-12,1,48100000.0,5000000.0,64200.0
shredding_w_bz,2025-12-26 19:16:36+00:00,117,2,0,901,0.1320754716981132,2025-12-26,1,901.0,117.0,2.0
xerobucks,2025-12-01 01:17:10+00:00,332000,1683,21700,2500000,0.1421532,2025-12-01,1,2500000.0,332000.0,1683.0
drayyofficial,2023-09-08 17:03:13+00:00,442200,1279,16600,8800000,0.0522817045454545,2023-09-08,1,8800000.0,442200.0,1279.0
rainbowsunshineandclover,2023-08-04 17:34:17+00:00,38000,199,451,520700,0.0742270021125408,2023-08-04,1,520700.0,38000.0,199.0
iam_calvinn,2025-12-26 15:45:01+00:00,250,7,7,1284,0.205607476635514,2025-12-26,1,1284.0,250.0,7.0
lexx.fit,2022-08-03 01:02:27+00:00,326000,1385,4126,3600000,0.0920863888888888,2022-08-03,1,3600000.0,326000.0,1385.0
tiff.maeee,2024-08-23 05:37:25+00:00,159900,232,3025,815900,0.1999718102708665,2024-08-23,1,815900.0,159900.0,232.0
sonjakay19,2025-12-26 22:44:14+00:00,1,0,0,6,0.1666666666666666,2025-12-26,1,6.0,1.0,0.0
lxcacagirl,2024-04-27 02:15:42+00:00,194100,402,2877,2700000,0.0731033333333333,2024-04-27,1,2700000.0,194100.0,402.0
_kyleighreese,2025-12-26 22:57:09+00:00,37,0,0,233,0.1587982832618025,2025-12-26,1,233.0,37.0,0.0
mealeee_,2025-12-26 23:05:56+00:00,34,0,0,274,0.1240875912408759,2025-12-26,1,274.0,34.0,0.0
its.a.finee,2024-08-14 21:14:12+00:00,2600000,5451,30800,30800000,0.0855925649350649,2024-08-14,1,30800000.0,2600000.0,5451.0
aboubacar.balde.224,2025-12-26 22:44:33+00:00,117,10,1,745,0.1718120805369127,2025-12-26,1,745.0,117.0,10.0
lheib.ybbil,2025-12-26 22:46:37+00:00,67,1,0,335,0.2029850746268656,2025-12-26,1,335.0,67.0,1.0
lifewithtravis_,2025-12-26 22:48:33+00:00,23,0,0,245,0.0938775510204081,2025-12-26,1,245.0,23.0,0.0
dexthemonkey,2025-10-08 04:42:20+00:00,3000000,10700,1500000,22400000,0.2013705357142857,2025-10-08,1,22400000.0,3000000.0,10700.0
yunnipooh,2023-11-07 16:46:27+00:00,426500,0,17800,2600000,0.1708846153846153,2023-11-07,1,2600000.0,426500.0,0.0
fczn8,2025-12-23 02:14:10+00:00,5993,46,145,51700,0.1196131528046421,2025-12-23,1,51700.0,5993.0,46.0
lilium_im1,2025-12-22 10:19:50+00:00,12000,103,171,76100,0.1612877792378449,2025-12-22,1,76100.0,12000.0,103.0
naoshesy,2025-12-20 11:55:20+00:00,1102,0,22,6146,0.182883176049463,2025-12-20,1,6146.0,1102.0,0.0
yalcinkayasude,2025-12-07 11:53:51+00:00,12600,53,178,90400,0.1419358407079646,2025-12-07,1,90400.0,12600.0,53.0
stud_yingtiktok,2024-08-12 22:39:11+00:00,209,4,2,1985,0.1083123425692695,2024-08-12,1,1985.0,209.0,4.0
steelkels,2025-12-10 15:10:01+00:00,100900,121,7842,711400,0.153026426764127,2025-12-10,1,711400.0,100900.0,121.0
stud_yingtiktok,2024-07-24 02:11:49+00:00,282,1,0,1987,0.1424257674886763,2024-07-24,1,1987.0,282.0,1.0
ksu.harmony,2025-09-21 12:07:14+00:00,61700,424,2476,505100,0.127895466244308,2025-09-21,1,505100.0,61700.0,424.0
mendayuan,2024-04-20 17:18:29+00:00,31000,220,721,755800,0.0422611802064038,2024-04-20,1,755800.0,31000.0,220.0
tina.lly,2025-12-26 21:46:18+00:00,17,0,1,598,0.0301003344481605,2025-12-26,1,598.0,17.0,0.0
stud_yingtiktok,2024-11-11 23:50:51+00:00,198,4,22,1387,0.1614996395097332,2024-11-11,1,1387.0,198.0,4.0
stud_yingtiktok,2025-01-01 10:54:45+00:00,280,1,4,1828,0.1559080962800875,2025-01-01,1,1828.0,280.0,1.0
stud_yingtiktok,2025-01-13 00:44:55+00:00,178,2,3,1646,0.1111786148238153,2025-01-13,1,1646.0,178.0,2.0
focuswithdina,2025-10-12 21:24:28+00:00,6049,185,734,205900,0.0338416707139388,2025-10-12,1,205900.0,6049.0,185.0
cadi.llac,2025-09-02 06:26:43+00:00,2067,187,90,331300,0.0070751584666465,2025-09-02,1,331300.0,2067.0,187.0
mynamesberto,2025-12-08 01:54:55+00:00,389900,2807,44700,2000000,0.2187035,2025-12-08,1,2000000.0,389900.0,2807.0
im.perfect.mee,2025-09-22 06:36:51+00:00,166800,258,7686,1200000,0.14562,2025-09-22,1,1200000.0,166800.0,258.0
studywithemmane_,2025-05-09 23:48:36+00:00,127600,340,1474,991300,0.1305497831130838,2025-05-09,1,991300.0,127600.0,340.0
realshadi1,2025-01-12 10:14:55+00:00,53000,251,3029,435400,0.1292604501607717,2025-01-12,1,435400.0,53000.0,251.0
milbakess,2024-09-22 20:06:31+00:00,57800,353,1161,423700,0.1399905593580363,2024-09-22,1,423700.0,57800.0,353.0
ali.c.g.l,2025-01-16 17:46:55+00:00,289900,1292,11600,2000000,0.151396,2025-01-16,1,2000000.0,289900.0,1292.0
_byyhannah,2025-02-20 18:15:27+00:00,25500,148,196,122200,0.2114893617021276,2025-02-20,1,122200.0,25500.0,148.0
mintallythere,2025-10-02 05:22:19+00:00,138600,436,3525,664600,0.2145064700571772,2025-10-02,1,664600.0,138600.0,436.0
legallylu,2023-10-16 12:53:26+00:00,9649,9,64,65000,0.1495692307692307,2023-10-16,1,65000.0,9649.0,9.0
chiara_ssh,2024-04-25 15:32:30+00:00,216400,1410,2174,1000000,0.219984,2024-04-25,1,1000000.0,216400.0,1410.0
gabistudiez,2025-10-18 18:09:26+00:00,74000,91,1422,346700,0.2178050187481973,2025-10-18,1,346700.0,74000.0,91.0
isitrlzuzia,2025-11-22 17:30:06+00:00,155500,568,4442,777400,0.2064702855672755,2025-11-22,1,777400.0,155500.0,568.0
vzy0501,2025-02-22 01:28:54+00:00,463000,2770,7483,2600000,0.1820203846153846,2025-02-22,1,2600000.0,463000.0,2770.0
malenaa.sch,2025-12-23 20:49:51+00:00,618,1,5,2591,0.2408336549594751,2025-12-23,1,2591.0,618.0,1.0
eemlyy,2025-12-26 19:25:53+00:00,1238,3,13,5845,0.2145423438836612,2025-12-26,1,5845.0,1238.0,3.0
alizada.54,2025-12-24 17:11:49+00:00,6934,23,148,36900,0.1925474254742547,2025-12-24,1,36900.0,6934.0,23.0
brunettediary2,2025-12-24 16:10:03+00:00,1101,8,15,4776,0.2353433835845896,2025-12-24,1,4776.0,1101.0,8.0
liddellfitness,2025-04-12 22:26:15+00:00,99500,309,2364,670800,0.1523151460942158,2025-04-12,1,670800.0,99500.0,309.0
davidpark_._,2022-05-02 12:01:49+00:00,890000,3581,43500,14400000,0.0650750694444444,2022-05-02,1,14400000.0,890000.0,3581.0
londonloveslifting,2024-11-25 19:17:09+00:00,243900,2158,981,2400000,0.1029329166666666,2024-11-25,1,2400000.0,243900.0,2158.0
nicofelich,2024-01-25 18:47:58+00:00,94500,403,2492,996200,0.097766512748444,2024-01-25,1,996200.0,94500.0,403.0
perchoi.fitness,2025-08-08 17:00:24+00:00,410800,1676,85200,9300000,0.0535135483870967,2025-08-08,1,9300000.0,410800.0,1676.0
theelliebarker,2025-01-30 20:33:28+00:00,365600,409,15900,2400000,0.15912875,2025-01-30,1,2400000.0,365600.0,409.0
julihasthecats,2025-12-26 22:45:32+00:00,59,1,2,430,0.1441860465116279,2025-12-26,1,430.0,59.0,1.0
seungbin030708,2022-10-08 08:42:20+00:00,747300,1503,2190,26300000,0.028554866920152,2022-10-08,1,26300000.0,747300.0,1503.0
brookemonk_,2020-04-04 07:24:06+00:00,3300000,14700,23800,28100000,0.1188078291814946,2020-04-04,1,28100000.0,3300000.0,14700.0
mcdawnalds._,2024-05-18 19:44:10+00:00,5800000,7589,100900,44200000,0.133676221719457,2024-05-18,1,44200000.0,5800000.0,7589.0
faithnoelle07,2025-11-24 23:37:00+00:00,2200000,7312,216800,10500000,0.2308678095238095,2025-11-24,1,10500000.0,2200000.0,7312.0
kie_eats,2025-02-12 22:15:15+00:00,3100000,12500,348700,25100000,0.1378964143426294,2025-02-12,1,25100000.0,3100000.0,12500.0
209.szhou,2025-09-29 01:01:54+00:00,6100000,39800,433300,39900000,0.1647393483709273,2025-09-29,1,39900000.0,6100000.0,39800.0
kliosn,2025-08-10 18:01:33+00:00,2700000,21300,793500,22100000,0.1590407239819004,2025-08-10,1,22100000.0,2700000.0,21300.0
sons05,2025-11-22 17:00:00+00:00,1800000,6859,82900,12700000,0.1487999212598425,2025-11-22,1,12700000.0,1800000.0,6859.0
mstatianaclark,2024-04-05 03:01:42+00:00,1700000,25700,149700,15700000,0.119452229299363,2024-04-05,1,15700000.0,1700000.0,25700.0
leasecretgirlacc,2025-12-26 22:29:33+00:00,15,0,0,100,0.15,2025-12-26,1,100.0,15.0,0.0
fw.fro1,2024-08-11 21:06:34+00:00,2600000,10200,96400,17300000,0.1564508670520231,2024-08-11,1,17300000.0,2600000.0,10200.0
thatsmom4u,2025-12-26 22:47:52+00:00,2,0,0,86,0.0232558139534883,2025-12-26,1,86.0,2.0,0.0
flowers_by_danni,2025-08-03 04:23:06+00:00,1700000,1921,117000,8600000,0.2115024418604651,2025-08-03,1,8600000.0,1700000.0,1921.0
andrewzviolin,2025-11-03 20:09:54+00:00,2600000,29200,310500,18200000,0.161521978021978,2025-11-03,1,18200000.0,2600000.0,29200.0
rodaswillian1,2025-12-26 22:59:07+00:00,2,0,0,18,0.1111111111111111,2025-12-26,1,18.0,2.0,0.0
andrewzviolin,2025-10-30 20:01:49+00:00,4600000,55200,926400,31900000,0.1749717868338558,2025-10-30,1,31900000.0,4600000.0,55200.0
brodieshredz,2023-08-07 22:40:16+00:00,5500000,7220,119600,33200000,0.1694825301204819,2023-08-07,1,33200000.0,5500000.0,7220.0
armadasmc,2023-09-02 19:06:00+00:00,5400000,24300,449700,64400000,0.0912111801242236,2023-09-02,1,64400000.0,5400000.0,24300.0
anatoly_pranks,2023-03-21 20:24:16+00:00,5400000,12400,77600,53100000,0.1033898305084745,2023-03-21,1,53100000.0,5400000.0,12400.0
hunterstein.wk,2025-04-19 01:23:38+00:00,5400000,12400,223100,44100000,0.1277891156462585,2025-04-19,1,44100000.0,5400000.0,12400.0
vee_fit1,2022-12-08 04:21:00+00:00,5300000,132400,947600,122600000,0.0520391517128874,2022-12-08,1,122600000.0,5300000.0,132400.0
kaylanellaa,2020-04-08 11:52:06+00:00,5300000,5221,24400,76900000,0.0693058647594278,2020-04-08,1,76900000.0,5300000.0,5221.0
jchristofitness,2022-11-21 20:54:52+00:00,5300000,26900,38000,30900000,0.1736213592233009,2022-11-21,1,30900000.0,5300000.0,26900.0
bwyoutube,2025-01-03 19:52:28+00:00,5200000,22200,242900,100800000,0.0542172619047619,2025-01-03,1,100800000.0,5200000.0,22200.0
jackedgabe,2025-08-09 19:16:50+00:00,5200000,17800,369700,27000000,0.2069444444444444,2025-08-09,1,27000000.0,5200000.0,17800.0
_andrei_semenikhin_,2021-10-18 16:26:49+00:00,5100000,21900,34100,107600000,0.0479182156133829,2021-10-18,1,107600000.0,5100000.0,21900.0
wavybrin,2021-08-08 16:03:04+00:00,5100000,16900,13800,32100000,0.159834890965732,2021-08-08,1,32100000.0,5100000.0,16900.0
noeldeyzel_bodybuilder,2024-12-14 16:03:31+00:00,5000000,11900,246600,31000000,0.1696290322580645,2024-12-14,1,31000000.0,5000000.0,11900.0
vincentfischer_,2022-02-24 17:04:58+00:00,4900000,28800,63800,39900000,0.1251278195488721,2022-02-24,1,39900000.0,4900000.0,28800.0
fitrich76,2022-02-13 08:48:48+00:00,4800000,17500,35900,71000000,0.0683577464788732,2022-02-13,1,71000000.0,4800000.0,17500.0
mowgli.j,2021-10-23 13:14:44+00:00,4800000,37700,36800,52500000,0.092847619047619,2021-10-23,1,52500000.0,4800000.0,37700.0
fitt4greatness,2020-11-26 03:55:11+00:00,4800000,81700,220200,22100000,0.2308552036199095,2020-11-26,1,22100000.0,4800000.0,81700.0
onebulkyboy,2022-12-31 21:30:36+00:00,4800000,22600,54700,39000000,0.1250589743589743,2022-12-31,1,39000000.0,4800000.0,22600.0
brodieshredzz,2022-10-29 20:49:05+00:00,4800000,30500,77300,36800000,0.1333641304347826,2022-10-29,1,36800000.0,4800000.0,30500.0
killakevtv,2022-10-18 16:41:52+00:00,4700000,36200,30000,24100000,0.1977676348547717,2022-10-18,1,24100000.0,4700000.0,36200.0
jalalsamfit,2023-06-26 17:45:20+00:00,4700000,6000,199400,43500000,0.112767816091954,2023-06-26,1,43500000.0,4700000.0,6000.0
frank_fitness24,2022-06-12 03:00:19+00:00,4600000,9545,131300,49900000,0.0950069138276553,2022-06-12,1,49900000.0,4600000.0,9545.0
hunterwoodhall,2020-03-22 15:05:32+00:00,4600000,4037,14000,24500000,0.188491306122449,2020-03-22,1,24500000.0,4600000.0,4037.0
shereinabdelhady,2024-07-23 23:48:27+00:00,4600000,31000,73900,28200000,0.1668404255319149,2024-07-23,1,28200000.0,4600000.0,31000.0
brodieshredz,2023-08-25 22:18:54+00:00,4600000,5154,53300,26500000,0.175790716981132,2023-08-25,1,26500000.0,4600000.0,5154.0
mari.diary0x,2025-12-15 15:20:29+00:00,5483,36,102,27600,0.203659420289855,2025-12-15,1,27600.0,5483.0,36.0
studyingwithshrisha,2025-12-17 13:19:28+00:00,2836,8,49,11800,0.2451694915254237,2025-12-17,1,11800.0,2836.0,8.0
brycebuse3,2019-11-20 19:29:52+00:00,1700000,22700,126400,9700000,0.1906288659793814,2019-11-20,1,9700000.0,1700000.0,22700.0
caesarchaser,2025-09-29 22:13:39+00:00,2400000,8178,441400,11400000,0.2499629824561403,2025-09-29,1,11400000.0,2400000.0,8178.0
vviral24,2025-02-18 18:00:00+00:00,1521,56,62,359400,0.0045603784084585,2025-02-18,1,359400.0,1521.0,56.0
respect.dohee,2023-01-20 12:07:14+00:00,52,0,2,2712,0.0199115044247787,2023-01-20,1,2712.0,52.0,0.0
klevistx,2025-09-15 20:42:50+00:00,317,55,65,56600,0.0077208480565371,2025-09-15,1,56600.0,317.0,55.0
number2674946,2025-03-30 23:32:33+00:00,51500,161,6910,305900,0.1914710689767898,2025-03-30,1,305900.0,51500.0,161.0
andrea.lopez44,2023-10-31 18:39:27+00:00,2400000,2533,4580,37100000,0.0648817520215633,2023-10-31,1,37100000.0,2400000.0,2533.0
awmcapcut,2025-06-20 10:40:53+00:00,2200000,6061,147500,14500000,0.1623145517241379,2025-06-20,1,14500000.0,2200000.0,6061.0
cadel_06,2024-04-13 21:57:37+00:00,4800000,7400,106000,47800000,0.1027907949790795,2024-04-13,1,47800000.0,4800000.0,7400.0
imkorr,2025-02-15 03:28:22+00:00,526200,4039,88600,3000000,0.2062796666666666,2025-02-15,1,3000000.0,526200.0,4039.0
respect.dohee,2023-01-13 15:23:02+00:00,65,4,7,7211,0.0105394536125364,2023-01-13,1,7211.0,65.0,4.0
lewissaunderson38,2025-03-15 19:57:35+00:00,1900000,24500,948100,15500000,0.1853290322580645,2025-03-15,1,15500000.0,1900000.0,24500.0
nerdork0,2024-05-01 08:04:24+00:00,1800000,12700,321700,13700000,0.1557956204379562,2024-05-01,1,13700000.0,1800000.0,12700.0
me03rrt,2025-02-25 15:54:36+00:00,3300000,6492,391800,19400000,0.1906336082474226,2025-02-25,1,19400000.0,3300000.0,6492.0
carolinendez31,2025-09-28 00:59:17+00:00,106,16,5,11300,0.0112389380530973,2025-09-28,1,11300.0,106.0,16.0
nicotooswift,2025-08-05 21:45:42+00:00,1800000,4139,88700,9900000,0.1911958585858585,2025-08-05,1,9900000.0,1800000.0,4139.0
ceioniiiiii,2024-07-31 14:24:47+00:00,3700000,12700,276000,25100000,0.1589123505976095,2024-07-31,1,25100000.0,3700000.0,12700.0
mamaandherdaughters,2025-04-22 21:03:09+00:00,89900,289,382,504300,0.1795974618282768,2025-04-22,1,504300.0,89900.0,289.0
liiiilmooon,2025-11-20 17:40:50+00:00,2200000,2827,42200,12900000,0.1740331007751938,2025-11-20,1,12900000.0,2200000.0,2827.0
jiggythegod,2024-04-09 22:45:13+00:00,4900000,34600,515400,37100000,0.1469002695417789,2024-04-09,1,37100000.0,4900000.0,34600.0
babscxm,2025-03-21 23:07:55+00:00,6200000,14400,268300,76000000,0.0852986842105263,2025-03-21,1,76000000.0,6200000.0,14400.0
sailboatslimes,2022-05-13 18:45:29+00:00,1600000,43600,2184,26500000,0.0621050566037735,2022-05-13,1,26500000.0,1600000.0,43600.0
marktakeoverr,2024-05-05 03:27:35+00:00,50700,95,1217,337900,0.1539271973956792,2024-05-05,1,337900.0,50700.0,95.0
trending.vlog521,2024-12-19 07:58:33+00:00,13600,429,368,294100,0.0489527371642298,2024-12-19,1,294100.0,13600.0,429.0
khaingyoonwati,2025-11-06 05:54:20+00:00,82800,1413,9275,3400000,0.0274964705882352,2025-11-06,1,3400000.0,82800.0,1413.0
ria.officel,2025-02-02 13:31:53+00:00,4625,70,120,835200,0.0057650862068965,2025-02-02,1,835200.0,4625.0,70.0
sanakhan3310000,2025-05-29 16:09:23+00:00,26200,3104,1286,2200000,0.0139045454545454,2025-05-29,1,2200000.0,26200.0,3104.0
mastzoya10,2025-12-05 14:14:18+00:00,46000,752,1574,2600000,0.018586923076923,2025-12-05,1,2600000.0,46000.0,752.0
alisha_vlogz,2025-12-01 16:01:27+00:00,279,13,19,11900,0.0261344537815126,2025-12-01,1,11900.0,279.0,13.0
noor55.51,2025-11-28 12:37:36+00:00,2464,175,36,87900,0.0304323094425483,2025-11-28,1,87900.0,2464.0,175.0
nadiakvlog0,2025-12-13 11:03:30+00:00,8933,498,2403,865400,0.0136746013404206,2025-12-13,1,865400.0,8933.0,498.0
hot_vlogs,2025-10-26 09:34:28+00:00,4675,265,460,591500,0.0091293322062552,2025-10-26,1,591500.0,4675.0,265.0
ramiavlog,2025-07-19 09:29:39+00:00,32300,671,418,937600,0.0356111348122866,2025-07-19,1,937600.0,32300.0,671.0
kino.vimly,2025-09-29 09:21:10+00:00,3740,355,235,284900,0.0151983151983151,2025-09-29,1,284900.0,3740.0,355.0
anushaa_dhungana,2025-10-23 14:29:13+00:00,953,85,27,17100,0.0622807017543859,2025-10-23,1,17100.0,953.0,85.0
astro._kn,2025-03-24 23:59:05+00:00,9736,54,2055,404500,0.0292830655129789,2025-03-24,1,404500.0,9736.0,54.0
quyh_uhn,2025-07-30 09:54:20+00:00,1714,35,158,85600,0.0222780373831775,2025-07-30,1,85600.0,1714.0,35.0
zoyafamily0_1,2025-11-06 15:19:38+00:00,4056,106,155,121900,0.0354142739950779,2025-11-06,1,121900.0,4056.0,106.0
mjwoww,2025-09-15 03:11:22+00:00,58800,1076,5337,2800000,0.0232903571428571,2025-09-15,1,2800000.0,58800.0,1076.0
uplifted_1999,2025-03-07 11:27:37+00:00,30600,343,3708,1500000,0.0231006666666666,2025-03-07,1,1500000.0,30600.0,343.0
apppleshanecarlo,2025-04-24 06:09:08+00:00,45600,2587,1189,2100000,0.0235123809523809,2025-04-24,1,2100000.0,45600.0,2587.0
iranaretzz,2025-06-13 00:48:36+00:00,1352,13,525,129100,0.0146398140975987,2025-06-13,1,129100.0,1352.0,13.0
moimagcf41u,2025-12-22 13:13:22+00:00,2662,23,90,737500,0.0037627118644067,2025-12-22,1,737500.0,2662.0,23.0
mjwoww,2025-07-14 23:36:01+00:00,4146,97,191,222500,0.0199280898876404,2025-07-14,1,222500.0,4146.0,97.0
ruruka_13,2025-03-17 22:24:28+00:00,32900,479,368,789900,0.0427231295100645,2025-03-17,1,789900.0,32900.0,479.0
mon7a_sui,2025-09-27 03:11:23+00:00,8407,255,165,426600,0.0206915142991092,2025-09-27,1,426600.0,8407.0,255.0
nana_.00w,2025-02-03 13:43:02+00:00,66400,1368,2032,2900000,0.0240689655172413,2025-02-03,1,2900000.0,66400.0,1368.0
ran_li7,2025-08-11 10:06:22+00:00,51300,171,7980,1500000,0.039634,2025-08-11,1,1500000.0,51300.0,171.0
edithim7,2024-11-04 20:44:47+00:00,2200000,28500,1100000,12500000,0.26628,2024-11-04,1,12500000.0,2200000.0,28500.0
sarah.lupica,2024-05-05 21:30:39+00:00,1600000,4302,24800,20000000,0.0814551,2024-05-05,1,20000000.0,1600000.0,4302.0
bznix.ae,2025-02-10 15:10:14+00:00,4100000,8045,163500,21000000,0.2034069047619047,2025-02-10,1,21000000.0,4100000.0,8045.0
kiana.ailina,2024-08-30 18:20:40+00:00,4700000,8727,269900,23600000,0.2109587711864406,2024-08-30,2,23600000.0,4700000.0,8727.0
lucas.kth,2023-12-15 23:39:27+00:00,30400,105,3230,620600,0.0543586851434096,2023-12-15,1,620600.0,30400.0,105.0
viragadam_,2025-03-01 12:17:38+00:00,14900,87,1655,109000,0.1526788990825688,2025-03-01,1,109000.0,14900.0,87.0
cairabluemel,2025-06-28 11:17:18+00:00,56000,168,1102,456800,0.1253721541155867,2025-06-28,1,456800.0,56000.0,168.0
elysianboy,2025-12-25 19:46:27+00:00,16,0,0,860,0.0186046511627906,2025-12-25,1,860.0,16.0,0.0
_riverafit,2025-06-29 15:59:24+00:00,42800,584,4095,510400,0.093023119122257,2025-06-29,1,510400.0,42800.0,584.0
viragadam_,2025-03-26 20:32:00+00:00,237100,1321,58100,4000000,0.07413025,2025-03-26,1,4000000.0,237100.0,1321.0
nadiyalagoyda,2024-05-13 20:40:01+00:00,62400,96,381,2500000,0.0251508,2024-05-13,1,2500000.0,62400.0,96.0
bradyewlu7q,2025-03-30 12:56:24+00:00,16800,114,341,220100,0.0783961835529304,2025-03-30,2,220100.0,16800.0,114.0
quince.fit,2025-04-28 07:30:26+00:00,16300,92,2641,922200,0.0206386900889178,2025-04-28,1,922200.0,16300.0,92.0
laurinwfit,2025-12-03 22:00:09+00:00,50,3,1,705,0.076595744680851,2025-12-03,1,705.0,50.0,3.0
bradyewlu7q,2025-04-24 18:42:18+00:00,26500,371,911,1700000,0.0163423529411764,2025-04-24,1,1700000.0,26500.0,371.0
iain.conley,2024-04-30 12:39:36+00:00,3571,9,177,70100,0.0535948644793152,2024-04-30,1,70100.0,3571.0,9.0
workouttips98,2025-10-11 12:00:00+00:00,1030,10,74,49100,0.0226883910386965,2025-10-11,1,49100.0,1030.0,10.0
markomaksim,2025-04-25 10:29:21+00:00,3088,130,74,576500,0.0057103209019947,2025-04-25,1,576500.0,3088.0,130.0
malakinolasco,2025-05-14 22:03:48+00:00,2247,13,50,26700,0.0865168539325842,2025-05-14,1,26700.0,2247.0,13.0
calvinboling,2024-08-05 00:53:45+00:00,3173,38,73,47600,0.0689915966386554,2024-08-05,1,47600.0,3173.0,38.0
fitbynes5,2024-06-06 20:41:03+00:00,3665,98,216,205000,0.0194097560975609,2024-06-06,1,205000.0,3665.0,98.0
bradyewlu7q,2025-03-31 22:21:58+00:00,2722,42,112,50000,0.05752,2025-03-31,1,50000.0,2722.0,42.0
chiaracardesii,2024-12-03 21:15:48+00:00,2955,28,327,106500,0.0310798122065727,2024-12-03,1,106500.0,2955.0,28.0
gymmarthaa,2025-04-03 16:58:33+00:00,1542,13,44,24500,0.0652653061224489,2025-04-03,1,24500.0,1542.0,13.0
bradyewlu7q,2025-03-30 12:56:57+00:00,2336,29,39,47100,0.05104033970276,2025-03-30,2,47100.0,2336.0,29.0
juliehestaas,2023-10-24 12:04:00+00:00,5296,31,100,160000,0.03391875,2023-10-24,1,160000.0,5296.0,31.0
usaaircraf03,2025-07-25 14:24:57+00:00,147,15,24,8741,0.0212790298592838,2025-07-25,1,8741.0,147.0,15.0
jynfits,2023-08-06 19:30:57+00:00,472900,611,5279,8000000,0.05984875,2023-08-06,1,8000000.0,472900.0,611.0
sweat_h_ub,2025-07-30 20:45:05+00:00,1076,46,24,336600,0.0034046345811051,2025-07-30,1,336600.0,1076.0,46.0
strongfit_official,2024-03-22 18:03:39+00:00,45300,417,14800,2200000,0.0275077272727272,2024-03-22,1,2200000.0,45300.0,417.0
paisjefitnesi,2025-12-26 13:42:04+00:00,4,0,0,476,0.0084033613445378,2025-12-26,1,476.0,4.0,0.0
workout_zone34,2025-09-15 17:00:00+00:00,158800,264,14000,4500000,0.0384586666666666,2025-09-15,1,4500000.0,158800.0,264.0
dimi_gym,2025-12-24 20:35:03+00:00,3,0,0,794,0.0037783375314861,2025-12-24,1,794.0,3.0,0.0
dylankieu_,2025-10-15 11:56:55+00:00,322,14,4,4295,0.079161816065192,2025-10-15,1,4295.0,322.0,14.0
workout_zone34,2025-12-26 19:00:00+00:00,42,1,1,635,0.0692913385826771,2025-12-26,1,635.0,42.0,1.0
the_ezurike,2025-08-26 09:12:31+00:00,5,1,1,502,0.0139442231075697,2025-08-26,1,502.0,5.0,1.0
topiasn,2025-12-26 16:23:07+00:00,843,10,24,5546,0.1581319870176704,2025-12-26,1,5546.0,843.0,10.0
pandafitness7,2025-09-15 14:24:31+00:00,895,3,30,15800,0.0587341772151898,2025-09-15,1,15800.0,895.0,3.0
horsemeetrelationshipadv,2023-09-19 20:59:28+00:00,75400,505,8964,462500,0.1835005405405405,2023-09-19,1,462500.0,75400.0,505.0
plugloveteya,2025-12-26 18:27:11+00:00,6,0,0,95,0.0631578947368421,2025-12-26,1,95.0,6.0,0.0
meyouuuno,2025-12-26 17:49:51+00:00,305,2,7,2774,0.1131939437635183,2025-12-26,1,2774.0,305.0,2.0
liftwmills,2025-12-26 14:51:11+00:00,37,13,1,410,0.124390243902439,2025-12-26,1,410.0,37.0,13.0
fritzfitness2,2025-10-03 20:04:01+00:00,367300,2877,49300,8500000,0.0493502352941176,2025-10-03,1,8500000.0,367300.0,2877.0
audrey_fit,2024-06-01 15:34:10+00:00,116400,1482,1337,1300000,0.091706923076923,2024-06-01,1,1300000.0,116400.0,1482.0
sarahmoffa.fit,2023-08-18 18:33:39+00:00,569400,8411,3307,9400000,0.0618210638297872,2023-08-18,1,9400000.0,569400.0,8411.0
inpek_fitness,2025-11-17 08:18:30+00:00,419400,1790,61900,15600000,0.0309673076923076,2025-11-17,1,15600000.0,419400.0,1790.0
f1tness__st4rs,2025-05-09 11:51:49+00:00,797200,4781,58300,4800000,0.1792252083333333,2025-05-09,1,4800000.0,797200.0,4781.0
felinescience,2025-06-12 00:45:42+00:00,1501,25,7,31800,0.0482075471698113,2025-06-12,1,31800.0,1501.0,25.0
tk.3379,2025-02-17 11:48:30+00:00,2901,52,72,478500,0.0063218390804597,2025-02-17,1,478500.0,2901.0,52.0
qwwpl0,2025-10-10 16:04:46+00:00,320100,1814,7472,1800000,0.1829922222222222,2025-10-10,1,1800000.0,320100.0,1814.0
sleepynanoo,2025-04-23 13:21:52+00:00,16800,213,329,76700,0.2261016949152542,2025-04-23,1,76700.0,16800.0,213.0
studywbec,2025-10-18 18:20:26+00:00,982600,2986,56700,5100000,0.2043698039215686,2025-10-18,1,5100000.0,982600.0,2986.0
ash_ashdo,2025-11-11 10:09:58+00:00,91300,452,2532,593200,0.1589413351314902,2025-11-11,1,593200.0,91300.0,452.0
kaylanniesoto,2025-11-05 22:46:40+00:00,77900,70,1743,334400,0.2383761961722488,2025-11-05,1,334400.0,77900.0,70.0
notedandneat,2025-07-22 09:57:55+00:00,199900,795,5389,952200,0.2164293215710985,2025-07-22,1,952200.0,199900.0,795.0
studygr4mrly,2025-10-27 13:28:19+00:00,264400,681,6928,1000000,0.272009,2025-10-27,1,1000000.0,264400.0,681.0
panmowka,2025-10-13 04:58:23+00:00,160300,503,3627,638300,0.2576061413128623,2025-10-13,1,638300.0,160300.0,503.0
shristi.sapkotaa,2024-09-06 12:24:38+00:00,246700,1994,2832,1100000,0.22866,2024-09-06,1,1100000.0,246700.0,1994.0
ninalearnsthings,2025-07-24 16:38:21+00:00,276500,6062,5819,934900,0.3084618675794202,2025-07-24,1,934900.0,276500.0,6062.0
posyhearts,2025-11-26 08:55:16+00:00,257900,165,26800,1400000,0.203475,2025-11-26,1,1400000.0,257900.0,165.0
studywithhannaah,2025-09-17 23:13:07+00:00,479400,1102,15000,2200000,0.2252281818181818,2025-09-17,1,2200000.0,479400.0,1102.0
blakkaii,2025-05-21 23:41:54+00:00,213800,6040,4587,887400,0.2529039891818797,2025-05-21,1,887400.0,213800.0,6040.0
studyingwithshrisha,2025-09-18 16:05:53+00:00,738500,1111,21300,3400000,0.2237973529411764,2025-09-18,1,3400000.0,738500.0,1111.0
f1rti2,2025-08-31 02:13:17+00:00,141200,735,3675,765500,0.1902155453951665,2025-08-31,1,765500.0,141200.0,735.0
gabriela.monten,2025-11-12 20:09:17+00:00,305400,617,12300,1300000,0.2448592307692307,2025-11-12,1,1300000.0,305400.0,617.0
mindblooming_,2025-11-05 19:28:03+00:00,422600,1187,11800,2000000,0.2177935,2025-11-05,1,2000000.0,422600.0,1187.0
tyesenstudyfetch,2025-12-14 23:37:30+00:00,216900,587,7824,1500000,0.1502073333333333,2025-12-14,1,1500000.0,216900.0,587.0
lockinwithrachel,2025-10-03 18:16:04+00:00,869500,25500,96800,4200000,0.2361428571428571,2025-10-03,1,4200000.0,869500.0,25500.0
studyiesbymoti,2024-11-25 15:31:16+00:00,4900000,22100,633700,28400000,0.1956267605633802,2024-11-25,1,28400000.0,4900000.0,22100.0
mypreciousdiary8,2023-12-08 11:48:27+00:00,52100,273,282,402800,0.130722442899702,2023-12-08,1,402800.0,52100.0,273.0
girl.idek.111,2024-09-14 08:13:09+00:00,61600,141,733,325700,0.1918145532698802,2024-09-14,1,325700.0,61600.0,141.0
luna16_c,2025-09-30 05:29:11+00:00,115000,549,2044,592700,0.1984022270963387,2025-09-30,1,592700.0,115000.0,549.0
vzy0501,2025-06-19 06:45:09+00:00,105900,443,2220,637400,0.1703216190775023,2025-06-19,1,637400.0,105900.0,443.0
kamifleming,2025-04-17 19:21:48+00:00,230400,768,9908,1600000,0.1506725,2025-04-17,1,1600000.0,230400.0,768.0
katstudying,2025-11-10 20:58:43+00:00,611900,1069,41500,3400000,0.1924908823529411,2025-11-10,1,3400000.0,611900.0,1069.0
studywtiffy,2025-07-18 06:16:47+00:00,175700,495,3670,1100000,0.1635136363636363,2025-07-18,1,1100000.0,175700.0,495.0
america.la.vou.eu,2025-12-26 22:57:18+00:00,4,0,0,108,0.037037037037037,2025-12-26,3,108.0,4.0,0.0
alvesfrancy920,2025-12-26 22:55:13+00:00,2,0,0,86,0.0232558139534883,2025-12-26,1,86.0,2.0,0.0
pedropabloamado,2025-12-26 23:11:59+00:00,10,1,0,75,0.1466666666666666,2025-12-26,1,75.0,10.0,1.0
magaliz_1984,2025-12-26 22:41:53+00:00,37,4,2,290,0.1482758620689655,2025-12-26,2,290.0,37.0,4.0
secrettealoverpt1,2024-08-04 00:28:34+00:00,159000,772,5236,2800000,0.0589314285714285,2024-08-04,1,2800000.0,159000.0,772.0
sexccblackmff,2025-12-26 23:02:11+00:00,148,3,5,483,0.3229813664596273,2025-12-26,1,483.0,148.0,3.0
richii250,2024-12-03 15:08:04+00:00,271200,652,3941,2000000,0.1378965,2024-12-03,1,2000000.0,271200.0,652.0
kloecsiu,2023-09-10 03:14:24+00:00,98,17,12,37300,0.0034048257372654,2023-09-10,1,37300.0,98.0,17.0
alishamnow,2025-12-26 23:04:46+00:00,40,1,0,276,0.1485507246376811,2025-12-26,1,276.0,40.0,1.0
emeowie,2025-12-26 22:42:07+00:00,48,8,1,284,0.2007042253521127,2025-12-26,1,284.0,48.0,8.0
justice_rayytv,2025-12-26 22:44:54+00:00,76,7,58,2689,0.0524358497582744,2025-12-26,1,2689.0,76.0,7.0
noelgoescrazy,2023-04-30 17:15:38+00:00,13500000,52900,505700,211900000,0.0663454459650778,2023-04-30,1,211900000.0,13500000.0,52900.0
neyna_dary,2025-12-26 23:03:23+00:00,215,9,0,1143,0.1959755030621172,2025-12-26,1,1143.0,215.0,9.0
rashellthadoll,2025-08-22 22:55:14+00:00,7059,33,51,27900,0.2560215053763441,2025-08-22,1,27900.0,7059.0,33.0
iluvv.harleighhh,2025-11-27 23:09:05+00:00,121600,838,2529,742800,0.1682377490576198,2025-11-27,1,742800.0,121600.0,838.0
melinabudek,2025-10-01 22:14:07+00:00,1100000,1858,126800,4900000,0.2507465306122449,2025-10-01,1,4900000.0,1100000.0,1858.0
missannagrace_,2025-04-24 18:27:19+00:00,313100,1113,15700,1700000,0.1940664705882352,2025-04-24,1,1700000.0,313100.0,1113.0
editedbyjoseph,2025-07-31 10:20:26+00:00,84300,252,4328,714400,0.1244120940649496,2025-07-31,1,714400.0,84300.0,252.0
lulltv,2025-06-08 03:53:19+00:00,666500,1673,3779,3900000,0.1722953846153846,2025-06-08,1,3900000.0,666500.0,1673.0
tenaliso,2025-09-11 14:36:20+00:00,87900,227,1674,349400,0.2570148826559816,2025-09-11,1,349400.0,87900.0,227.0
yoojinjeong,2025-02-05 17:24:33+00:00,49100,133,857,321100,0.1559950171286203,2025-02-05,1,321100.0,49100.0,133.0
luna.kiiimm,2025-12-02 11:28:40+00:00,8027,63,254,48700,0.1713347022587269,2025-12-02,1,48700.0,8027.0,63.0
lifeasvall,2025-12-04 04:18:39+00:00,9170,649,259,50200,0.2007569721115537,2025-12-04,1,50200.0,9170.0,649.0
gae4hrv,2025-11-28 13:46:15+00:00,50900,1215,3515,305300,0.1822142155257124,2025-11-28,1,305300.0,50900.0,1215.0
pnklvr224,2025-04-13 15:12:04+00:00,9658,58,297,77600,0.1290335051546391,2025-04-13,1,77600.0,9658.0,58.0
stacylimm,2025-04-22 14:42:46+00:00,352200,875,17400,2400000,0.1543645833333333,2025-04-22,1,2400000.0,352200.0,875.0
studyweve,2025-12-26 14:26:12+00:00,1034,5,5,5217,0.2001150086256469,2025-12-26,1,5217.0,1034.0,5.0
studytok4871,2025-12-22 20:21:33+00:00,806,6,14,4151,0.1989881956155143,2025-12-22,1,4151.0,806.0,6.0
caramel.studyy,2025-12-26 14:00:25+00:00,1147,24,14,7428,0.1595315024232633,2025-12-26,1,7428.0,1147.0,24.0
farraiva,2025-10-11 09:04:18+00:00,20400,34,1319,116500,0.1867210300429184,2025-10-11,1,116500.0,20400.0,34.0
study_glowx,2025-12-25 19:01:31+00:00,4480,41,78,17000,0.2705294117647059,2025-12-25,1,17000.0,4480.0,41.0
jasonslost,2025-02-19 10:03:41+00:00,193700,913,7118,1800000,0.1120727777777777,2025-02-19,1,1800000.0,193700.0,913.0
j3ssica.kwok,2025-11-28 06:05:44+00:00,28800,81,460,123000,0.2385447154471544,2025-11-28,1,123000.0,28800.0,81.0
noemi.ssy,2025-01-02 09:40:39+00:00,2187,4,33,16500,0.1347878787878788,2025-01-02,1,16500.0,2187.0,4.0
yael.pg,2024-01-29 15:39:11+00:00,1900000,5451,27100,12500000,0.15460408,2024-01-29,1,12500000.0,1900000.0,5451.0
fczn8,2025-12-22 00:03:20+00:00,7691,35,192,49800,0.1589959839357429,2025-12-22,1,49800.0,7691.0,35.0
thegradegame,2022-05-10 23:20:05+00:00,257200,936,760,3000000,0.0862986666666666,2022-05-10,1,3000000.0,257200.0,936.0
mairgaret,2025-12-19 19:34:30+00:00,11900,36,249,37000,0.3293243243243243,2025-12-19,1,37000.0,11900.0,36.0
cemreoe,2025-12-08 21:24:35+00:00,45400,82,1331,177200,0.2641817155756207,2025-12-08,1,177200.0,45400.0,82.0
thescentofsummernights,2025-12-25 11:41:14+00:00,4386,278,260,13300,0.3702255639097744,2025-12-25,1,13300.0,4386.0,278.0
sleep.010,2025-05-29 05:45:07+00:00,29800,152,656,143000,0.214041958041958,2025-05-29,1,143000.0,29800.0,152.0
only1aliya,2023-07-13 18:29:35+00:00,250700,492,8083,1600000,0.162046875,2023-07-13,1,1600000.0,250700.0,492.0
yg_omz,2025-04-20 13:32:43+00:00,19300,238,3746,291600,0.0798491083676268,2025-04-20,1,291600.0,19300.0,238.0
mmd.fitness5,2025-12-24 20:55:45+00:00,10,0,0,727,0.0137551581843191,2025-12-24,1,727.0,10.0,0.0
robathletics,2025-12-21 19:25:52+00:00,88,5,4,2108,0.0460151802656546,2025-12-21,1,2108.0,88.0,5.0
michilife7,2025-12-26 10:08:43+00:00,17,2,1,251,0.0796812749003984,2025-12-26,1,251.0,17.0,2.0
erique.li,2024-09-23 02:37:06+00:00,990800,7837,77900,12400000,0.0868175,2024-09-23,1,12400000.0,990800.0,7837.0
barteksw_,2025-03-27 21:57:21+00:00,4795,26,590,34400,0.1572965116279069,2025-03-27,1,34400.0,4795.0,26.0
gonzalo.img,2025-07-03 22:36:23+00:00,29200,276,5601,898200,0.0390525495435315,2025-07-03,1,898200.0,29200.0,276.0
sonyaegon,2024-12-07 12:46:10+00:00,642800,1433,41900,5500000,0.1247514545454545,2024-12-07,1,5500000.0,642800.0,1433.0
yulia_led_,2025-05-09 08:43:02+00:00,3557,10,983,186800,0.0243576017130621,2025-05-09,1,186800.0,3557.0,10.0
craigbsreviews,2025-12-23 14:46:05+00:00,3,0,0,472,0.0063559322033898,2025-12-23,1,472.0,3.0,0.0
kemel.ygz,2025-06-16 16:30:57+00:00,1025,15,61,20200,0.0545049504950495,2025-06-16,1,20200.0,1025.0,15.0
wickpie,2024-12-16 13:06:58+00:00,27000,157,1015,640900,0.0439569355593696,2024-12-16,1,640900.0,27000.0,157.0
rainbow_hairstyling,2021-01-30 17:32:42+00:00,105,3,1,2589,0.0421011973735032,2021-01-30,1,2589.0,105.0,3.0
mariahandbill,2019-12-06 19:23:13+00:00,2700000,4926,7409,16900000,0.1604931952662721,2019-12-06,1,16900000.0,2700000.0,4926.0
mahoganylox,2019-11-07 04:25:15+00:00,4100000,7178,28500,23700000,0.1745011814345991,2019-11-07,2,23700000.0,4100000.0,7178.0
sebastianbails,2019-01-24 20:09:49+00:00,1900000,23500,39600,29600000,0.0663209459459459,2019-01-24,2,29600000.0,1900000.0,23500.0
geograpyh.geniuse,2025-03-19 16:00:51+00:00,87500,241,1561,1200000,0.0744183333333333,2025-03-19,1,1200000.0,87500.0,241.0
geograpyh.geniuse,2025-02-08 10:27:18+00:00,83100,321,1459,3400000,0.0249647058823529,2025-02-08,1,3400000.0,83100.0,321.0
evimawete,2025-12-24 17:04:50+00:00,292,12,7,2846,0.1092761770906535,2025-12-24,1,2846.0,292.0,12.0
brookemonk_,2024-02-24 21:32:23+00:00,6900000,8822,7165,74900000,0.0923362750333778,2024-02-24,1,74900000.0,6900000.0,8822.0
bruhwutisthis_0,2024-11-24 23:11:49+00:00,307700,1500,14000,1300000,0.2486153846153846,2024-11-24,1,1300000.0,307700.0,1500.0
dareksoul,2024-07-05 15:05:52+00:00,92000,325,1499,3400000,0.027595294117647,2024-07-05,1,3400000.0,92000.0,325.0
bellapoarch,2020-08-18 02:58:41,72392654,2800855,42489319,889198466,0.13234708841704187,2020-08-18,1,889198466.0,72392654.0,2800855.0
franekbielak_art,2020-12-28 20:28:43,52117039,758413,1032348,308104412,0.17496601119752872,2020-12-28,1,308104412.0,52117039.0,758413.0
metrevelisalii,2023-11-06 11:12:57,51037805,257879,773108,402493327,0.12936560312216058,2023-11-06,1,402493327.0,51037805.0,257879.0
bben9450,2025-07-04 15:04:36,42180875,196827,9259038,343454666,0.1503451404558877,2025-07-04,1,343454666.0,42180875.0,196827.0
adrianchateau,2021-11-10 03:18:23,40897424,492158,1973949,251230665,0.17260445097337143,2021-11-10,1,251230665.0,40897424.0,492158.0
nubnibmubmix_x,2025-03-31 14:42:49,40699692,184451,6509303,257553022,0.1840143269606054,2025-03-31,1,257553022.0,40699692.0,184451.0
s4r4h43,2024-02-14 21:29:22,40445680,295925,401035,332497461,0.12373820803401564,2024-02-14,2,332497461.0,40445680.0,295925.0
kiki.tiel,2024-03-07 09:58:52,39402277,236134,1939236,302460372,0.13746477505489546,2024-03-07,1,302460372.0,39402277.0,236134.0
chipmunksoftiktok,2021-06-18 14:27:57,36932992,339456,1078085,326867647,0.11732740560891301,2021-06-18,1,326867647.0,36932992.0,339456.0
brianschwartz53,2024-10-01 20:09:18,34065905,261083,7478497,325148343,0.1285735754156988,2024-10-01,1,325148343.0,34065905.0,261083.0
say.axl,2024-06-24 23:50:38,33644848,249035,5198321,230594826,0.1695276718828028,2024-06-24,2,230594826.0,33644848.0,249035.0
chipmunksoftiktok,2022-02-25 23:27:41,33452503,220739,865826,246098902,0.14034629053322636,2022-02-25,1,246098902.0,33452503.0,220739.0
maxtheadventureseeker,2025-03-06 05:11:54,32730745,168786,5021166,324553964,0.11683942026972131,2025-03-06,1,324553964.0,32730745.0,168786.0
tool_tips,2023-03-21 12:52:40,32431070,87181,1718874,550210016,0.062225557522384324,2023-03-21,1,550210016.0,32431070.0,87181.0
cacha.7.griselda,2021-07-13 18:02:36,32359405,1306992,2337121,290632525,0.12387986513209422,2021-07-13,1,290632525.0,32359405.0,1306992.0
jodielangel,2024-12-20 16:08:17,31960773,90555,823966,321218580,0.10234555547814202,2024-12-20,1,321218580.0,31960773.0,90555.0
jebunggg,2020-06-28 17:46:48,31617807,343082,341771,274567005,0.11764946046594346,2020-06-28,1,274567005.0,31617807.0,343082.0
kaaaathhhhy,2023-04-26 04:59:25,31101217,210953,7387128,215845394,0.17929174805555498,2023-04-26,1,215845394.0,31101217.0,210953.0
jakeswolsky,2021-06-28 23:24:18,31024564,615643,1592198,218021077,0.1524274875497473,2021-06-28,1,218021077.0,31024564.0,615643.0
oleki_vfx,2023-03-13 16:54:00,31000575,101929,1121208,195169378,0.16510639286865997,2023-03-13,1,195169378.0,31000575.0,101929.0
xsophiegibbx,2025-01-07 20:36:32,30129711,140131,5202360,207901851,0.17061994315769705,2025-01-07,1,207901851.0,30129711.0,140131.0
aggythegift2.0,2025-07-25 18:33:58,29588246,75388,1279780,311067463,0.0994749296553719,2025-07-25,1,311067463.0,29588246.0,75388.0
ultramen3_,2024-10-09 01:48:12,29266985,226533,4896560,265384688,0.1295857657017499,2024-10-09,1,265384688.0,29266985.0,226533.0
arroncrascall,2022-11-26 21:37:25,28640632,402922,2794112,244892322,0.13000679539475313,2022-11-26,1,244892322.0,28640632.0,402922.0
chipmunksoftiktok,2021-03-18 15:05:42,28342020,363948,1244021,291448345,0.10276259760541787,2021-03-18,2,291448345.0,28342020.0,363948.0
kisonkee,2019-10-30 21:59:00,28278241,293872,2093599,335489136,0.09140597625790184,2019-10-30,1,335489136.0,28278241.0,293872.0
marta_thy,2025-01-25 16:20:14,28118968,218631,10939053,207972798,0.18885475589937487,2025-01-25,1,207972798.0,28118968.0,218631.0
essaouirahorseparadise,2024-11-05 16:57:25,27658020,252842,1042609,304704770,0.09502139070550158,2024-11-05,2,304704770.0,27658020.0,252842.0
kelly_bove,2020-07-30 00:39:28,27296070,288676,1000205,209433111,0.136487257738343,2020-07-30,1,209433111.0,27296070.0,288676.0
arielctyson,2021-05-31 23:56:48,27244498,278928,753572,245162852,0.11533965186536499,2021-05-31,1,245162852.0,27244498.0,278928.0
collinskey,2022-09-09 19:32:17,26993087,67226,156635,185623191,0.14662471781341158,2022-09-09,1,185623191.0,26993087.0,67226.0
hopecore.o,2024-07-12 11:19:26,26685746,46691,965390,146703033,0.18880200656792148,2024-07-12,1,146703033.0,26685746.0,46691.0
alwaysesmeee,2023-11-01 00:05:51,26431943,149974,1438803,157688552,0.1776966028580185,2023-11-01,1,157688552.0,26431943.0,149974.0
mathildaairlinesofficial,2023-11-01 17:49:06,26400962,263582,918244,182459502,0.1511721105103093,2023-11-01,1,182459502.0,26400962.0,263582.0
spencer2thewest,2021-01-12 19:58:56,26332114,482438,1231257,266815199,0.10511323607168271,2021-01-12,2,266815199.0,26332114.0,482438.0
colbyirv,2025-05-12 22:33:39,51797347,258358,8032009,331133414,0.18146073896366133,2025-05-12,1,331133414.0,51797347.0,258358.0
officialtrueblackboy,2020-11-01 02:11:55,25704550,255457,504078,144294799,0.18340290283089136,2020-11-01,2,144294799.0,25704550.0,255457.0
lucianoperez89,2024-10-19 02:26:48,25552848,185413,8455105,196042123,0.17441846413793427,2024-10-19,1,196042123.0,25552848.0,185413.0
abrameng,2020-08-05 23:27:48,25673948,287914,1001118,217801779,0.12379595852612388,2020-08-05,2,217801779.0,25673948.0,287914.0
maytree_music,2021-09-24 11:54:31,25225688,216162,337581,247266757,0.10425756908357883,2021-09-24,1,247266757.0,25225688.0,216162.0
sndrstln28,2024-09-08 11:18:28,25027276,276079,4376187,414363539,0.07162681849765744,2024-09-08,1,414363539.0,25027276.0,276079.0
maytree_music,2021-10-06 13:18:57,25075752,160361,202529,265808576,0.09570286400390633,2021-10-06,1,265808576.0,25075752.0,160361.0
ruraldancer8,2022-05-28 12:40:59,24578368,274215,1108473,278383750,0.09325636284445482,2022-05-28,1,278383750.0,24578368.0,274215.0
kaitlinthekeeper,2022-01-29 23:08:43,25434259,132042,356048,185300214,0.13989378878968806,2022-01-29,1,185300214.0,25434259.0,132042.0
abisicari,2021-05-03 23:02:41,24596813,407176,450419,253033953,0.10059680804970865,2021-05-03,1,253033953.0,24596813.0,407176.0
meeadzz,2024-11-24 21:18:11,24482235,76448,3406682,153544594,0.1821318762938668,2024-11-24,1,153544594.0,24482235.0,76448.0
janetheplane,2023-07-13 15:10:47,24292286,201532,8708925,198666545,0.16712800335859265,2023-07-13,1,198666545.0,24292286.0,201532.0
thegraybubble,2024-03-02 20:18:16,24789585,71667,223336,171763409,0.1460415122524728,2024-03-02,1,171763409.0,24789585.0,71667.0
samuelgrubbs,2024-08-02 01:26:40,24211280,115775,5251724,197144606,0.150035953811488,2024-08-02,2,197144606.0,24211280.0,115775.0
patrickhanson17,2020-07-05 20:33:36,23956498,188476,702554,333203805,0.0745715613901828,2020-07-05,1,333203805.0,23956498.0,188476.0
_luke.the.voice_,2022-03-06 12:19:17,23764988,172652,210853,141705217,0.1704135776454864,2022-03-06,2,141705217.0,23764988.0,172652.0
emmamanlay,2025-10-01 20:18:15,23576436,69400,5185794,110329862,0.2613220888466261,2025-10-01,1,110329862.0,23576436.0,69400.0
ricoanimations0,2023-06-06 14:05:33,23690165,200777,3067054,291051680,0.09262271222760164,2023-06-06,2,291051680.0,23690165.0,200777.0
pawsitive.energy7,2025-11-11 09:19:20,23438208,40571,3629051,102840400,0.26359125402079336,2025-11-11,1,102840400.0,23438208.0,40571.0
lubonalde,2025-06-30 20:28:08,23423940,72222,5995141,148639031,0.19840887552610592,2025-06-30,1,148639031.0,23423940.0,72222.0
lupielmoxi,2025-11-15 10:10:56,23391674,83197,3403215,158116208,0.16998944219557807,2025-11-15,1,158116208.0,23391674.0,83197.0
longislandorganics,2025-08-15 12:20:34,23407782,111838,9595836,200785626,0.16492941581385911,2025-08-15,3,200785626.0,23407782.0,111838.0
goatdaddys,2022-03-01 13:50:46,23443590,222757,980159,197183145,0.12499296529629852,2022-03-01,2,197183145.0,23443590.0,222757.0
aggythegift2.0,2025-07-22 11:55:59,23194381,60638,809995,286907760,0.08387718059630035,2025-07-22,1,286907760.0,23194381.0,60638.0
danieljubnelson,2023-03-15 22:43:12,23043927,260465,2395119,202947034,0.1266316166019948,2023-03-15,1,202947034.0,23043927.0,260465.0
kimberlykimpena,2025-09-11 04:01:30,22953961,74447,722225,237433792,0.10003055083246112,2025-09-11,2,237433792.0,22953961.0,74447.0
trinhalinnn,2025-02-10 20:19:53,22855746,123033,5971705,137813407,0.2100701566720573,2025-02-10,1,137813407.0,22855746.0,123033.0
baharfaraj1,2025-06-09 02:37:04,22733094,164076,6511243,155408188,0.1892333562244481,2025-06-09,2,155408188.0,22733094.0,164076.0
funny.noa,2023-04-15 21:23:53,22335359,93244,1968243,422120050,0.05779598955320885,2023-04-15,1,422120050.0,22335359.0,93244.0
kiki.tiel,2020-12-04 17:30:48,22389123,241799,1124493,111121754,0.2137782580357758,2020-12-04,1,111121754.0,22389123.0,241799.0
lisasophiabrereto,2025-01-22 16:55:12,22276699,119818,1926609,163281051,0.14896478097755508,2025-01-22,1,163281051.0,22276699.0,119818.0
adrianneelisehall,2024-10-04 22:52:55,22047983,105139,1847629,170294865,0.14093643399053754,2024-10-04,2,170294865.0,22047983.0,105139.0
gorillatiks,2023-02-14 12:40:28,22037247,316715,3023566,452335317,0.0561033530795474,2023-02-14,1,452335317.0,22037247.0,316715.0
falmataabdoshe,2025-04-18 14:05:15,21957936,886029,1008701,110812331,0.2152528133353679,2025-04-18,2,110812331.0,21957936.0,886029.0
eugenesprouse1,2025-09-23 10:38:08,21817924,46314,3077810,167886307,0.14856511198379033,2025-09-23,1,167886307.0,21817924.0,46314.0
kerryhirz,2020-03-30 13:59:40,21781999,125688,309624,251184493,0.08845016957316708,2020-03-30,1,251184493.0,21781999.0,125688.0
jenniferplei_,2024-10-19 19:47:02,21775612,64243,2858605,123400562,0.20014868327747162,2024-10-19,1,123400562.0,21775612.0,64243.0
imbilly_774,2024-09-21 19:41:59,21604491,97271,3387522,143048894,0.17538956994662258,2024-09-21,1,143048894.0,21604491.0,97271.0
turn.signal4,2025-07-01 15:50:21,21353938,66796,3341603,106021953,0.23355858196651028,2025-07-01,1,106021953.0,21353938.0,66796.0
jushy,2021-05-14 21:24:10,21215993,210756,396862,98721111,0.22106326376330995,2021-05-14,1,98721111.0,21215993.0,210756.0
qukuruyuq,2024-02-21 08:15:24,20990397,203286,320282,136241166,0.15791089897160746,2024-02-21,1,136241166.0,20990397.0,203286.0
weisstomi,2024-12-14 00:48:00,20858273,130622,4695654,302737187,0.08484107702302195,2024-12-14,2,302737187.0,20858273.0,130622.0
gatosdeapoyo,2025-01-17 06:00:55,20855436,88426,3787479,130651453,0.1892925063757232,2025-01-17,1,130651453.0,20855436.0,88426.0
neural.max,2023-04-21 09:40:30,20769824,114163,926030,262483538,0.0830909898814302,2023-04-21,1,262483538.0,20769824.0,114163.0
hannah.carmack,2024-05-17 20:50:51,20803928,115297,1739682,138408573,0.16371028548932443,2024-05-17,2,138408573.0,20803928.0,115297.0
random.stuff.here.lolhdh,2024-10-11 15:01:27,20675372,83938,3718684,147159495,0.1663364908937748,2024-10-11,2,147159495.0,20675372.0,83938.0
ortegavsedits,2025-04-25 08:00:30,20624017,76517,936570,161308223,0.13413515813139917,2025-04-25,1,161308223.0,20624017.0,76517.0
ogsyde,2025-07-31 00:09:00,20576448,85920,9869830,215870789,0.14143737622601638,2025-07-31,1,215870789.0,20576448.0,85920.0
simone.ferroni,2025-08-23 13:00:09,20548973,98384,4513612,181717587,0.13846193654332423,2025-08-23,1,181717587.0,20548973.0,98384.0
watchmyhaircut,2021-03-24 16:08:36,20605442,642117,267826,145402326,0.147971394900519,2021-03-24,1,145402326.0,20605442.0,642117.0
adoptingdogs,2021-09-03 00:57:09,20371809,98918,276554,124846073,0.16618288826753885,2021-09-03,1,124846073.0,20371809.0,98918.0
areqaep,2025-07-30 20:17:26,20352402,318054,1642388,211655776,0.10542043511252913,2025-07-30,2,211655776.0,20352402.0,318054.0
louka__m,2023-05-12 19:18:19,20218314,107546,1510279,118010528,0.18503551649222347,2023-05-12,1,118010528.0,20218314.0,107546.0
genboy3,2022-03-16 00:21:51,20290349,221407,360892,149453583,0.1396597363610881,2022-03-16,1,149453583.0,20290349.0,221407.0
kitty_s10,2024-05-30 11:23:26,20201966,242823,2939351,185737054,0.1258991649560674,2024-05-30,1,185737054.0,20201966.0,242823.0
lily.rose_j,2025-04-16 15:07:10,20287053,65616,850168,147844119,0.14341346239142594,2025-04-16,1,147844119.0,20287053.0,65616.0
ellaonwheels_0,2025-01-05 03:50:06,20238464,154833,1821533,327372925,0.06785787187501838,2025-01-05,1,327372925.0,20238464.0,154833.0
brittneyandzion,2021-01-11 19:57:05,20167551,144965,203963,111049708,0.18475040924916256,2021-01-11,1,111049708.0,20167551.0,144965.0
benio0829,2025-08-19 05:56:14,19991924,117339,1534121,83728453,0.25849497064038673,2025-08-19,1,83728453.0,19991924.0,117339.0
mdmotivator,2022-04-25 19:45:47,19955281,139875,156527,119095328,0.170045990385114,2022-04-25,1,119095328.0,19955281.0,139875.0
harelasafs,2021-02-11 10:38:48,19786507,302027,562657,171563254,0.1203707117842379,2021-02-11,1,171563254.0,19786507.0,302027.0
manypets.shop,2023-12-04 15:11:23,19755233,64786,559536,119913320,0.16995238727440787,2023-12-04,1,119913320.0,19755233.0,64786.0
saltlake.goldens,2023-01-31 19:56:28,39310694,232957,4530089,368935240,0.11946199555239018,2023-01-31,1,368935240.0,39310694.0,232957.0
chanel_bergeron,2023-07-09 01:01:52,19820445,50159,785818,101391779,0.20372876582035315,2023-07-09,1,101391779.0,19820445.0,50159.0
samuelgrubbs,2020-09-05 23:27:18,19678223,191469,435882,182227422,0.1114298483572906,2020-09-05,2,182227422.0,19678223.0,191469.0
onlyjayus,2021-04-03 21:13:01,19619550,84938,608515,115370858,0.17606701858800425,2021-04-03,1,115370858.0,19619550.0,84938.0
dkevents_,2023-11-20 08:06:29,19536685,135108,554355,130717726,0.15473148607251627,2023-11-20,1,130717726.0,19536685.0,135108.0
louka__m,2023-06-05 17:57:08,19533910,148030,2862119,121280276,0.18588396846986066,2023-06-05,1,121280276.0,19533910.0,148030.0
shanamamaa,2025-06-15 19:11:51,19516800,150827,4429550,115984404,0.20776221775472503,2025-06-15,2,115984404.0,19516800.0,150827.0
._sophie._00,2025-09-27 08:13:24,19363692,51159,925114,116848055,0.17407191758562007,2025-09-27,2,116848055.0,19363692.0,51159.0
beatboxjcop,2020-10-31 07:23:01,19325515,64892,225643,183722254,0.10677013575067504,2020-10-31,1,183722254.0,19325515.0,64892.0
manumdz,2024-01-22 18:16:54,19417748,101383,1270886,248827929,0.08355178248499588,2024-01-22,1,248827929.0,19417748.0,101383.0
karlpfeiffer,2024-07-29 18:48:47,19360373,143779,2652044,124716504,0.1776524781355321,2024-07-29,2,124716504.0,19360373.0,143779.0
char01030715,2024-12-22 16:10:30,19570179,170375,2468501,149175160,0.14887904259663606,2024-12-22,1,149175160.0,19570179.0,170375.0
boomshadowace,2024-09-26 13:39:00,19259125,52667,2416781,138887918,0.1564468192258451,2024-09-26,2,138887918.0,19259125.0,52667.0
siyad_abdali,2024-06-21 10:23:39,19212127,92310,1445484,214579884,0.09670021538458842,2024-06-21,1,214579884.0,19212127.0,92310.0
nintendo.grl,2020-11-25 16:13:08,19183520,140324,193718,151598558,0.12874503727139675,2020-11-25,1,151598558.0,19183520.0,140324.0
theo_lightyear,2025-02-01 22:20:16,19132658,116875,2937488,127151274,0.17449310810680513,2025-02-01,2,127151274.0,19132658.0,116875.0
hnatuska,2024-07-19 17:03:54,19708225,44578,423940,105871078,0.19057842218249635,2024-07-19,2,105871078.0,19708225.0,44578.0
dollievision,2023-03-08 18:32:11,38149032,647259,1698594,516310155,0.0784313161533691,2023-03-08,1,516310155.0,38149032.0,647259.0
inoxiasounds,2019-11-19 09:31:40,19022180,87094,372672,177137261,0.10998220188128573,2019-11-19,2,177137261.0,19022180.0,87094.0
mojesticmonkz,2025-07-12 06:12:56,18980757,97291,2828551,131361322,0.16676597545204364,2025-07-12,1,131361322.0,18980757.0,97291.0
asipwithsam_,2025-10-19 20:30:33,18726648,32695,3935376,79194731,0.28656854709185137,2025-10-19,1,79194731.0,18726648.0,32695.0
officialfootball.x,2024-01-28 13:42:40,18684874,51725,273154,331043945,0.05742365413147792,2024-01-28,1,331043945.0,18684874.0,51725.0
samseats,2021-05-30 15:48:40,18671023,131449,213982,137390417,0.13841179330578784,2021-05-30,1,137390417.0,18671023.0,131449.0
baezycoolmane,2024-05-08 07:50:45,18668634,96955,2001922,120000120,0.17306241860424806,2024-05-08,2,120000120.0,18668634.0,96955.0
lauraalui,2024-05-31 17:41:57,18685827,70368,2525968,125609649,0.1694309566934623,2024-05-31,1,125609649.0,18685827.0,70368.0
monkeworldofficial,2022-03-14 19:30:09,18537946,185249,628567,143344042,0.1350022067886156,2022-03-14,1,143344042.0,18537946.0,185249.0
figueredogeni,2024-05-23 16:49:32,18868831,42643,855579,139067848,0.14213963388575626,2024-05-23,1,139067848.0,18868831.0,42643.0
dontstopmeowing,2022-06-02 02:12:11,18582967,131209,517434,111822928,0.17198270823314518,2022-06-02,1,111822928.0,18582967.0,131209.0
krystleklear1,2021-05-30 20:31:04,18597114,233607,552807,217889510,0.088960354263957,2021-05-30,2,217889510.0,18597114.0,233607.0
anisalysiaaa,2021-05-08 13:55:50,18826702,190277,106451,133188025,0.1435822026792574,2021-05-08,1,133188025.0,18826702.0,190277.0
northvalleygrp,2024-03-01 01:23:42,18479130,70243,893981,118910190,0.16351293358458177,2024-03-01,1,118910190.0,18479130.0,70243.0
lifewithgaitlyn,2020-02-26 23:48:23,18470433,225195,1637358,142514413,0.14267319053547237,2020-02-26,1,142514413.0,18470433.0,225195.0
kkibul_e,2023-03-05 09:07:48,18448526,141604,1217446,141497052,0.13998578571092773,2023-03-05,1,141497052.0,18448526.0,141604.0
oh_shoot_girl,2021-12-21 16:59:37,18593292,190568,1077602,121799481,0.16306688531784466,2021-12-21,1,121799481.0,18593292.0,190568.0
francis.tpwk,2022-08-01 01:47:21,18409634,101354,256866,102631491,0.18286642644605056,2022-08-01,2,102631491.0,18409634.0,101354.0
anta_ae,2024-11-18 17:24:07,18356329,87595,537206,153912707,0.12332399559446382,2024-11-18,1,153912707.0,18356329.0,87595.0
_ivysolt,2025-05-30 18:23:52,18444332,92461,546086,116694395,0.16352866819353234,2025-05-30,2,116694395.0,18444332.0,92461.0
rrezarta._,2023-09-23 10:20:20,18688839,32456,549151,137266258,0.14038734850628767,2023-09-23,1,137266258.0,18688839.0,32456.0
oleki_vfx,2024-10-02 13:52:50,18162079,44326,2746793,116818019,0.17936614727219438,2024-10-02,1,116818019.0,18162079.0,44326.0
dryer.lint3,2025-10-21 02:26:21,18007420,53004,5066476,104579017,0.22114283212281485,2025-10-21,2,104579017.0,18007420.0,53004.0
irinakovalevskaja,2024-02-12 22:58:22,18032273,85893,985252,128133831,0.14908957182432173,2024-02-12,1,128133831.0,18032273.0,85893.0
the.sign.guy,2022-04-04 14:32:45,18104587,42448,67127,143870935,0.12660070639007107,2022-04-04,1,143870935.0,18104587.0,42448.0
jetskips,2022-07-10 16:38:10,17880533,112988,206301,140698206,0.12935361805537166,2022-07-10,2,140698206.0,17880533.0,112988.0
milomitski,2024-02-29 01:25:03,17998272,112418,554441,99614265,0.18737407739744905,2024-02-29,2,99614265.0,17998272.0,112418.0
funnyfunding,2023-04-13 10:48:12,17824747,124712,1606793,374385355,0.05223562230418976,2023-04-13,1,374385355.0,17824747.0,124712.0
pudgywoke,2020-12-27 01:08:49,17842481,229416,761396,97979272,0.19221711506490882,2020-12-27,1,97979272.0,17842481.0,229416.0
promoic5toc,2025-05-22 13:48:11,17851799,100195,1504348,100192782,0.1941890584493402,2025-05-22,1,100192782.0,17851799.0,100195.0
noelgoescrazy,2023-02-26 17:10:18,18349393,81057,239981,388151497,0.04810088623721062,2023-02-26,1,388151497.0,18349393.0,81057.0
boxlapse,2021-08-18 14:32:56,17774717,59603,180234,175685294,0.10253877026269484,2021-08-18,1,175685294.0,17774717.0,59603.0
blondebrunetteredhead,2021-03-08 21:18:12,17764954,114336,196362,109162854,0.16558427466544617,2021-03-08,1,109162854.0,17764954.0,114336.0
lepulu,2024-09-25 01:27:44,17723871,47210,830245,157909103,0.11779768009954436,2024-09-25,1,157909103.0,17723871.0,47210.0
attachant_tv,2024-09-01 03:07:30,17714205,58560,452057,133412950,0.13660459498122185,2024-09-01,1,133412950.0,17714205.0,58560.0
austineeee_,2025-09-28 16:02:00,17668402,75737,1404271,101852689,0.18800102567738786,2025-09-28,1,101852689.0,17668402.0,75737.0
minging888,2020-10-08 05:45:36,17648827,86503,1236827,148560257,0.12770681326971586,2020-10-08,1,148560257.0,17648827.0,86503.0
bianca2849,2021-11-01 01:26:48,17641070,82324,155706,217788960,0.08209369290344194,2021-11-01,1,217788960.0,17641070.0,82324.0
thekabsfamily,2023-01-11 21:06:00,17671901,148160,1155690,123321401,0.15387232748028867,2023-01-11,1,123321401.0,17671901.0,148160.0
not.jayswift,2023-01-03 23:15:33,17671916,66726,1513393,108595838,0.1772815179159997,2023-01-03,1,108595838.0,17671916.0,66726.0
mrbinoobeans,2022-02-11 18:13:59,17517526,169729,331035,72554266,0.24834225460981163,2022-02-11,1,72554266.0,17517526.0,169729.0
alennvi,2024-12-21 20:51:11,17497535,83957,4646165,99474062,0.22345178786405645,2024-12-21,1,99474062.0,17497535.0,83957.0
tillyramsay,2021-04-01 17:23:20,17830171,71846,69106,131261042,0.1369113236203016,2021-04-01,1,131261042.0,17830171.0,71846.0
earringuk,2022-02-26 07:01:11,17372151,71449,221833,112636766,0.15683540665576282,2022-02-26,1,112636766.0,17372151.0,71449.0
pawfectly.cute,2023-12-06 07:40:25,17336425,178952,523129,164636167,0.10956587685863702,2023-12-06,1,164636167.0,17336425.0,178952.0
edivacariu,2021-05-19 11:08:10,17325146,153669,600186,107345991,0.16841803621711407,2021-05-19,1,107345991.0,17325146.0,153669.0
activesufi,2022-02-25 10:51:01,17370860,46804,72627,151133610,0.1157273421841773,2022-02-25,1,151133610.0,17370860.0,46804.0
jungkook,2023-09-15 05:53:03,17355536,486645,842038,119415239,0.1564642767243467,2023-09-15,1,119415239.0,17355536.0,486645.0
eagleyes2,2025-08-17 23:14:28,17205384,32136,3651325,178782603,0.116839360482966,2025-08-17,1,178782603.0,17205384.0,32136.0
breannaprivate03,2025-04-20 12:02:25,17237245,134848,5012728,107524661,0.208183134843829,2025-04-20,1,107524661.0,17237245.0,134848.0
tamarasbluechicken,2022-06-28 03:45:54,17210257,101805,484230,145287773,0.12248994965323062,2022-06-28,1,145287773.0,17210257.0,101805.0
gianni_palumbo,2022-11-25 20:44:54,17134395,177135,3960866,132356813,0.1607200681086209,2022-11-25,2,132356813.0,17134395.0,177135.0
eliefeghaly7,2021-02-11 04:09:25,17153406,367398,520433,148330673,0.12162849824054935,2021-02-11,2,148330673.0,17153406.0,367398.0
laika.secret,2021-08-13 03:06:47,17112037,104219,209250,263392149,0.06615803115680566,2021-08-13,2,263392149.0,17112037.0,104219.0
curtk_88,2024-12-18 00:38:04,17089883,59122,2004035,105952131,0.18077069162488105,2024-12-18,1,105952131.0,17089883.0,59122.0
bakedish,2023-12-12 08:55:05,17064012,120440,665376,115133746,0.15503558791529287,2023-12-12,1,115133746.0,17064012.0,120440.0
chinpals,2022-07-12 16:22:59,17276448,93725,353995,95484868,0.18562279417928293,2022-07-12,2,95484868.0,17276448.0,93725.0
franekbielak_art,2020-11-30 18:02:04,17036045,168043,189214,91626464,0.1898283666168761,2020-11-30,1,91626464.0,17036045.0,168043.0
keiryjduran,2024-08-15 18:12:30,16973310,65826,2173335,121470729,0.15816543753516124,2024-08-15,1,121470729.0,16973310.0,65826.0
dontstopmeowing,2022-04-13 01:45:06,17307380,96348,628250,112077226,0.1608888678240484,2022-04-13,1,112077226.0,17307380.0,96348.0
mochimochi.kyoto,2025-08-10 01:37:19,16909164,211632,1755920,424723811,0.044444685019084086,2025-08-10,1,424723811.0,16909164.0,211632.0
linmeimeiyyds,2025-05-10 12:27:26,16947040,91922,810987,289236278,0.061714073778808616,2025-05-10,1,289236278.0,16947040.0,91922.0
random_habit,2023-12-01 12:25:25,16870501,140004,441624,120124595,0.14528356162199757,2023-12-01,1,120124595.0,16870501.0,140004.0
justdom76,2023-12-08 19:57:07,16857043,78349,549582,133767289,0.13071188128810773,2023-12-08,1,133767289.0,16857043.0,78349.0
romana_ks,2023-06-17 11:35:41,16833072,67926,1669203,113667339,0.16337323600053663,2023-06-17,1,113667339.0,16833072.0,67926.0
noelgoescrazy,2022-03-25 17:30:29,16762452,31488,70075,101138611,0.1667416116679712,2022-03-25,1,101138611.0,16762452.0,31488.0
iamrigbycat,2025-05-30 15:51:11,16739500,38627,2735801,330183068,0.05910032915437081,2025-05-30,1,330183068.0,16739500.0,38627.0
djr1512,2024-08-04 17:45:29,16783799,180604,4332877,145009935,0.14686773013173202,2024-08-04,2,145009935.0,16783799.0,180604.0
meoomaiman,2024-09-02 18:47:00,16809999,99721,2760548,121200129,0.1622957678535144,2024-09-02,2,121200129.0,16809999.0,99721.0
minecraft_noon,2020-10-26 12:55:25,16697620,94722,501732,180731703,0.09568921065276523,2020-10-26,1,180731703.0,16697620.0,94722.0
thxfooty,2022-12-03 16:51:35,17155218,71336,449714,120942872,0.14615386345381315,2022-12-03,2,120942872.0,17155218.0,71336.0
lovedby4bxnia,2025-07-21 21:57:57,16698924,54289,5279371,128955447,0.17085423309028583,2025-07-21,1,128955447.0,16698924.0,54289.0
outdoor_comp,2025-07-22 13:30:00,16679521,103420,5184120,379956284,0.05781470638869602,2025-07-22,1,379956284.0,16679521.0,103420.0
ligandeden,2020-06-10 03:58:11,16656164,199892,89468,103538746,0.16366360087073104,2020-06-10,1,103538746.0,16656164.0,199892.0
user2599435666777,2025-11-03 19:02:32,16618919,59801,2028678,105424501,0.17744829543940643,2025-11-03,1,105424501.0,16618919.0,59801.0
lights.are.off,2021-06-29 02:14:40,16569354,187217,276883,124992100,0.13627624465866242,2021-06-29,1,124992100.0,16569354.0,187217.0
secretlifeeee123,2025-10-25 10:08:10,16551074,70711,2231118,161040711,0.11706917389355043,2025-10-25,1,161040711.0,16551074.0,70711.0
.baby.frogs,2021-04-26 17:18:38,16579564,139580,133307,147145697,0.11452900997845693,2021-04-26,1,147145697.0,16579564.0,139580.0
sher_leas,2025-07-14 20:12:36,16517821,68819,1055375,221438110,0.07967018414309984,2025-07-14,1,221438110.0,16517821.0,68819.0
pudgywoke,2020-12-19 23:48:28,16532804,159907,648817,89376239,0.1940283927140859,2020-12-19,1,89376239.0,16532804.0,159907.0
miirerks,2025-04-12 08:56:14,16471158,54318,2955248,95375589,0.20425272550610407,2025-04-12,1,95375589.0,16471158.0,54318.0
fagirllala,2025-08-15 15:23:02,16479552,73751,3129949,112847579,0.17442334318931202,2025-08-15,1,112847579.0,16479552.0,73751.0
fallandchristmasarecool,2024-08-02 02:44:15,16467749,94886,3237163,115766446,0.17103226957489912,2024-08-02,2,115766446.0,16467749.0,94886.0
emily.the.engineer,2020-12-17 18:48:10,16484368,149830,393847,84484100,0.2015532508483845,2020-12-17,1,84484100.0,16484368.0,149830.0
thehuskymoon_,2022-01-17 02:11:00,16494013,45522,101443,57532048,0.28924709928629694,2022-01-17,1,57532048.0,16494013.0,45522.0
jef_zam,2022-12-23 06:52:42,16631211,19915,226370,145365828,0.11610360035922611,2022-12-23,1,145365828.0,16631211.0,19915.0
greg_fountaine,2024-07-06 14:19:51,16525076,125902,429440,166369799,0.10266537618405129,2024-07-06,1,166369799.0,16525076.0,125902.0
kittenmeow555,2020-09-19 08:56:01,16336931,184106,813866,138059001,0.12556155610600137,2020-09-19,1,138059001.0,16336931.0,184106.0
metago_technology,2022-04-14 02:40:59,16317313,116846,998887,303542913,0.057431899258343085,2022-04-14,1,303542913.0,16317313.0,116846.0
axelae.ae,2025-05-19 16:15:17,16347259,62021,354803,276329029,0.06066710783397281,2025-05-19,2,276329029.0,16347259.0,62021.0
keybee135,2024-05-29 03:17:58,16295436,76699,1903681,82767915,0.22080797855062556,2024-05-29,1,82767915.0,16295436.0,76699.0
iamjeanblack,2022-06-20 18:07:11,16283977,124568,65714,77362814,0.21294803211268917,2022-06-20,1,77362814.0,16283977.0,124568.0
cartertvstar3,2021-11-25 00:42:03,16269663,156581,452307,95549715,0.17664679585909807,2021-11-25,1,95549715.0,16269663.0,156581.0
skititi.bum101,2022-12-13 23:23:30,16252642,61912,908320,143723659,0.11983325584551115,2022-12-13,2,143723659.0,16252642.0,61912.0
saanchitos,2021-05-21 12:28:47,16229596,19168,35092,132872880,0.12255214156568293,2021-05-21,2,132872880.0,16229596.0,19168.0
hyzdjd,2023-02-12 15:22:34,16200283,108191,1956810,261352085,0.06988765366076953,2023-02-12,1,261352085.0,16200283.0,108191.0
davidbeck,2021-01-29 03:10:37,16238220,103520,232384,199536549,0.08306309838003663,2021-01-29,2,199536549.0,16238220.0,103520.0
texasbeeworks,2021-03-12 18:08:30,16205720,229560,490184,106758665,0.15853948716949579,2021-03-12,1,106758665.0,16205720.0,229560.0
lights.are.off,2021-07-07 03:37:29,16132905,177133,324754,130426245,0.12754175357881384,2021-07-07,1,130426245.0,16132905.0,177133.0
faith_heree,2024-05-17 09:13:54,16114584,93681,904490,110305463,0.15513968696183253,2024-05-17,1,110305463.0,16114584.0,93681.0
nelsonthedonkey,2021-02-18 15:37:00,16119025,173572,1473593,86753929,0.20478830417006244,2021-02-18,2,86753929.0,16119025.0,173572.0
ricecowboy,2021-03-03 21:02:44,16123447,99583,103213,150091541,0.10877523737330407,2021-03-03,1,150091541.0,16123447.0,99583.0
thep00lguy,2021-05-26 17:47:41,16090615,103390,39677,114837031,0.141362780443183,2021-05-26,1,114837031.0,16090615.0,103390.0
gracej_427,2021-06-12 04:19:05,16113087,83416,141114,104016556,0.15706746722127582,2021-06-12,1,104016556.0,16113087.0,83416.0
icm_triplets,2024-02-26 09:07:01,16279538,51334,197172,139777792,0.11824513582243451,2024-02-26,1,139777792.0,16279538.0,51334.0
therealtarzann,2023-03-04 14:59:29,16093793,284226,1962729,237650884,0.07717517263684995,2023-03-04,1,237650884.0,16093793.0,284226.0
jojikat,2022-08-18 16:15:37,16039708,96943,217212,72073041,0.22690679861836272,2022-08-18,1,72073041.0,16039708.0,96943.0
xmaas_,2023-11-09 02:13:52,16037996,80236,411959,135207626,0.12225783033865265,2023-11-09,2,135207626.0,16037996.0,80236.0
venera_creations,2019-12-15 19:51:16,16013573,85404,491189,124628885,0.13311654035900264,2019-12-15,1,124628885.0,16013573.0,85404.0
hugo.hattie.heidi,2024-02-14 22:31:17,15995986,74042,412446,99509914,0.16563650130377963,2024-02-14,1,99509914.0,15995986.0,74042.0
kaylamalecc,2025-05-07 18:54:12,16008257,162609,398631,114384929,0.14485734392509,2025-05-07,1,114384929.0,16008257.0,162609.0
kylact,2021-12-21 15:42:11,15988744,182681,295649,108326922,0.1520127563487865,2021-12-21,1,108326922.0,15988744.0,182681.0
korasplanet,2020-08-06 20:28:20,16168229,56348,112348,123812593,0.1319488155780729,2020-08-06,1,123812593.0,16168229.0,56348.0
clip.cuts,2022-03-08 02:23:17,15896060,199555,313517,115159999,0.14248985882676155,2022-03-08,1,115159999.0,15896060.0,199555.0
rachelspicer_,2022-02-20 16:45:02,15884336,158968,500562,118674878,0.13940495477062972,2022-02-20,1,118674878.0,15884336.0,158968.0
ajo.goca050,2025-06-30 23:10:33,15884289,70486,259439,127211905,0.12745830667342023,2025-06-30,1,127211905.0,15884289.0,70486.0
hamza_leo95,2024-05-12 15:09:42,15910731,82429,669476,98780632,0.16868322931969093,2024-05-12,1,98780632.0,15910731.0,82429.0
buurvrouwke,2024-11-27 19:38:15,15848128,61287,4629418,105126718,0.19537215077902462,2024-11-27,1,105126718.0,15848128.0,61287.0
mimles,2022-05-15 13:46:16,16093170,80721,206499,186391425,0.0878816715951391,2022-05-15,1,186391425.0,16093170.0,80721.0
_ianstnr_,2023-06-08 16:17:53,15907103,193882,2018598,90548652,0.20010881001298617,2023-06-08,2,90548652.0,15907103.0,193882.0
funnypets6789,2025-09-17 10:49:02,15773291,100448,1908852,242186042,0.07342533390095206,2025-09-17,1,242186042.0,15773291.0,100448.0
user213246686,2025-11-04 11:48:28,15773158,61041,3707538,97302314,0.2008352750994185,2025-11-04,1,97302314.0,15773158.0,61041.0
kylarslover3,2022-07-07 02:56:07,15763462,94237,194661,72611628,0.22107147907494926,2022-07-07,1,72611628.0,15763462.0,94237.0
skywaymisfits,2021-03-10 15:20:40,15695839,57094,223429,154015774,0.10373198527054768,2021-03-10,1,154015774.0,15695839.0,57094.0
orzutiextra,2022-04-02 17:23:13,15710598,75202,290271,250241182,0.0642423076470283,2022-04-02,1,250241182.0,15710598.0,75202.0
romper,2020-11-13 14:04:56,15663444,123940,531563,150016462,0.10878104164328312,2020-11-13,1,150016462.0,15663444.0,123940.0
maupinfarrierco,2021-09-28 14:16:05,15658742,242810,221882,282251935,0.05712426382479893,2021-09-28,1,282251935.0,15658742.0,242810.0
hrtsasa,2022-10-23 07:06:40,15833704,142406,241214,95683881,0.1694885682991893,2022-10-23,2,95683881.0,15833704.0,142406.0
lala_sadii,2021-07-15 18:51:40,15594075,120040,143395,70819650,0.22391398432497195,2021-07-15,2,70819650.0,15594075.0,120040.0
joerauth_,2021-08-15 17:07:46,15592590,107293,319166,76700225,0.20885269893276062,2021-08-15,1,76700225.0,15592590.0,107293.0
tamarasbluechicken,2022-08-09 04:17:52,15524970,168765,482654,123838608,0.13062476445148674,2022-08-09,1,123838608.0,15524970.0,168765.0
asiyaaaa2.0,2025-10-27 07:18:10,15507395,142220,7488296,142927712,0.16188540819851646,2025-10-27,2,142927712.0,15507395.0,142220.0
nenepet99,2025-06-20 12:37:57,15544917,37457,4285830,163139670,0.12178646677414512,2025-06-20,1,163139670.0,15544917.0,37457.0
lepulu,2020-08-06 23:03:51,15589055,96039,444871,76689973,0.2103269093601063,2020-08-06,1,76689973.0,15589055.0,96039.0
altajmusic,2022-06-25 13:52:08,15672057,67425,127498,106362916,0.14917774537132847,2022-06-25,1,106362916.0,15672057.0,67425.0
quexx.v,2019-11-07 22:41:45,15459979,54582,411386,109255686,0.14576767199100282,2019-11-07,1,109255686.0,15459979.0,54582.0
willoriewisp,2022-10-25 03:13:38,15781378,36457,144839,122480269,0.13032853479444922,2022-10-25,1,122480269.0,15781378.0,36457.0
crinka11,2021-05-05 00:56:03,15828973,146433,206213,84009456,0.19261663829843154,2021-05-05,1,84009456.0,15828973.0,146433.0
seducktiv,2021-11-22 16:00:21,15425468,329872,996217,144644637,0.11581180849449675,2021-11-22,1,144644637.0,15425468.0,329872.0
mooseymann,2024-04-08 19:40:34,15819414,89027,4099619,105295028,0.19001903869573025,2024-04-08,1,105295028.0,15819414.0,89027.0
user7249093902823,2025-12-17 09:26:20,15342316,70910,4331109,96483912,0.20463862410554,2025-12-17,1,96483912.0,15342316.0,70910.0
axandraaa,2021-07-02 01:48:33,15351904,86821,84509,61792047,0.25121734517064953,2021-07-02,1,61792047.0,15351904.0,86821.0
malindahlewesterlund,2021-01-06 18:00:07,15330060,298317,1227011,79406901,0.21226603466114363,2021-01-06,1,79406901.0,15330060.0,298317.0
comeback.home,2023-06-12 16:14:55,15292617,79557,341286,108315580,0.14507109688190747,2023-06-12,2,108315580.0,15292617.0,79557.0
franekbielak_art,2020-12-06 20:31:42,15275297,69866,69998,70272926,0.21936130850734747,2020-12-06,1,70272926.0,15275297.0,69866.0
gdfactoryclips,2023-03-04 23:20:17,15285329,37629,643520,249556444,0.0639794258328188,2023-03-04,1,249556444.0,15285329.0,37629.0
justgiveitachance,2021-05-07 22:57:13,15242310,196511,854583,89376035,0.1823017098487307,2021-05-07,1,89376035.0,15242310.0,196511.0
gatorthechi,2021-02-08 21:10:46,15222079,133482,524178,71190707,0.22305915574065024,2021-02-08,1,71190707.0,15222079.0,133482.0
linmeimeiyyds,2025-04-24 13:12:23,15194254,76395,800879,203279460,0.07906124898206636,2025-04-24,1,203279460.0,15194254.0,76395.0
haleynoel12,2021-11-01 04:20:41,15214254,49873,328165,71319279,0.2186266072600089,2021-11-01,2,71319279.0,15214254.0,49873.0
davidbeck,2020-05-20 21:25:56,15168303,40305,90046,190865628,0.08015405476778668,2020-05-20,2,190865628.0,15168303.0,40305.0
jaysal28,2023-02-24 05:20:29,15190126,28790,349843,73019400,0.21321400887983194,2023-02-24,1,73019400.0,15190126.0,28790.0
hannahcook1229,2025-03-25 00:35:35,15132048,72061,1411782,95519604,0.17395267886579596,2025-03-25,1,95519604.0,15132048.0,72061.0
jhengckdrama,2021-09-19 13:04:29,15132089,55411,76193,183577003,0.08314599732298712,2021-09-19,1,183577003.0,15132089.0,55411.0
lunathetortoise,2022-02-09 02:50:59,15116253,287967,422441,231158222,0.0684667880859544,2022-02-09,2,231158222.0,15116253.0,287967.0
gnb.official,2021-07-04 19:00:27,15212192,64163,307175,109659060,0.1421089146669687,2021-07-04,2,109659060.0,15212192.0,64163.0
bybdong,2023-02-23 10:06:27,15088936,94939,847383,198115991,0.08091854634793211,2023-02-23,1,198115991.0,15088936.0,94939.0
bitchettez,2024-04-07 19:27:29,15151460,69813,500090,126767428,0.12401736982468399,2024-04-07,1,126767428.0,15151460.0,69813.0
lexilaineee,2025-01-15 23:37:48,15112268,68988,4136436,103461126,0.18671449603206522,2025-01-15,1,103461126.0,15112268.0,68988.0
allthingsequestrian93,2020-12-20 17:44:20,15057491,341489,900937,122414221,0.13315378611117412,2020-12-20,1,122414221.0,15057491.0,341489.0
rebecaelenagb,2023-04-10 06:13:20,15073429,66739,1340793,167089089,0.09863577028659244,2023-04-10,1,167089089.0,15073429.0,66739.0
pixyvava,2022-01-31 18:53:03,15002924,93077,90366,173187295,0.08768753504695595,2022-01-31,1,173187295.0,15002924.0,93077.0
thedeerguy.mi,2024-09-10 00:07:04,15057790,41846,2599506,85323368,0.20743604495312468,2024-09-10,1,85323368.0,15057790.0,41846.0
ashakosh,2023-06-13 20:38:26,15082764,53281,1841531,85702092,0.19809990169201472,2023-06-13,1,85702092.0,15082764.0,53281.0
liamcarps,2021-05-23 08:06:06,14983890,139933,151096,65172076,0.2343782788199044,2021-05-23,1,65172076.0,14983890.0,139933.0
pikanab,2021-03-05 02:16:05,14972547,124801,166049,55318023,0.2759208694063416,2021-03-05,1,55318023.0,14972547.0,124801.0
itsyaboymaina,2021-10-12 19:28:16,15262627,449811,1112567,126331153,0.13318175763028142,2021-10-12,1,126331153.0,15262627.0,449811.0
marsyabungaaa,2023-10-20 13:05:35,15144122,148881,288705,133477321,0.11673674511342642,2023-10-20,1,133477321.0,15144122.0,148881.0
kaelimaee,2022-10-20 17:54:17,15049613,80928,229885,103479225,0.1484397085501945,2022-10-20,1,103479225.0,15049613.0,80928.0
shamalik610,2024-05-08 17:44:25,15426181,63349,1132650,102304044,0.16247823008834333,2024-05-08,1,102304044.0,15426181.0,63349.0
lishiyin_,2023-05-16 14:55:47,15035966,93608,2114946,81303955,0.21209939910057266,2023-05-16,1,81303955.0,15035966.0,93608.0
itsavage,2020-03-05 04:41:02,14940722,58495,219221,152662251,0.0996869750073317,2020-03-05,1,152662251.0,14940722.0,58495.0
lazysuperman8,2025-04-21 08:13:12,15210084,36625,1793563,71460751,0.23845638006239256,2025-04-21,1,71460751.0,15210084.0,36625.0
then8tivedogfather,2023-05-03 00:23:41,15195807,47551,558714,135081975,0.11698135150896335,2023-05-03,1,135081975.0,15195807.0,47551.0
hdpr.clipz,2025-06-25 09:16:20,14851222,77466,6302939,137014602,0.15495886343559206,2025-06-25,2,137014602.0,14851222.0,77466.0
mindeetran,2021-12-02 09:27:20,15105658,164433,537318,105877448,0.1492991123095449,2021-12-02,1,105877448.0,15105658.0,164433.0
wheriea,2024-10-18 18:12:13,14858133,133150,305249,209915180,0.07287006113612174,2024-10-18,1,209915180.0,14858133.0,133150.0
zeezee25,2021-02-25 17:59:50,14979408,117053,714358,97872264,0.16154545071114326,2021-02-25,1,97872264.0,14979408.0,117053.0
el.go33,2021-05-01 10:27:50,14804918,101403,57840,110278158,0.13569469486423594,2021-05-01,2,110278158.0,14804918.0,101403.0
_js.lillian,2025-06-16 23:29:10,14832200,81758,5129974,90784519,0.22078579278478086,2025-06-16,1,90784519.0,14832200.0,81758.0
tadhgfleming,2021-10-20 22:32:50,14881584,203100,684594,78750059,0.20024464997543684,2021-10-20,1,78750059.0,14881584.0,203100.0
bean_posts,2023-06-27 23:07:56,14798889,119565,1752483,64159462,0.2598359849089757,2023-06-27,1,64159462.0,14798889.0,119565.0
samantharachelwold,2021-01-14 21:51:54,14765301,241225,637631,84256449,0.18567311090929076,2021-01-14,1,84256449.0,14765301.0,241225.0
zeuz_,2022-11-23 21:10:11,14798066,40324,380442,90014117,0.16907161351146732,2022-11-23,1,90014117.0,14798066.0,40324.0
rachelparkinson5,2025-07-11 11:25:11,14746363,73028,1351591,176031570,0.09186410142226192,2025-07-11,2,176031570.0,14746363.0,73028.0
blondebrunetteredhead,2022-04-30 04:11:48,14782024,79005,206166,146315557,0.10297739562991241,2022-04-30,1,146315557.0,14782024.0,79005.0
gue1sung,2024-04-17 23:09:01,14873208,43769,398918,137860409,0.11109712433828628,2024-04-17,1,137860409.0,14873208.0,43769.0
vincentmarson,2020-11-11 22:20:57,14676267,197993,742786,80118041,0.1949254600471322,2020-11-11,1,80118041.0,14676267.0,197993.0
bigwezza,2023-03-06 19:58:12,14674255,12239,163889,151069719,0.09830151997568752,2023-03-06,1,151069719.0,14674255.0,12239.0
jennyjvel,2023-11-04 18:37:15,14833058,70856,1016693,127790998,0.12458316508334961,2023-11-04,2,127790998.0,14833058.0,70856.0
matthevie,2024-12-13 23:53:53,14737681,60563,2465590,83839863,0.20591438704998838,2024-12-13,1,83839863.0,14737681.0,60563.0
not.rocketraccoon,2024-10-11 14:51:56,14677436,57742,3140884,119553631,0.1495233716489966,2024-10-11,1,119553631.0,14677436.0,57742.0
betanelian,2025-09-04 16:39:05,14592674,65187,2648913,87278643,0.19829334422626163,2025-09-04,1,87278643.0,14592674.0,65187.0
trannot,2024-02-16 15:50:51,14665272,103760,216655,107304983,0.13965508945656327,2024-02-16,1,107304983.0,14665272.0,103760.0
grant_rigatoni,2020-12-24 20:32:27,14716786,193833,355916,68762584,0.22201805272472017,2020-12-24,1,68762584.0,14716786.0,193833.0
suavexavier,2021-11-08 01:31:34,14576700,78993,264409,102167460,0.14603575345809713,2021-11-08,2,102167460.0,14576700.0,78993.0
oficiallanatoly,2023-09-02 01:04:11,14568433,26742,237766,222934430,0.06653499416846469,2023-09-02,1,222934430.0,14568433.0,26742.0
taras.tolstikov,2021-05-01 11:11:16,14649280,85102,32285,170237370,0.08674163023077718,2021-05-01,2,170237370.0,14649280.0,85102.0
meowpost_,2025-05-22 17:10:28,14634272,91782,2769936,100032092,0.1749037698821694,2025-05-22,1,100032092.0,14634272.0,91782.0
luvkkkkkkkkk,2025-06-08 17:03:05,14596449,51881,384995,76131589,0.19746501022065888,2025-06-08,1,76131589.0,14596449.0,51881.0
noelgoescrazy,2022-12-13 18:17:54,14554069,36930,134361,301537133,0.04883431719833988,2022-12-13,1,301537133.0,14554069.0,36930.0
sly.ae,2024-03-27 18:35:37,14531168,58666,505743,81531444,0.18515036971502677,2024-03-27,2,81531444.0,14531168.0,58666.0
billwave,2021-12-03 22:11:19,14525350,59755,177232,158220684,0.09330219429464734,2021-12-03,1,158220684.0,14525350.0,59755.0
officialbigred0,2024-10-01 01:14:48,14659469,30801,408549,104607450,0.14433789371598293,2024-10-01,2,104607450.0,14659469.0,30801.0
realisticria,2021-10-12 02:51:17,14512066,225684,226819,69487816,0.21535529336538653,2021-10-12,1,69487816.0,14512066.0,225684.0
catsnavu,2022-03-31 19:58:35,14494953,198533,876932,90131407,0.17275241248591625,2022-03-31,1,90131407.0,14494953.0,198533.0
juliagisella,2021-01-29 17:23:07,14643670,92197,54817,73186744,0.20209512258121498,2021-01-29,1,73186744.0,14643670.0,92197.0
chrislobanzo,2021-04-06 17:29:13,14500010,53614,203725,101249906,0.1457517303769151,2021-04-06,2,101249906.0,14500010.0,53614.0
origami.qa,2024-03-06 15:00:45,15047081,78324,187501,105857918,0.14465527274020257,2024-03-06,2,105857918.0,15047081.0,78324.0
alaskan.not.eskimo,2025-07-07 00:05:31,14563683,28933,1610603,132118222,0.12264181847678816,2025-07-07,3,132118222.0,14563683.0,28933.0
invisibledrax2,2023-04-28 19:45:17,14501706,217124,1359951,127640146,0.12596962244151616,2023-04-28,2,127640146.0,14501706.0,217124.0
shetlandhannah,2020-10-29 17:51:24,14420700,109741,508480,82271823,0.1827955240520196,2020-10-29,2,82271823.0,14420700.0,109741.0
ismos.edits,2024-03-12 16:00:00,14427260,104910,128249,80048351,0.18314454722496407,2024-03-12,2,80048351.0,14427260.0,104910.0
complex_coffee,2025-09-23 14:27:06,14412387,19851,1608695,85319239,0.18801073694527445,2025-09-23,1,85319239.0,14412387.0,19851.0
azchpn,2020-11-13 12:04:18,14402445,80270,308673,108669017,0.136114123494832,2020-11-13,1,108669017.0,14402445.0,80270.0
artbydemarcusshawn,2021-03-15 15:07:58,14392735,197578,416499,58765987,0.2553656080004238,2021-03-15,1,58765987.0,14392735.0,197578.0
jaykindafunny8,2020-12-28 19:02:26,14386103,118647,759363,151272440,0.10090478477110569,2020-12-28,1,151272440.0,14386103.0,118647.0
_inlil,2024-04-11 12:43:22,14414483,47029,251148,180233229,0.08163122905599167,2024-04-11,1,180233229.0,14414483.0,47029.0
funnyjuicebox,2020-03-15 07:23:10,14454842,42400,735016,97382260,0.15641717495568494,2020-03-15,1,97382260.0,14454842.0,42400.0
daveardito,2021-06-07 18:45:20,14336863,100734,217397,90272884,0.1623410414139422,2021-06-07,1,90272884.0,14336863.0,100734.0
lil_stace,2021-10-26 12:27:38,14330028,63851,444725,84862229,0.1748552232819621,2021-10-26,2,84862229.0,14330028.0,63851.0
katrina_ashleighh,2022-06-14 22:21:24,14344329,123885,760568,130797577,0.1164301537481845,2022-06-14,1,130797577.0,14344329.0,123885.0
kelseyhayes._,2022-12-03 21:41:01,14355901,73092,629139,72186006,0.20860181681197323,2022-12-03,1,72186006.0,14355901.0,73092.0
dycederottweiler,2024-06-19 10:40:49,14626437,42788,598005,67990113,0.22455073725204722,2024-06-19,1,67990113.0,14626437.0,42788.0
tommasomasino1,2021-02-18 16:35:55,14271542,93491,101834,120639816,0.11991784702324149,2021-02-18,1,120639816.0,14271542.0,93491.0
mrsspiscess,2024-10-18 18:30:42,14696212,24870,916747,80319525,0.1946952375527619,2024-10-18,1,80319525.0,14696212.0,24870.0
upnextfit,2023-10-01 23:04:54,14305135,127846,868796,551393844,0.027751084214135694,2023-10-01,1,551393844.0,14305135.0,127846.0
kattenmilo22,2023-03-11 09:14:40,14359135,97002,1885028,72654539,0.22491595466595693,2023-03-11,1,72654539.0,14359135.0,97002.0
twostep615,2025-10-10 17:31:03,14253082,81662,3903304,212077267,0.08599718516742297,2025-10-10,2,212077267.0,14253082.0,81662.0
19strmn,2023-01-09 16:17:36,14443691,65951,355102,108466739,0.13704426017638457,2023-01-09,1,108466739.0,14443691.0,65951.0
dnsonae_,2024-12-04 13:42:32,14309971,94775,451850,102826933,0.14448156301617981,2024-12-04,1,102826933.0,14309971.0,94775.0
mercuri_88,2021-07-21 14:56:20,14444910,109358,377807,130539551,0.11438736295331674,2021-07-21,2,130539551.0,14444910.0,109358.0
elplatilova,2024-12-29 17:16:34,14266405,26090,675843,90443328,0.16549963751886707,2024-12-29,1,90443328.0,14266405.0,26090.0
niksalad,2024-03-17 20:47:32,14318098,28096,184030,86407062,0.1681601441326636,2024-03-17,2,86407062.0,14318098.0,28096.0
doubalea,2023-05-11 18:38:00,14198097,75958,528390,137783143,0.10743291724735878,2023-05-11,1,137783143.0,14198097.0,75958.0
giggle_pawss,2025-05-08 01:15:31,14233666,39033,3533814,125258058,0.14215862264126752,2025-05-08,1,125258058.0,14233666.0,39033.0
jakecornelll,2021-09-22 19:19:29,14221970,46403,93459,75195261,0.1909938446785895,2021-09-22,1,75195261.0,14221970.0,46403.0
garett__nolan,2020-08-20 16:46:26,14187603,107079,246371,93775713,0.15506203615855205,2020-08-20,1,93775713.0,14187603.0,107079.0
icm_triplets,2024-02-17 08:38:04,14654167,56245,176606,142786109,0.10426096841114986,2024-02-17,1,142786109.0,14654167.0,56245.0
dobyandblue,2020-02-29 17:46:08,14179726,29955,162148,131797612,0.10904468436044198,2020-02-29,1,131797612.0,14179726.0,29955.0
dy991891,2024-09-23 02:35:22,14166745,41556,1742815,84407413,0.18897766716295403,2024-09-23,1,84407413.0,14166745.0,41556.0
boomshadowace,2022-07-08 10:11:47,14147046,41542,208656,104539803,0.13772021361088657,2022-07-08,1,104539803.0,14147046.0,41542.0
lemifn,2025-05-30 05:12:02,14297226,48697,1696322,71851482,0.22326950750994948,2025-05-30,1,71851482.0,14297226.0,48697.0
snakeriverranch,2022-11-08 17:07:34,14255996,97383,803353,99484037,0.15235340721044524,2022-11-08,1,99484037.0,14255996.0,97383.0
aaset45,2025-02-10 05:06:33,14209278,41996,1678767,128846729,0.12363558720997876,2025-02-10,1,128846729.0,14209278.0,41996.0
samseats,2021-08-19 15:09:27,14129868,73724,93242,97207021,0.14707614586810555,2021-08-19,1,97207021.0,14129868.0,73724.0
wat.ki0,2020-06-22 19:27:20,14098024,144726,1351844,72216543,0.2159421283846279,2020-06-22,1,72216543.0,14098024.0,144726.0
namenimsand,2020-12-29 09:26:32,14090635,163364,1211236,118813205,0.13016427761543845,2020-12-29,1,118813205.0,14090635.0,163364.0
tofuthecat2020,2021-10-30 14:38:36,14050373,80188,491042,108987304,0.1341587732090336,2021-10-30,1,108987304.0,14050373.0,80188.0
ambarguevaraz3,2024-06-28 03:19:31,14024822,59110,3313570,81351964,0.21385472635915712,2024-06-28,1,81351964.0,14024822.0,59110.0
sydwingold,2021-11-20 19:14:13,14052078,149712,509577,75743946,0.1942249879614141,2021-11-20,1,75743946.0,14052078.0,149712.0
thegreatlondini.com,2023-08-05 03:34:31,14006526,86580,1748486,125924133,0.1258026688180573,2023-08-05,1,125924133.0,14006526.0,86580.0
tequilaura_,2025-01-07 17:24:15,13982345,36265,2775306,69839108,0.24046578601777102,2025-01-07,1,69839108.0,13982345.0,36265.0
bryanwoess,2025-08-01 00:37:01,13983740,61774,1252370,85424928,0.17907985828211642,2025-08-01,1,85424928.0,13983740.0,61774.0
aspinallfreya,2024-03-07 20:12:20,14247357,48719,275387,87908647,0.165756879411419,2024-03-07,2,87908647.0,14247357.0,48719.0
hunainmalik22,2020-05-23 03:30:48,13946211,162180,680892,79074585,0.18702953673421113,2020-05-23,2,79074585.0,13946211.0,162180.0
mascotzoli,2020-11-27 17:21:50,13947172,162596,486951,102935503,0.1418045142306246,2020-11-27,1,102935503.0,13947172.0,162596.0
adams.center,2024-12-06 01:34:05,13960705,146038,472170,103912346,0.14030010447459246,2024-12-06,1,103912346.0,13960705.0,146038.0
kohlmanndean,2021-06-05 00:48:39,13931150,206205,314686,79944018,0.1807770157361868,2021-06-05,1,79944018.0,13931150.0,206205.0
urfavlibra924,2023-07-26 21:22:36,13936862,51929,324120,66237655,0.21608420467179884,2023-07-26,1,66237655.0,13936862.0,51929.0
sagittariusxxqueen,2024-04-05 21:40:30,13897553,74675,901186,124164085,0.11978837519722389,2024-04-05,1,124164085.0,13897553.0,74675.0
miajean4tails,2025-02-18 18:47:47,13903411,66025,4692696,113011807,0.16513435627128764,2025-02-18,1,113011807.0,13903411.0,66025.0
menwiththepot,2022-10-16 17:51:38,13901881,62364,434398,179890387,0.08004120309108012,2022-10-16,1,179890387.0,13901881.0,62364.0
peterkang0,2021-03-02 03:08:32,13872444,223646,724710,73731781,0.20100965688052483,2021-03-02,1,73731781.0,13872444.0,223646.0
bogananimalwrangler,2022-01-23 09:07:18,13837259,118712,298677,80345573,0.1774167196492581,2022-01-23,2,80345573.0,13837259.0,118712.0
kaelimaee,2021-07-10 18:32:54,13866701,73837,141903,98354457,0.14318050680712924,2021-07-10,2,98354457.0,13866701.0,73837.0
justthenobodys,2021-06-18 02:51:41,13801301,119640,663675,89188900,0.16352501264170766,2021-06-18,1,89188900.0,13801301.0,119640.0
bauka.trollface,2022-04-30 13:53:00,13782022,30842,30718,177063659,0.07818420831346312,2022-04-30,1,177063659.0,13782022.0,30842.0
kennelly_michelle,2021-08-15 16:02:38,13798633,38689,51231,169902867,0.08174407674945237,2021-08-15,1,169902867.0,13798633.0,38689.0
cooperr_._,2025-08-10 08:38:34,13794949,78989,3125248,82174955,0.2068657780220263,2025-08-10,2,82174955.0,13794949.0,78989.0
scottyhubs,2020-08-09 16:04:32,13822949,126412,886022,85014279,0.17450460292676245,2020-08-09,1,85014279.0,13822949.0,126412.0
ellie.kova,2024-02-15 22:16:29,13769268,74172,166092,84781393,0.16524300326134062,2024-02-15,1,84781393.0,13769268.0,74172.0
emysardano2,2025-02-26 13:18:44,13751431,82658,1923973,91737704,0.1717730149426892,2025-02-26,1,91737704.0,13751431.0,82658.0
popatlantic,2025-10-17 04:00:38,13742020,28511,3001055,132498312,0.12657962012376428,2025-10-17,2,132498312.0,13742020.0,28511.0
soypau.laleon,2024-05-28 01:31:15,13889437,150753,634102,135194019,0.10854246444141882,2024-05-28,2,135194019.0,13889437.0,150753.0
vovoford,2025-04-16 07:46:10,13753040,58308,1989811,90314149,0.17495773558138714,2025-04-16,1,90314149.0,13753040.0,58308.0
nswdzbz,2024-08-17 07:51:36,13727536,105448,1324388,157937017,0.09597099076526183,2024-08-17,1,157937017.0,13727536.0,105448.0
stone889,2023-01-20 01:39:08,13724932,19624,293125,91627075,0.15320450860185159,2023-01-20,1,91627075.0,13724932.0,19624.0
taylorshelah,2020-03-21 21:20:28,13709274,78453,218529,70766200,0.1979229632225554,2020-03-21,1,70766200.0,13709274.0,78453.0
nathangrayy,2020-12-11 18:04:35,13694757,161928,42971,152077407,0.09139855994519949,2020-12-11,2,152077407.0,13694757.0,161928.0
userrrr63632,2025-10-18 07:23:53,13693690,38309,2753466,91007517,0.18114399275391724,2025-10-18,1,91007517.0,13693690.0,38309.0
taliahbree,2025-03-05 04:04:08,13694922,40682,2309973,86054612,0.18645807153252866,2025-03-05,1,86054612.0,13694922.0,40682.0
teamtrump,2024-11-05 12:13:30,13689229,185399,1538915,162532170,0.09483379813362487,2024-11-05,1,162532170.0,13689229.0,185399.0
pikanab,2021-01-15 03:20:38,13648824,110257,262771,53927507,0.2600129837264682,2021-01-15,1,53927507.0,13648824.0,110257.0
funnykittens711,2022-08-28 07:29:30,13644648,76873,667033,173956766,0.08271339098129704,2022-08-28,1,173956766.0,13644648.0,76873.0
leafchunch30days,2025-11-28 01:24:33,13631394,48195,1133369,102708479,0.14422332162079823,2025-11-28,1,102708479.0,13631394.0,48195.0
ashbeacs,2023-12-02 00:40:08,13647038,31541,101277,93149782,0.14793224100084312,2023-12-02,1,93149782.0,13647038.0,31541.0
__thehaywoodfam,2025-10-30 21:41:20,13619595,43969,3756731,65696769,0.26516212692286284,2025-10-30,1,65696769.0,13619595.0,43969.0
korylittle_,2020-09-13 03:00:02,13616447,31624,55195,71693094,0.1911378800306763,2020-09-13,1,71693094.0,13616447.0,31624.0
dreamy_hairoill,2024-10-03 10:57:36,13609965,244956,621332,88816126,0.16299126804967828,2024-10-03,2,88816126.0,13609965.0,244956.0
msquynhthie,2024-04-14 02:39:41,13674583,38499,157399,157745162,0.08792967609364781,2024-04-14,1,157745162.0,13674583.0,38499.0
nathandavisjrndj,2021-11-21 00:49:37,13712993,34220,46903,101141225,0.13638470366559236,2021-11-21,1,101141225.0,13712993.0,34220.0
sophhutchinson0,2021-01-06 19:21:10,13582597,74801,241321,83375270,0.16670073752085002,2021-01-06,1,83375270.0,13582597.0,74801.0
sarahlawther,2021-06-21 08:36:00,13643061,93203,364489,53352742,0.2642929392457467,2021-06-21,1,53352742.0,13643061.0,93203.0
pinoystarbbq,2025-12-26 21:35:14,29,10,1,718,0.055710306406685235,2025-12-26,1,718.0,29.0,10.0
cheikhmback7,2025-12-26 21:30:12,1550,39,3,9419,0.1690200658243975,2025-12-26,1,9419.0,1550.0,39.0
murillo4830,2025-12-26 19:06:39,377,35,3,1715,0.24198250728862974,2025-12-26,1,1715.0,377.0,35.0
amnamalik1192,2025-12-26 19:03:04,2040,49,17,13004,0.16195016917871424,2025-12-26,1,13004.0,2040.0,49.0
kimday23,2025-12-26 19:36:42,61,2,5,419,0.162291169451074,2025-12-26,1,419.0,61.0,2.0
karencam46,2025-12-26 18:56:58,6,0,0,91,0.06593406593406594,2025-12-26,1,91.0,6.0,0.0
theplanker,2025-12-26 23:08:07,95,9,4,823,0.13122721749696234,2025-12-26,1,823.0,95.0,9.0
mashazlatifiofficial7,2025-12-26 21:07:00,206,16,1,1984,0.1123991935483871,2025-12-26,1,1984.0,206.0,16.0
nhusenle7,2025-12-26 20:37:06,17,1,0,377,0.04774535809018567,2025-12-26,1,377.0,17.0,1.0
trinhthetai8,2025-12-26 18:53:55,6,0,0,155,0.03870967741935484,2025-12-26,1,155.0,6.0,0.0
mkashifkhan872,2025-12-26 21:24:12,12,2,37,121,0.4214876033057851,2025-12-26,1,121.0,12.0,2.0
delso.ch,2025-12-26 18:00:32,10,1,0,205,0.05365853658536585,2025-12-26,2,205.0,10.0,1.0
sterlingcattleco,2025-12-26 17:50:07,39,7,0,341,0.1348973607038123,2025-12-26,1,341.0,39.0,7.0
fabiebeauty0,2025-12-26 21:48:14,13,0,0,193,0.06735751295336788,2025-12-26,1,193.0,13.0,0.0
lobitoji,2025-12-26 22:12:19,19,0,0,134,0.1417910447761194,2025-12-26,1,134.0,19.0,0.0
michelleestherr,2025-12-26 20:13:10,8,3,0,266,0.041353383458646614,2025-12-26,1,266.0,8.0,3.0
bimuuu2,2025-12-23 04:52:20,387,58,56,3817,0.1312549122347393,2025-12-23,1,3817.0,387.0,58.0
maammeemedia,2025-12-26 19:03:41,9,0,0,122,0.07377049180327869,2025-12-26,1,122.0,9.0,0.0
alonelife7899,2025-12-26 20:52:05,9,5,0,36,0.3888888888888889,2025-12-26,1,36.0,9.0,5.0
mommaof48877,2025-12-26 20:08:11,3,1,0,32,0.125,2025-12-26,1,32.0,3.0,1.0
roiuhadcokiu,2025-12-26 21:36:04,2,0,0,133,0.015037593984962405,2025-12-26,2,133.0,2.0,0.0
yono_511,2025-12-26 18:07:08,56,6,1,526,0.11977186311787072,2025-12-26,1,526.0,56.0,6.0
attitudegi290,2025-12-26 18:32:17,34,6,0,171,0.23391812865497075,2025-12-26,1,171.0,34.0,6.0
derim363,2025-12-26 19:07:52,39,1,0,306,0.13071895424836602,2025-12-26,1,306.0,39.0,1.0
silent.soljer,2025-12-26 18:59:32,23,2,0,132,0.1893939393939394,2025-12-26,1,132.0,23.0,2.0
respect.others21,2025-07-04 02:38:43,8202011,16280,354680,207645460,0.04128658050120624,2025-07-04,1,207645460.0,8202011.0,16280.0
jefzwmdh,2025-07-24 09:09:37,448892,5135,5700,9485263,0.048467501639121655,2025-07-24,1,9485263.0,448892.0,5135.0
bffdabbad123,2025-05-28 22:06:27,57867,528,228,809676,0.07240303528818935,2025-05-28,1,809676.0,57867.0,528.0
newsnotwo,2025-05-26 02:36:51,7747,88,6430,534463,0.026690341520367172,2025-05-26,1,534463.0,7747.0,88.0
foottscore,2025-02-27 21:12:20,766984,12455,32302,20678190,0.03925590199142188,2025-02-27,1,20678190.0,766984.0,12455.0
rokibul6027,2025-06-09 14:30:35,7594,68,133,83640,0.09319703491152559,2025-06-09,1,83640.0,7594.0,68.0
hu.he835,2025-11-11 04:03:27,454789,1906,6608,6355242,0.07290092179023237,2025-11-11,1,6355242.0,454789.0,1906.0
ssk.1232,2024-07-28 01:42:45,9180,82,1070,275992,0.03743586770631033,2024-07-28,1,275992.0,9180.0,82.0
letshavechurch,2024-02-29 05:55:59,12877,1130,2878,724192,0.023315640051257126,2024-02-29,1,724192.0,12877.0,1130.0
baldnews_,2024-03-11 19:37:47,375528,5606,6659,4183309,0.09270006112386152,2024-03-11,1,4183309.0,375528.0,5606.0
ticforfun,2023-11-04 18:44:46,62,3,17,13430,0.006105733432613552,2023-11-04,1,13430.0,62.0,3.0
kilishopping,2023-04-18 04:41:37,609209,7532,149193,42387391,0.01806985478299431,2023-04-18,1,42387391.0,609209.0,7532.0
migne_00,2022-11-22 06:54:58,310,6,6,27063,0.011898163544322507,2022-11-22,1,27063.0,310.0,6.0
beckyd7cakes,2024-10-06 17:51:18,6674,12,5,1327476,0.00504039244400652,2024-10-06,1,1327476.0,6674.0,12.0
migne_00,2022-04-15 19:57:22,3493,68,77,60985,0.05965401328195458,2022-04-15,2,60985.0,3493.0,68.0
rayxswift,2022-04-01 21:09:08,111318,2767,4190,1414986,0.08358739945130199,2022-04-01,1,1414986.0,111318.0,2767.0
candyken,2020-01-23 02:09:54,2298002,5024,6946,25817042,0.08947469659769698,2020-01-23,1,25817042.0,2298002.0,5024.0
dallas_villa,2019-01-09 23:35:36,7035,41,268,47583,0.15434083601286175,2019-01-09,1,47583.0,7035.0,41.0
luis.munoz492,2025-12-26 18:12:19,13,5,4,267,0.08239700374531835,2025-12-26,1,267.0,13.0,5.0
osa_foryouu,2025-12-26 18:24:07,446,10,6,6958,0.06639839034205232,2025-12-26,2,6958.0,446.0,10.0
om.love,2025-12-26 17:38:38,385,48,2,5917,0.07351698495859388,2025-12-26,1,5917.0,385.0,48.0
owbdbhbwmson,2025-12-26 22:08:50,92,4,3,4470,0.02214765100671141,2025-12-26,1,4470.0,92.0,4.0
farukahmed5444,2025-12-26 22:00:10,1328,109,8,5271,0.27414152912160883,2025-12-26,1,5271.0,1328.0,109.0
khansalim381,2024-12-12 16:44:48,8103,226,452,133401,0.06582409427215688,2024-12-12,1,133401.0,8103.0,226.0
imrankhanniazi476,2025-12-26 17:47:50,0,0,0,3,0.0,2025-12-26,1,3.0,0.0,0.0
helleoshop2,2025-04-28 08:55:04,10897,242,2171,2067316,0.006438299708414195,2025-04-28,1,2067316.0,10897.0,242.0
storyeye56,2025-08-22 07:15:42,9143,67,409,382748,0.02513141806096962,2025-08-22,1,382748.0,9143.0,67.0
frasr11,2025-12-26 18:12:17,117,3,0,1548,0.07751937984496124,2025-12-26,1,1548.0,117.0,3.0
lismelllll,2025-12-26 20:44:15,18,2,1,333,0.06306306306306306,2025-12-26,1,333.0,18.0,2.0
laraibmalikoffici0,2025-12-26 17:58:51,141,10,1,801,0.18976279650436953,2025-12-26,1,801.0,141.0,10.0
sjgfy754,2025-03-12 11:17:10,7544,419,12754,811623,0.025525397875614662,2025-03-12,1,811623.0,7544.0,419.0
america.la.vou.eu,2025-12-26 22:57:18,4,0,0,134,0.029850746268656716,2025-12-26,3,134.0,4.0,0.0
kelvalentine,2025-12-26 19:57:52,20,1,0,311,0.06752411575562701,2025-12-26,1,311.0,20.0,1.0
cufivivobb,2025-12-26 18:01:08,54,1,0,315,0.1746031746031746,2025-12-26,1,315.0,54.0,1.0
dailymail,2024-12-23 10:59:51,858953,10814,68455,12545049,0.0747882292050035,2024-12-23,1,12545049.0,858953.0,10814.0
brookemonk_,2020-01-21 04:40:20,631013,30375,979,3314735,0.19982502371984487,2020-01-21,1,3314735.0,631013.0,30375.0
delso.ch,2025-12-26 18:30:14,16,0,0,312,0.05128205128205128,2025-12-26,2,312.0,16.0,0.0
lechat.vv,2021-08-11 02:49:44,4792230,11489,62578,57620031,0.08445495282708196,2021-08-11,2,57620031.0,4792230.0,11489.0
quellearrogance00241,2025-12-26 23:06:57,17,1,0,324,0.05555555555555555,2025-12-26,1,324.0,17.0,1.0
bilo_afg,2025-12-26 17:34:03,259,27,9,3171,0.09303058971933144,2025-12-26,1,3171.0,259.0,27.0
1m0w7,2025-12-26 21:18:26,0,0,0,98,0.0,2025-12-26,1,98.0,0.0,0.0
louisbxwgrj,2025-12-26 21:00:24,5,1,2,30,0.26666666666666666,2025-12-26,1,30.0,5.0,1.0
user20003637,2025-12-26 20:17:55,961,69,95,2754,0.4084967320261438,2025-12-26,2,2754.0,961.0,69.0
heyitsdarion,2021-07-17 01:07:06,1134308,2090,4360,13739059,0.08303028613531684,2021-07-17,1,13739059.0,1134308.0,2090.0
roiuhadcokiu,2025-12-26 22:36:03,1,0,0,118,0.00847457627118644,2025-12-26,2,118.0,1.0,0.0
parker.zxx,2025-12-26 19:00:22,87,7,3,1484,0.06536388140161725,2025-12-26,1,1484.0,87.0,7.0
wqqkkl,2024-06-18 08:48:01,7263,32,484,245420,0.03169668323690001,2024-06-18,1,245420.0,7263.0,32.0
nikilijackson,2025-03-29 17:24:09,23904,0,3774,452753,0.06113267057313811,2025-03-29,1,452753.0,23904.0,0.0
america.la.vou.eu,2025-12-26 19:17:24,7,1,0,122,0.06557377049180328,2025-12-26,3,122.0,7.0,1.0
dream.traveler36,2023-10-15 14:50:51,682069,3296,9153,9272370,0.07490188592560477,2023-10-15,1,9272370.0,682069.0,3296.0
yahoonews,2023-03-23 17:47:49,112540,2595,3912,2772939,0.04293170531338771,2023-03-23,1,2772939.0,112540.0,2595.0
irfanullahhaqmalnaziry,2025-12-26 18:32:18,9,0,0,114,0.07894736842105263,2025-12-26,1,114.0,9.0,0.0
icefire_oficial,2025-12-26 21:09:41,20,0,0,1101,0.018165304268846504,2025-12-26,1,1101.0,20.0,0.0
nisa14.15newac,2022-12-03 22:08:29,89,15,6,4605,0.023887079261672096,2022-12-03,1,4605.0,89.0,15.0
usamaashiq581,2025-12-26 19:47:45,10,1,0,109,0.10091743119266056,2025-12-26,1,109.0,10.0,1.0
nglorygrace,2025-12-26 20:16:20,5,1,0,123,0.04878048780487805,2025-12-26,1,123.0,5.0,1.0
1_malak_1,2025-12-26 21:46:22,1226,5,11,10362,0.11986103068905617,2025-12-26,1,10362.0,1226.0,5.0
snygb8,2025-05-16 08:38:14,7976,145,2251,220159,0.04711140584759197,2025-05-16,1,220159.0,7976.0,145.0
didine_loved,2025-12-26 22:11:06,8,1,0,132,0.06818181818181818,2025-12-26,1,132.0,8.0,1.0
greglee7740,2025-12-26 22:37:31,0,0,0,3,0.0,2025-12-26,1,3.0,0.0,0.0
snapflare1,2025-09-02 12:33:55,1099706,16596,153260,53021673,0.02394420862578214,2025-09-02,1,53021673.0,1099706.0,16596.0
justjazeon,2025-12-26 20:24:14,44,4,6,634,0.08517350157728706,2025-12-26,1,634.0,44.0,4.0
badshah_edits_5,2024-08-02 12:41:20,1721039,15530,70010,24251288,0.07449414645523157,2024-08-02,1,24251288.0,1721039.0,15530.0
cutepetmoments99,2025-10-14 09:51:40,1178338,2991,124899,7558098,0.1728249620473299,2025-10-14,1,7558098.0,1178338.0,2991.0
dr.faridrahil99,2025-12-26 21:07:01,7,0,0,11,0.6363636363636364,2025-12-26,1,11.0,7.0,0.0
tok.ffinds,2025-04-13 02:45:03,1923606,4551,99305,21186302,0.09569683279318873,2025-04-13,1,21186302.0,1923606.0,4551.0
hali3888,2025-12-26 19:23:18,14,9,53,64,1.1875,2025-12-26,1,64.0,14.0,9.0
pamelamadrid_,2025-12-26 22:06:47,44,4,1,343,0.14285714285714285,2025-12-26,1,343.0,44.0,4.0
officialsalicerose,2021-03-17 22:16:28,992229,4895,6524,4398048,0.22820305735635446,2021-03-17,1,4398048.0,992229.0,4895.0
migne_00,2022-11-05 01:00:03,326,16,12,101168,0.0034991301597343035,2022-11-05,2,101168.0,326.0,16.0
zakirnurar,2025-12-26 17:43:31,33,9,59,79,1.2784810126582278,2025-12-26,1,79.0,33.0,9.0
milaidy1,2025-12-26 17:46:23,60,2,0,328,0.18902439024390244,2025-12-26,1,328.0,60.0,2.0
ncyjfqwjl9j,2025-12-26 21:40:04,3,0,0,295,0.010169491525423728,2025-12-26,1,295.0,3.0,0.0
c0c0babyy,2025-12-26 20:26:37,47,3,1,263,0.19391634980988592,2025-12-26,1,263.0,47.0,3.0
thedailyshow,2023-03-01 16:36:27,524560,4809,33180,3933768,0.14300512892473577,2023-03-01,1,3933768.0,524560.0,4809.0
blackmendontchit,2025-12-26 17:48:42,357,0,52,3319,0.12322988852063875,2025-12-26,1,3319.0,357.0,0.0
fayz.cmjg,2025-12-26 18:00:40,20,0,0,303,0.066006600660066,2025-12-26,1,303.0,20.0,0.0
poshktana,2025-12-26 18:57:26,56,8,0,256,0.25,2025-12-26,1,256.0,56.0,8.0
sha3bo0o__,2025-12-26 18:17:38,1052,16,52,23077,0.048533171556094816,2025-12-26,1,23077.0,1052.0,16.0
hetal_j,2025-12-26 20:10:46,89,11,2,404,0.2524752475247525,2025-12-26,1,404.0,89.0,11.0
aventuraschepelon24,2025-12-26 20:06:45,6,0,0,68,0.08823529411764706,2025-12-26,1,68.0,6.0,0.0
king.recorder,2025-12-26 22:17:37,5,1,2,37,0.21621621621621623,2025-12-26,1,37.0,5.0,1.0
.tiffany.brooke,2025-12-26 19:40:37,5,0,1,87,0.06896551724137931,2025-12-26,1,87.0,5.0,0.0
migne_00,2022-08-26 14:42:16,1227,12,7,50976,0.024442875078468297,2022-08-26,2,50976.0,1227.0,12.0
gongjjone,2025-03-29 14:18:24,9837,71,751,359055,0.029686259765217028,2025-03-29,1,359055.0,9837.0,71.0
mary_colque.13,2025-12-26 20:01:33,23,0,0,319,0.07210031347962383,2025-12-26,1,319.0,23.0,0.0
sebastianbails,2019-01-24 20:09:49,1855277,23545,39576,29582060,0.06485004763021912,2019-01-24,2,29582060.0,1855277.0,23545.0
kissyou.llove,2023-10-16 23:13:24,310,3,2,20853,0.015105740181268883,2023-10-16,1,20853.0,310.0,3.0
winnersy3,2025-03-13 05:44:56,7773,97,105,40290,0.19793993546785804,2025-03-13,1,40290.0,7773.0,97.0
user20003637,2025-12-26 21:19:59,2109,61,204,5609,0.42324835086468177,2025-12-26,2,5609.0,2109.0,61.0
goodblues060,2025-05-19 11:03:07,8043,226,3259,822115,0.014022369133272108,2025-05-19,1,822115.0,8043.0,226.0
ladyspinedoc,2023-07-25 23:16:56,462473,3595,32108,11065816,0.045019364139074786,2023-07-25,1,11065816.0,462473.0,3595.0
gansi4040,2024-01-13 00:53:55,700851,10948,281971,18415569,0.05396357831788961,2024-01-13,1,18415569.0,700851.0,10948.0
china_devenezuela,2025-12-26 20:44:34,11,1,0,142,0.08450704225352113,2025-12-26,1,142.0,11.0,1.0
osa_foryouu,2025-12-26 17:50:33,341,10,2,5785,0.06101987899740709,2025-12-26,2,5785.0,341.0,10.0
baldnews_,2024-03-12 17:12:27,163261,7482,3438,2613987,0.06663422580142901,2024-03-12,1,2613987.0,163261.0,7482.0
jearrod,2020-02-05 21:25:44,516201,2837,6171,2529463,0.20763656159429886,2020-02-05,1,2529463.0,516201.0,2837.0
parwiz_habibi,2025-12-26 20:13:20,195,15,4,3892,0.05498458376156218,2025-12-26,1,3892.0,195.0,15.0
welding.mama420,2023-07-26 00:51:19,20844,1420,226,495273,0.045409299517639765,2023-07-26,1,495273.0,20844.0,1420.0
skywayes,2025-12-26 17:49:47,42,42,15,143,0.6923076923076923,2025-12-26,1,143.0,42.0,42.0
thebuecrew,2021-03-12 23:53:20,39375,553,4099,270764,0.16260285710064853,2021-03-12,1,270764.0,39375.0,553.0
papa_7p,2025-12-26 17:33:37,2071,361,444,72367,0.03974187129492725,2025-12-26,1,72367.0,2071.0,361.0
sanusubedi86,2025-12-26 18:59:08,63,7,0,327,0.21406727828746178,2025-12-26,1,327.0,63.0,7.0
dianac_98,2025-08-16 17:46:47,4151675,6514,318330,22704092,0.19716793783252817,2025-08-16,1,22704092.0,4151675.0,6514.0
faizanalisolang53,2025-12-26 18:10:58,6,1,1,18,0.4444444444444444,2025-12-26,1,18.0,6.0,1.0
manzoor.ahmad905,2025-07-23 16:36:19,465924,15069,73584,2190874,0.25313048582437875,2025-07-23,1,2190874.0,465924.0,15069.0
abc7newsbayarea,2023-07-11 02:32:57,405614,23778,132270,8726998,0.06435913013845082,2023-07-11,1,8726998.0,405614.0,23778.0
soymiarobloxoficial,2025-12-26 22:58:34,348,88,16,24055,0.018790272292662648,2025-12-26,1,24055.0,348.0,88.0
hajimastoi.official,2025-12-26 18:36:21,12,5,0,48,0.3541666666666667,2025-12-26,1,48.0,12.0,5.0
zehrahayat.789,2025-12-26 17:36:56,147,0,1,519,0.28516377649325625,2025-12-26,2,519.0,147.0,0.0
cops551ct2,2024-05-11 01:11:53,487989,7982,33463,9705566,0.054549523438406376,2024-05-11,1,9705566.0,487989.0,7982.0
jtee074,2025-04-18 15:54:04,8109,48,303,716278,0.011811056600928689,2025-04-18,1,716278.0,8109.0,48.0
hery07movies,2025-03-02 15:43:29,95911,150,592,3718680,0.025991211935417945,2025-03-02,1,3718680.0,95911.0,150.0
sharonr2025,2025-12-26 17:28:01,3,5,2,95,0.10526315789473684,2025-12-26,1,95.0,3.0,5.0
portaltre,2025-12-26 22:17:26,0,0,0,36,0.0,2025-12-26,1,36.0,0.0,0.0
raimamaram2,2025-12-26 19:18:13,593,25,11,3956,0.1589989888776542,2025-12-26,1,3956.0,593.0,25.0
listmanguy,2024-09-06 15:16:14,1199719,3069,12811,14589088,0.08332248047307686,2024-09-06,1,14589088.0,1199719.0,3069.0
mikebartistry11,2025-12-26 21:13:22,10,1,1,144,0.08333333333333333,2025-12-26,1,144.0,10.0,1.0
flygogogogo,2021-01-03 13:42:30,8392,0,5876,628064,0.022717430070820808,2021-01-03,1,628064.0,8392.0,0.0
naivekshort,2025-10-07 22:18:53,2393895,7404,29559,25734410,0.09445944165807571,2025-10-07,2,25734410.0,2393895.0,7404.0
saif.uallah.khan5,2025-12-26 18:48:29,19,7,1,60,0.45,2025-12-26,1,60.0,19.0,7.0
bibinikaj,2025-12-26 22:16:22,309,11,1,3346,0.09593544530783024,2025-12-26,1,3346.0,309.0,11.0
behnamabadimusic,2025-12-26 21:50:08,249,8,2,7023,0.03687882671223124,2025-12-26,1,7023.0,249.0,8.0
mahoganylox,2019-11-07 04:25:15,4058088,7178,28474,23737964,0.1724553967644403,2019-11-07,2,23737964.0,4058088.0,7178.0
kam_impossible,2024-03-05 17:52:55,2082034,3439,4665,15365040,0.136032057189568,2024-03-05,1,15365040.0,2082034.0,3439.0
vitaliecornea1,2025-03-24 12:16:11,8668,97,210,517492,0.01734326327749994,2025-03-24,1,517492.0,8668.0,97.0
clodagh.doyle42,2025-12-26 20:15:27,42,4,0,351,0.13105413105413105,2025-12-26,1,351.0,42.0,4.0
bloocb8,2024-09-08 07:39:05,7801,47,1512,212690,0.04400771075273873,2024-09-08,1,212690.0,7801.0,47.0
summerpet,2020-08-26 16:11:48,17955,267,3647,521918,0.04190121819902743,2020-08-26,1,521918.0,17955.0,267.0
diablesse107,2025-12-26 19:47:12,410,7,0,2760,0.15108695652173912,2025-12-26,1,2760.0,410.0,7.0
isabella88866,2022-04-13 15:37:25,9279,139,289,1955846,0.004963069689535884,2022-04-13,1,1955846.0,9279.0,139.0
sebastianbails,2020-01-01 00:35:47,551448,32858,4055,7206184,0.08164668012917795,2020-01-01,1,7206184.0,551448.0,32858.0
xymqjewelry,2024-11-28 05:13:10,7526,284,663,298479,0.02838725672492872,2024-11-28,1,298479.0,7526.0,284.0
canli.yayin_kayitlari,2025-12-26 17:49:09,52,11,3,8532,0.007735583684950774,2025-12-26,1,8532.0,52.0,11.0
tuio014,2025-04-17 02:34:54,490406,4376,8599,21840439,0.02304811730203775,2025-04-17,1,21840439.0,490406.0,4376.0
opkingadnan,2025-12-26 17:56:25,48,36,3,119,0.7310924369747899,2025-12-26,1,119.0,48.0,36.0
erlinonthedaily,2025-03-15 18:02:17,23079,625,1535,467345,0.05400507120007703,2025-03-15,1,467345.0,23079.0,625.0
pepitamovie1,2023-06-18 15:06:19,1246961,9207,46700,16705333,0.07799114211012735,2023-06-18,1,16705333.0,1246961.0,9207.0
callieholder,2024-04-29 04:33:58,553094,2554,8104,2017821,0.27938652635689687,2024-04-29,1,2017821.0,553094.0,2554.0
charlotte77620,2025-12-26 20:27:25,21,4,0,199,0.12562814070351758,2025-12-26,1,199.0,21.0,4.0
jackelindasilva78,2025-12-26 18:12:04,46,0,0,337,0.13649851632047477,2025-12-26,1,337.0,46.0,0.0
zahidkhan2376,2025-12-26 17:37:31,28,8,0,118,0.3050847457627119,2025-12-26,1,118.0,28.0,8.0
cass.fal,2019-02-06 17:13:32,42537,180,1589,395904,0.11191096831555125,2019-02-06,1,395904.0,42537.0,180.0
queenliza1,2025-12-26 18:24:27,8,1,0,128,0.0703125,2025-12-26,1,128.0,8.0,1.0
stoicstory0,2025-12-26 22:35:26,1,0,0,180,0.005555555555555556,2025-12-26,1,180.0,1.0,0.0
m.saqib84,2025-12-26 19:00:38,20,1,3,327,0.07339449541284404,2025-12-26,1,327.0,20.0,1.0
redayshah4,2025-04-02 12:49:24,33717,359,661,1386721,0.025049739637605546,2025-04-02,1,1386721.0,33717.0,359.0
kissyou.llove,2023-08-15 01:03:16,489,18,117,74108,0.008420143574242997,2023-08-15,2,74108.0,489.0,18.0
share911k,2025-12-19 10:52:26,427346,3846,9411,9500966,0.04637454759863365,2025-12-19,1,9500966.0,427346.0,3846.0
valeryosorto,2025-12-26 19:05:05,12,0,0,129,0.09302325581395349,2025-12-26,1,129.0,12.0,0.0
thuytan95,2025-12-26 19:31:31,7,2,0,110,0.08181818181818182,2025-12-26,1,110.0,7.0,2.0
cartoonking76,2025-01-29 02:05:50,62223,645,11743,5051916,0.014768852055339003,2025-01-29,2,5051916.0,62223.0,645.0
ingrid.angel09,2025-12-26 19:21:00,59,2,0,323,0.18885448916408668,2025-12-26,1,323.0,59.0,2.0
oseturno,2025-07-15 10:20:38,12968389,60318,3886519,86000099,0.19668844799818194,2025-07-15,2,86000099.0,12968389.0,60318.0
blinblinchiki3,2025-12-26 19:45:33,963,26,5,24028,0.04136840352921591,2025-12-26,1,24028.0,963.0,26.0
cati.72316,2025-12-26 21:07:05,13,0,0,1274,0.01020408163265306,2025-12-26,1,1274.0,13.0,0.0
wzs887,2025-07-10 15:32:00,469782,465,1932,13600345,0.03471816339953141,2025-07-10,1,13600345.0,469782.0,465.0
migne_00,2022-05-03 02:50:54,18567,121,3154,1122081,0.01946561790102497,2022-05-03,1,1122081.0,18567.0,121.0
zyzbethan,2023-08-02 01:56:28,442969,986,1470,4736615,0.09403867529871016,2023-08-02,1,4736615.0,442969.0,986.0
texguignard,2018-11-08 20:59:54,23506,655,1603,654685,0.03935327676668932,2018-11-08,1,654685.0,23506.0,655.0
countree1978,2023-07-04 23:52:05,59758,1206,16066,1561329,0.04933617450261924,2023-07-04,1,1561329.0,59758.0,1206.0
me_martiina,2025-12-26 17:40:22,1974,50,17,10833,0.18840579710144928,2025-12-26,1,10833.0,1974.0,50.0
straydogs1,2020-07-10 16:21:42,37978,290,162,418049,0.09192702290879777,2020-07-10,1,418049.0,37978.0,290.0
elizabethhux,2025-12-26 18:15:14,2,0,1,70,0.04285714285714286,2025-12-26,1,70.0,2.0,0.0
timelesstracks8,2025-04-01 00:15:21,48219,533,5461,213132,0.2543634930465627,2025-04-01,1,213132.0,48219.0,533.0
bethdel1,2025-05-26 02:21:41,674925,2697,26317,6582737,0.10693712964683232,2025-05-26,1,6582737.0,674925.0,2697.0
faibxi58988k,2025-12-26 20:13:51,31,5,0,238,0.15126050420168066,2025-12-26,1,238.0,31.0,5.0
dubiaroaches,2025-12-26 20:28:11,34,1,0,7267,0.004816292830604101,2025-12-26,1,7267.0,34.0,1.0
bsmusic213,2025-02-14 07:55:51,598801,20275,68892,3133376,0.21956126554872443,2025-02-14,1,3133376.0,598801.0,20275.0
actar_,2025-12-26 19:17:10,5631,343,248,40693,0.15290099034231933,2025-12-26,1,40693.0,5631.0,343.0
painnazz,2025-12-26 19:15:37,1,0,0,89,0.011235955056179775,2025-12-26,1,89.0,1.0,0.0
amirazbfjgr,2025-01-29 23:17:42,8023,60,3145,715187,0.015699390509055673,2025-01-29,1,715187.0,8023.0,60.0
arzu_bayramof,2025-12-26 17:57:12,260,12,5,5472,0.05062134502923977,2025-12-26,1,5472.0,260.0,12.0
migne_00,2022-10-15 12:18:19,1026,6,19,38276,0.02745845960915456,2022-10-15,2,38276.0,1026.0,6.0
barfigull1122,2025-12-26 20:46:14,63,9,0,206,0.34951456310679613,2025-12-26,1,206.0,63.0,9.0
thedailyshow,2024-03-14 15:02:03,2276039,28517,124617,19331775,0.12565700769846536,2024-03-14,1,19331775.0,2276039.0,28517.0
bihuo88898,2025-10-10 11:06:13,1749207,3087,24141,16837421,0.1055051720806886,2025-10-10,2,16837421.0,1749207.0,3087.0
magaliz_1984,2025-12-26 22:41:53,52,4,3,372,0.1586021505376344,2025-12-26,2,372.0,52.0,4.0
tayyab.official909,2025-12-26 17:50:37,14,3,0,102,0.16666666666666666,2025-12-26,1,102.0,14.0,3.0
aminshah954,2025-12-26 19:30:08,32,2,0,312,0.10897435897435898,2025-12-26,1,312.0,32.0,2.0
kosherplug,2024-02-03 12:51:18,171190,2767,9362,4468549,0.04102427879833029,2024-02-03,1,4468549.0,171190.0,2767.0
peatray_,2024-06-19 06:22:22,16718,117,149,1337689,0.012696523631427035,2024-06-19,1,1337689.0,16718.0,117.0
.polixx_neat,2025-12-26 18:47:42,72,1,0,442,0.16515837104072398,2025-12-26,1,442.0,72.0,1.0
goodlaffz,2025-12-26 19:07:44,0,0,1,83,0.012048192771084338,2025-12-26,1,83.0,0.0,0.0
pool_pero,2025-12-26 18:37:45,104,1,3,957,0.11285266457680251,2025-12-26,1,957.0,104.0,1.0
say.hey.rah,2025-05-14 00:35:57,13575,10846,10353,73822,0.47105198992170355,2025-05-14,1,73822.0,13575.0,10846.0
tmaleah_,2021-11-11 06:58:50,66912,1115,7124,236042,0.3183797798696842,2021-11-11,1,236042.0,66912.0,1115.0
mrss206,2025-12-26 18:18:28,273,3,2,3121,0.08907401473886575,2025-12-26,1,3121.0,273.0,3.0
nicolemacck,2021-04-18 21:34:39,3591518,23844,13636,19591302,0.18523516201220316,2021-04-18,2,19591302.0,3591518.0,23844.0
amalia_tecun,2025-12-26 20:07:17,45,8,0,438,0.12100456621004566,2025-12-26,1,438.0,45.0,8.0
cutegirl786cutegirl0,2025-12-26 18:15:28,8,5,0,30,0.43333333333333335,2025-12-26,1,30.0,8.0,5.0
da92488,2024-10-07 22:04:23,7851,16,37,217431,0.03635176216822808,2024-10-07,1,217431.0,7851.0,16.0
strengthministries,2025-12-26 22:55:38,10,2,0,135,0.08888888888888889,2025-12-26,1,135.0,10.0,2.0
freya06778,2025-12-26 20:12:04,116,15,57,1215,0.15473251028806584,2025-12-26,1,1215.0,116.0,15.0
kamal__khan_46,2025-12-26 18:33:09,13,2,1,172,0.09302325581395349,2025-12-26,1,172.0,13.0,2.0
billboard,2022-11-15 16:40:33,488728,878,547,3771132,0.12997503136989105,2022-11-15,1,3771132.0,488728.0,878.0
parker_james,2019-08-08 07:18:50,582985,2367,19236,3544177,0.17058628843875462,2019-08-08,1,3544177.0,582985.0,2367.0
potionofwords,2025-12-26 19:03:41,89,3,8,1423,0.07027406886858749,2025-12-26,1,1423.0,89.0,3.0
.moth3r_,2025-01-20 04:10:14,14707,343,12581,196884,0.1403415208955527,2025-01-20,1,196884.0,14707.0,343.0
rabbitlovestory,2025-08-29 02:47:22,760734,6920,187288,5218543,0.1829901564478821,2025-08-29,1,5218543.0,760734.0,6920.0
maitelapatate,2021-06-03 03:30:22,237,14,0,1812,0.13852097130242827,2021-06-03,1,1812.0,237.0,14.0
earthinf,2025-01-21 21:47:14,755811,8994,39814,23434280,0.0343351278554323,2025-01-21,1,23434280.0,755811.0,8994.0
oagueu,2024-06-17 01:33:36,7359,32,808,272785,0.030056638011620875,2024-06-17,1,272785.0,7359.0,32.0
afsrwteudjfnhg6216,2025-02-27 10:48:47,8508,99,1248,2229666,0.004419944511868594,2025-02-27,1,2229666.0,8508.0,99.0
syedjaffer10071974,2025-01-25 07:49:35,6982,39,815,143797,0.05449348734674576,2025-01-25,1,143797.0,6982.0,39.0
zymovie012,2025-11-22 14:19:17,570108,3287,8001,6576085,0.08841065770895601,2025-11-22,1,6576085.0,570108.0,3287.0
migne_00,2022-08-23 02:52:41,307,3,6,12473,0.025334723001683636,2022-08-23,1,12473.0,307.0,3.0
q91322,2025-12-26 20:43:17,602,28,49,6678,0.10167714884696016,2025-12-26,1,6678.0,602.0,28.0
freespiritually,2025-12-26 19:32:29,7,0,1,31,0.25806451612903225,2025-12-26,1,31.0,7.0,0.0
zebkii,2023-07-11 15:39:41,1531652,2804,48531,8466983,0.1869599832667669,2023-07-11,1,8466983.0,1531652.0,2804.0
setarabayat4,2025-02-10 17:23:47,72126,2800,3503,566661,0.13840550170207586,2025-02-10,1,566661.0,72126.0,2800.0
hilari.masaya,2025-12-26 19:40:54,7,2,0,118,0.07627118644067797,2025-12-26,1,118.0,7.0,2.0
iam_tatylameck,2025-12-26 21:38:51,3,0,0,39,0.07692307692307693,2025-12-26,1,39.0,3.0,0.0
rahmatullah34956,2025-12-26 20:22:46,2,0,1,114,0.02631578947368421,2025-12-26,1,114.0,2.0,0.0
its_geydi09,2025-03-11 23:54:49,8748,32,182,124043,0.07224913941133317,2025-03-11,1,124043.0,8748.0,32.0
eudhs3,2021-11-22 04:42:59,113,1,4,793,0.14880201765447668,2021-11-22,1,793.0,113.0,1.0
whitecatt00,2025-10-11 15:31:55,1277735,2815,86173,14919346,0.09160743373067426,2025-10-11,1,14919346.0,1277735.0,2815.0
syinlaasmovie,2023-04-30 16:23:12,451052,584,3310,10156156,0.04479509767278092,2023-04-30,1,10156156.0,451052.0,584.0
zoyaqueen121290,2025-12-26 18:40:43,23,10,0,100,0.33,2025-12-26,1,100.0,23.0,10.0
yyyy62729,2025-12-26 08:16:41,374,10,11,19901,0.019848248831717,2025-12-26,1,19901.0,374.0,10.0
yohafer29,2025-12-26 18:18:27,698,24,0,4084,0.17678746327130265,2025-12-26,1,4084.0,698.0,24.0
frannytwerking,2025-12-26 19:08:33,415,7,2,5324,0.07963936889556725,2025-12-26,1,5324.0,415.0,7.0
s4r4h43,2024-02-14 21:29:22,40445685,295925,401035,332497491,0.12373821190728924,2024-02-14,2,332497491.0,40445685.0,295925.0
britishpromise.cats,2020-06-17 20:27:34,38398807,455830,2821905,327093427,0.12741479516187282,2020-06-17,1,327093427.0,38398807.0,455830.0
say.axl,2024-06-24 23:50:38,33644852,249035,5198321,230594875,0.16952765320564908,2024-06-24,2,230594875.0,33644852.0,249035.0
chipmunksoftiktok,2021-03-18 15:05:42,28342020,363947,1244021,291448350,0.10276259241131405,2021-03-18,2,291448350.0,28342020.0,363947.0
essaouirahorseparadise,2024-11-05 16:57:25,27658024,252842,1042609,304704905,0.0950213617335763,2024-11-05,2,304704905.0,27658024.0,252842.0
spencer2thewest,2021-01-12 19:58:56,26332114,482438,1231257,266815204,0.10511323410190673,2021-01-12,2,266815204.0,26332114.0,482438.0
officialtrueblackboy,2020-11-01 02:11:55,25704551,255457,504078,144294804,0.18340290340600207,2020-11-01,2,144294804.0,25704551.0,255457.0
abrameng,2020-08-05 23:27:48,25673948,287914,1001118,217801783,0.12379595625257117,2020-08-05,2,217801783.0,25673948.0,287914.0
samuelgrubbs,2024-08-02 01:26:40,24211288,115775,5251728,197144666,0.1500359690177973,2024-08-02,2,197144666.0,24211288.0,115775.0
_luke.the.voice_,2022-03-06 12:19:17,23764988,172652,210853,141705223,0.17041357042993396,2022-03-06,2,141705223.0,23764988.0,172652.0
ricoanimations0,2023-06-06 14:05:33,23690171,200777,3067056,291051725,0.09262272539357051,2023-06-06,2,291051725.0,23690171.0,200777.0
longislandorganics,2025-08-15 12:20:34,23407789,111838,9595837,200785707,0.1649293891223044,2025-08-15,3,200785707.0,23407789.0,111838.0
goatdaddys,2022-03-01 13:50:46,23443593,222756,980159,197183185,0.12499295008344652,2022-03-01,2,197183185.0,23443593.0,222756.0
kimberlykimpena,2025-09-11 04:01:30,22953966,74447,722225,237433994,0.10003048678867778,2025-09-11,2,237433994.0,22953966.0,74447.0
baharfaraj1,2025-06-09 02:37:04,22733117,164076,6511243,155408487,0.18923314014375547,2025-06-09,2,155408487.0,22733117.0,164076.0
loveandnazofficial,2022-10-19 16:21:53,22641111,90472,770429,140052060,0.16780911326830894,2022-10-19,1,140052060.0,22641111.0,90472.0
adrianneelisehall,2024-10-04 22:52:55,22047983,105139,1847629,170294882,0.14093641992129863,2024-10-04,2,170294882.0,22047983.0,105139.0
falmataabdoshe,2025-04-18 14:05:15,21957936,886029,1008701,110812345,0.21525278614038895,2025-04-18,2,110812345.0,21957936.0,886029.0
eduwoes,2021-05-31 14:59:05,21732658,95838,71796,137989259,0.15871012105369736,2021-05-31,1,137989259.0,21732658.0,95838.0
boneshandsanimals,2022-10-29 13:31:33,21089868,155665,1257242,199915471,0.1125614485334154,2022-10-29,1,199915471.0,21089868.0,155665.0
weisstomi,2024-12-14 00:48:00,20858274,130622,4695654,302737193,0.08484107864473725,2024-12-14,2,302737193.0,20858274.0,130622.0
dilekhay,2021-12-12 12:21:36,20767055,150552,321962,192175509,0.11052172626221586,2021-12-12,1,192175509.0,20767055.0,150552.0
random.stuff.here.lolhdh,2024-10-11 15:01:27,20675373,83938,3718684,147159506,0.16633648525566538,2024-10-11,2,147159506.0,20675373.0,83938.0
hannah.carmack,2024-05-17 20:50:51,20803933,115297,1739682,138408640,0.1637102423663725,2024-05-17,2,138408640.0,20803933.0,115297.0
danieljubnelson,2023-04-13 23:36:14,20383571,304520,3733976,213807169,0.1142247339704498,2023-04-13,1,213807169.0,20383571.0,304520.0
rezlebronrayjames,2025-09-27 13:34:32,22100090,163632,2416512,134030049,0.18413955813744423,2025-09-27,1,134030049.0,22100090.0,163632.0
noelquidlat,2021-03-28 07:39:45,20178894,234034,171606,129323629,0.15917071117761472,2021-03-28,1,129323629.0,20178894.0,234034.0
redjacksonofficial,2025-09-11 01:45:19,20246096,117069,3192332,159304698,0.1478644214246588,2025-09-11,1,159304698.0,20246096.0,117069.0
areqaep,2025-07-30 20:17:26,20352443,318053,1642388,211656236,0.10542039498425172,2025-07-30,2,211656236.0,20352443.0,318053.0
ehculo,2024-08-20 04:41:43,19783948,100658,3783675,316598808,0.07475795992257811,2024-08-20,1,316598808.0,19783948.0,100658.0
samuelgrubbs,2020-09-05 23:27:18,19678223,191469,435882,182227427,0.1114298452998516,2020-09-05,2,182227427.0,19678223.0,191469.0
karlpfeiffer,2024-07-29 18:48:47,19360381,143780,2652044,124716557,0.17765247480332544,2024-07-29,2,124716557.0,19360381.0,143780.0
shanamamaa,2025-06-15 19:11:51,19516818,150827,4429551,115984579,0.20776206809355233,2025-06-15,2,115984579.0,19516818.0,150827.0
boomshadowace,2024-09-26 13:39:00,19259125,52667,2416781,138887922,0.15644681472014535,2024-09-26,2,138887922.0,19259125.0,52667.0
theo_lightyear,2025-02-01 22:20:16,19132658,116875,2937488,127151281,0.17449309850051767,2025-02-01,2,127151281.0,19132658.0,116875.0
hnatuska,2024-07-19 17:03:54,19708226,44578,423940,105871081,0.19057842622764945,2024-07-19,2,105871081.0,19708226.0,44578.0
inoxiasounds,2019-11-19 09:31:40,19022180,87093,372672,177137261,0.10998219623594609,2019-11-19,2,177137261.0,19022180.0,87093.0
baezycoolmane,2024-05-08 07:50:45,18668639,96955,2001922,120000162,0.17306239969909373,2024-05-08,2,120000162.0,18668639.0,96955.0
krystleklear1,2021-05-30 20:31:04,18597114,233605,552807,217889510,0.08896034508499284,2021-05-30,2,217889510.0,18597114.0,233605.0
francis.tpwk,2022-08-01 01:47:21,18409634,101354,256866,102631497,0.1828664157553894,2022-08-01,2,102631497.0,18409634.0,101354.0
manuelsusini01,2024-02-19 21:49:29,18053368,95596,1219787,169932308,0.11397921459408414,2024-02-19,1,169932308.0,18053368.0,95596.0
_ivysolt,2025-05-30 18:23:52,18444333,92462,546086,116694401,0.1635286769242682,2025-05-30,2,116694401.0,18444333.0,92462.0
zamikaki,2024-02-17 04:06:16,17952264,116198,576312,179168683,0.10406268376711794,2024-02-17,1,179168683.0,17952264.0,116198.0
jetskips,2022-07-10 16:38:10,17880533,112988,206301,140698206,0.12935361805537166,2022-07-10,2,140698206.0,17880533.0,112988.0
alaskaelevated,2023-04-03 05:19:44,17900294,287851,5069477,188601575,0.12331616000555669,2023-04-03,1,188601575.0,17900294.0,287851.0
milomitski,2024-02-29 01:25:03,17998283,112419,554441,99614414,0.1873739175938936,2024-02-29,2,99614414.0,17998283.0,112419.0
islam___information,2024-01-30 15:26:56,17474988,259410,552514,105540354,0.17326938281825358,2024-01-30,1,105540354.0,17474988.0,259410.0
gianni_palumbo,2022-11-25 20:44:54,17134395,177135,3960866,132356818,0.16072006203715172,2022-11-25,2,132356818.0,17134395.0,177135.0
eliefeghaly7,2021-02-11 04:09:25,17153408,367398,520433,148330681,0.12162850516407998,2021-02-11,2,148330681.0,17153408.0,367398.0
laika.secret,2021-08-13 03:06:47,17112037,104219,209250,263392149,0.06615803115680566,2021-08-13,2,263392149.0,17112037.0,104219.0
chinpals,2022-07-12 16:22:59,17276450,93725,353995,95484872,0.1856228073490008,2022-07-12,2,95484872.0,17276450.0,93725.0
ashleyallen19956,2025-07-14 12:33:54,16828519,27537,1208556,108189771,0.16697153375063525,2025-07-14,1,108189771.0,16828519.0,27537.0
djr1512,2024-08-04 17:45:29,16783800,180605,4332877,145009953,0.14686772569328396,2024-08-04,2,145009953.0,16783800.0,180605.0
meoomaiman,2024-09-02 18:47:00,16810001,99721,2760548,121200166,0.16229573480947213,2024-09-02,2,121200166.0,16810001.0,99721.0
thxfooty,2022-12-03 16:51:35,17155225,71336,449714,120942933,0.14615384761671027,2022-12-03,2,120942933.0,17155225.0,71336.0
dryer.lint3,2025-10-21 02:26:21,18007493,53004,5066485,104579767,0.22114203027436463,2025-10-21,2,104579767.0,18007493.0,53004.0
fallandchristmasarecool,2024-08-02 02:44:15,16467751,94886,3237163,115766467,0.17103225582586018,2024-08-02,2,115766467.0,16467751.0,94886.0
._sophie._00,2025-09-27 08:13:24,19363694,51159,925115,116848189,0.1740717436365231,2025-09-27,2,116848189.0,19363694.0,51159.0
axelae.ae,2025-05-19 16:15:17,16347260,62021,354803,276329061,0.06066710442735518,2025-05-19,2,276329061.0,16347260.0,62021.0
skititi.bum101,2022-12-13 23:23:30,16252642,61912,908320,143723660,0.11983325501173571,2022-12-13,2,143723660.0,16252642.0,61912.0
saanchitos,2021-05-21 12:28:47,16229596,19168,35092,132872880,0.12255214156568293,2021-05-21,2,132872880.0,16229596.0,19168.0
davidbeck,2021-01-29 03:10:37,16238220,103520,232384,199536557,0.08306309504979581,2021-01-29,2,199536557.0,16238220.0,103520.0
nelsonthedonkey,2021-02-18 15:37:00,16119025,173572,1473593,86753929,0.20478830417006244,2021-02-18,2,86753929.0,16119025.0,173572.0
edwarnyc,2021-03-23 21:50:30,16137085,46272,45827,155460259,0.10439442275726557,2021-03-23,1,155460259.0,16137085.0,46272.0
xmaas_,2023-11-09 02:13:52,16037996,80236,411959,135207628,0.12225782853020689,2023-11-09,2,135207628.0,16037996.0,80236.0
to_3050,2023-03-26 20:43:19,15974109,104086,1241138,155084941,0.11167643285236831,2023-03-26,1,155084941.0,15974109.0,104086.0
rebecamaedekaleb,2025-02-02 00:41:24,15901211,376451,1015949,165814674,0.10429481651304275,2025-02-02,1,165814674.0,15901211.0,376451.0
_ianstnr_,2023-06-08 16:17:53,15907103,193882,2018598,90548655,0.20010880338310932,2023-06-08,2,90548655.0,15907103.0,193882.0
alaskaelevated,2024-05-29 19:06:20,15749850,140475,4138660,276206367,0.07251456661750307,2024-05-29,1,276206367.0,15749850.0,140475.0
hrtsasa,2022-10-23 07:06:40,15833704,142406,241214,95683885,0.1694885612138345,2022-10-23,2,95683885.0,15833704.0,142406.0
sucodelaranjakkkj,2024-02-21 13:49:06,15674806,66645,345268,88100050,0.18259602576843031,2024-02-21,1,88100050.0,15674806.0,66645.0
lala_sadii,2021-07-15 18:51:40,15594076,120040,143395,70819652,0.22391399212184776,2021-07-15,2,70819652.0,15594076.0,120040.0
more_vizzy,2025-09-08 17:53:10,15487625,44476,809128,82664985,0.19768017861492385,2025-09-08,1,82664985.0,15487625.0,44476.0
melcalzina1,2021-08-20 14:54:55,15446975,200703,447446,113292527,0.14206695204177058,2021-08-20,1,113292527.0,15446975.0,200703.0
teoelate,2022-07-31 02:06:20,15347448,74556,370092,139036055,0.11358273938368,2022-07-31,1,139036055.0,15347448.0,74556.0
comeback.home,2023-06-12 16:14:55,15292617,79557,341286,108315580,0.14507109688190747,2023-06-12,2,108315580.0,15292617.0,79557.0
animeobsession911,2022-04-17 17:32:05,15319122,53367,96850,201964455,0.07659436409243399,2022-04-17,1,201964455.0,15319122.0,53367.0
valwho,2022-02-06 01:08:29,15277687,261353,391680,75673139,0.21052014242464556,2022-02-06,1,75673139.0,15277687.0,261353.0
haleynoel12,2021-11-01 04:20:41,15214254,49873,328165,71319280,0.218626604194546,2021-11-01,2,71319280.0,15214254.0,49873.0
girlwithedogs,2021-04-05 16:28:55,15170931,65730,190059,89114681,0.17311087047486598,2021-04-05,1,89114681.0,15170931.0,65730.0
davidbeck,2020-05-20 21:25:56,15168304,40305,90046,190865632,0.08015405832727392,2020-05-20,2,190865632.0,15168304.0,40305.0
lunathetortoise,2022-02-09 02:50:59,15116253,287967,422441,231158222,0.0684667880859544,2022-02-09,2,231158222.0,15116253.0,287967.0
gnb.official,2021-07-04 19:00:27,15212192,64163,307175,109659076,0.14210889393231801,2021-07-04,2,109659076.0,15212192.0,64163.0
k9arlo,2021-01-19 00:02:57,14877953,176918,405781,103446934,0.1494549079627628,2021-01-19,1,103446934.0,14877953.0,176918.0
hdpr.clipz,2025-06-25 09:16:20,14851222,77466,6302939,137014607,0.15495885778076202,2025-06-25,2,137014607.0,14851222.0,77466.0
canphongbeti,2023-07-22 01:55:45,14806297,37523,474825,180767877,0.08474207505352292,2023-07-22,1,180767877.0,14806297.0,37523.0
el.go33,2021-05-01 10:27:50,14804918,101403,57840,110278158,0.13569469486423594,2021-05-01,2,110278158.0,14804918.0,101403.0
blackbeardedsnowman,2025-03-28 15:54:12,14865689,34525,1182701,183237139,0.08777104405674005,2025-03-28,1,183237139.0,14865689.0,34525.0
rachelparkinson5,2025-07-11 11:25:11,14746364,73028,1351591,176031590,0.0918640966658314,2025-07-11,2,176031590.0,14746364.0,73028.0
jennyjvel,2023-11-04 18:37:15,14833058,70856,1016693,127791003,0.12458316020886072,2023-11-04,2,127791003.0,14833058.0,70856.0
suavexavier,2021-11-08 01:31:34,14576700,78993,264409,102167460,0.14603575345809713,2021-11-08,2,102167460.0,14576700.0,78993.0
taras.tolstikov,2021-05-01 11:11:16,14649280,85102,32285,170237370,0.08674163023077718,2021-05-01,2,170237370.0,14649280.0,85102.0
sly.ae,2024-03-27 18:35:37,14531168,58666,505743,81531446,0.18515036517321182,2024-03-27,2,81531446.0,14531168.0,58666.0
officialbigred0,2024-10-01 01:14:48,14659470,30801,408549,104607461,0.14433788809767595,2024-10-01,2,104607461.0,14659470.0,30801.0
chrislobanzo,2021-04-06 17:29:13,14500010,53614,203725,101249908,0.14575172749786597,2021-04-06,2,101249908.0,14500010.0,53614.0
diego_forn22,2021-07-20 17:19:00,14457542,104068,294606,112064396,0.13256856352485047,2021-07-20,1,112064396.0,14457542.0,104068.0
7.s040,2023-09-25 17:03:46,14520994,99005,880757,149413657,0.10374390341038237,2023-09-25,1,149413657.0,14520994.0,99005.0
origami.qa,2024-03-06 15:00:45,15047081,78324,187501,105857918,0.14465527274020257,2024-03-06,2,105857918.0,15047081.0,78324.0
alaskan.not.eskimo,2025-07-07 00:05:31,14563685,28932,1610603,132118270,0.12264178148866163,2025-07-07,3,132118270.0,14563685.0,28932.0
invisibledrax2,2023-04-28 19:45:17,14501706,217124,1359951,127640154,0.12596961454621874,2023-04-28,2,127640154.0,14501706.0,217124.0
shetlandhannah,2020-10-29 17:51:24,14420700,109741,508480,82271823,0.1827955240520196,2020-10-29,2,82271823.0,14420700.0,109741.0
ismos.edits,2024-03-12 16:00:00,14427260,104910,128249,80048352,0.18314454493704005,2024-03-12,2,80048352.0,14427260.0,104910.0
lil_stace,2021-10-26 12:27:38,14330028,63851,444725,84862230,0.17485522122150218,2021-10-26,2,84862230.0,14330028.0,63851.0
official.joemjj,2022-08-26 20:22:43,14304673,31129,79374,131343802,0.1097514749877577,2022-08-26,1,131343802.0,14304673.0,31129.0
aryanverma_001,2020-03-01 09:59:12,14260774,27828,197217,152473971,0.09500519272236964,2020-03-01,1,152473971.0,14260774.0,27828.0
mercuri_88,2021-07-21 14:56:20,14444910,109358,377807,130539554,0.11438736032451896,2021-07-21,2,130539554.0,14444910.0,109358.0
niksalad,2024-03-17 20:47:32,14318098,28096,184030,86407063,0.16816014218652472,2024-03-17,2,86407063.0,14318098.0,28096.0
urfavcolouredgirl,2024-03-06 14:21:43,14475964,111453,402320,199017177,0.07531881029545505,2024-03-06,1,199017177.0,14475964.0,111453.0
alaskaelevated,2024-02-21 21:06:41,14113426,41264,153484,113567972,0.12598775647768018,2024-02-21,1,113567972.0,14113426.0,41264.0
patriandcompany,2025-04-22 16:35:57,14058532,47322,4291064,112647485,0.16331405889798606,2025-04-22,1,112647485.0,14058532.0,47322.0
boneshandsanimals,2023-03-05 13:55:40,14058028,56525,1099159,129995534,0.11703257436520857,2023-03-05,1,129995534.0,14058028.0,56525.0
aspinallfreya,2024-03-07 20:12:20,14247364,48719,275387,87908694,0.16575687041830015,2024-03-07,2,87908694.0,14247364.0,48719.0
hunainmalik22,2020-05-23 03:30:48,13946211,162180,680892,79074585,0.18702953673421113,2020-05-23,2,79074585.0,13946211.0,162180.0
bogananimalwrangler,2022-01-23 09:07:18,13837259,118712,298677,80345573,0.1774167196492581,2022-01-23,2,80345573.0,13837259.0,118712.0
kaelimaee,2021-07-10 18:32:54,13866701,73837,141903,98354459,0.14318050389560885,2021-07-10,2,98354459.0,13866701.0,73837.0
talas_the_kangal,2024-04-10 17:19:58,14241678,267317,10056002,149360895,0.1644673928875426,2024-04-10,1,149360895.0,14241678.0,267317.0
soypau.laleon,2024-05-28 01:31:15,13889440,150753,634102,135194042,0.10854246816586784,2024-05-28,2,135194042.0,13889440.0,150753.0
nathangrayy,2020-12-11 18:04:35,13694757,161928,42971,152077407,0.09139855994519949,2020-12-11,2,152077407.0,13694757.0,161928.0
cooperr_._,2025-08-10 08:38:34,13794953,78989,3125249,82175001,0.20686572306826015,2025-08-10,2,82175001.0,13794953.0,78989.0
hidden.on.google.earth,2021-07-02 13:23:00,13664681,123594,357955,178105990,0.07942590813481343,2021-07-02,1,178105990.0,13664681.0,123594.0
dreamy_hairoill,2024-10-03 10:57:36,13609965,244956,621332,88816127,0.1629912662145243,2024-10-03,2,88816127.0,13609965.0,244956.0
sianapalm,2023-05-24 21:21:40,13846443,41435,701104,84444470,0.17276420824241068,2023-05-24,1,84444470.0,13846443.0,41435.0
saraq_1202,2025-09-11 15:05:22,14183322,96468,2012114,152932254,0.10653020258238004,2025-09-11,1,152932254.0,14183322.0,96468.0
ferrdiazzz_,2025-06-09 01:59:04,13506002,198479,4555399,135118994,0.13513925362706594,2025-06-09,1,135118994.0,13506002.0,198479.0
youngyosa,2020-08-26 00:41:34,13559145,117057,396725,68112493,0.20661300710282327,2020-08-26,1,68112493.0,13559145.0,117057.0
adore_hanya,2022-02-03 21:20:06,13472582,233079,546940,179034430,0.07960815693383669,2022-02-03,1,179034430.0,13472582.0,233079.0
xjolen,2023-06-02 18:20:38,13477219,75657,1794146,82868747,0.1851967425065568,2023-06-02,1,82868747.0,13477219.0,75657.0
po1ives,2023-07-28 14:54:10,13497290,86948,688610,84677286,0.16855580373702578,2023-07-28,1,84677286.0,13497290.0,86948.0
andie_melanie,2023-06-17 07:47:29,13383684,1263,1133258,163933847,0.08856136341386535,2023-06-17,1,163933847.0,13383684.0,1263.0
robertosny,2021-10-14 06:01:31,13330812,62807,88746,113857451,0.11841442858228049,2021-10-14,1,113857451.0,13330812.0,62807.0
aedamon_,2023-02-12 23:00:23,13260124,50030,115238,80843181,0.16606709228821662,2023-02-12,1,80843181.0,13260124.0,50030.0
teemunnelly,2024-04-21 03:03:25,13279972,41523,734623,109767661,0.12805336172736703,2024-04-21,1,109767661.0,13279972.0,41523.0
gianni_palumbo,2022-03-14 22:02:48,13240039,182289,905410,155594176,0.09208402504731282,2022-03-14,1,155594176.0,13240039.0,182289.0
prix..ae,2024-02-25 16:43:08,13384909,30660,174492,133022094,0.10216393827028464,2024-02-25,1,133022094.0,13384909.0,30660.0
kimberlykimpena,2025-09-14 22:46:34,13430584,34166,349680,144724727,0.0954531425718288,2025-09-14,2,144724727.0,13430584.0,34166.0
tiffani_stapleton,2022-04-04 16:37:17,13077796,97936,238009,93056891,0.1441455958377118,2022-04-04,1,93056891.0,13077796.0,97936.0
popatlantic,2025-10-17 04:00:38,13742021,28511,3001055,132498349,0.12657959232382587,2025-10-17,2,132498349.0,13742021.0,28511.0
just.emilym,2022-01-17 19:46:07,12870350,223966,759660,44334713,0.3124859745906103,2022-01-17,1,44334713.0,12870350.0,223966.0
abrameng,2020-07-22 00:44:44,12777798,107918,457850,96769737,0.13788986529952024,2020-07-22,1,96769737.0,12777798.0,107918.0
project.jdm,2022-03-10 15:14:33,12773142,131708,193039,92813684,0.14112023610656377,2022-03-10,1,92813684.0,12773142.0,131708.0
augusto777ruiz,2023-10-15 18:58:21,12732691,103028,2064511,198625174,0.07501682541005603,2023-10-15,1,198625174.0,12732691.0,103028.0
liamaefx,2023-03-13 20:48:35,12730425,137617,485916,154303167,0.08654364171281073,2023-03-13,1,154303167.0,12730425.0,137617.0
_agrandefamilia01,2023-04-05 16:19:59,12640576,46785,454287,119735555,0.10975560266956629,2023-04-05,1,119735555.0,12640576.0,46785.0
cars.voom,2023-05-24 19:42:38,12612475,62188,443538,190316092,0.06892849081831715,2023-05-24,1,190316092.0,12612475.0,62188.0
chinpals,2022-06-23 16:16:47,12610808,139316,587866,94127396,0.14170146595790242,2022-06-23,1,94127396.0,12610808.0,139316.0
margxx2,2021-04-26 14:53:49,12623947,108120,60520,61910120,0.2066315975481876,2021-04-26,1,61910120.0,12623947.0,108120.0
leeg11,2022-10-23 22:10:44,12634886,68009,422361,67295261,0.1950398260584798,2022-10-23,1,67295261.0,12634886.0,68009.0
ariannatroya_,2025-05-05 17:15:10,12587941,155699,8069553,195836224,0.10627856570600544,2025-05-05,1,195836224.0,12587941.0,155699.0
sosianey,2024-08-29 18:00:46,12609670,54863,1243807,106094347,0.13109407233544687,2024-08-29,1,106094347.0,12609670.0,54863.0
dittawiggles,2023-10-05 16:12:57,12590950,49095,877057,68194107,0.19821510383587837,2023-10-05,1,68194107.0,12590950.0,49095.0
jonatan_ulises_,2023-03-03 01:03:07,12608507,50663,1403121,105761150,0.1329627278069499,2023-03-03,1,105761150.0,12608507.0,50663.0
seanthesheepman,2023-01-11 12:11:53,12556623,118916,782644,115112880,0.11691292060454052,2023-01-11,1,115112880.0,12556623.0,118916.0
sandracol326,2023-01-05 17:26:32,12527023,66878,668717,119389348,0.11108711306472668,2023-01-05,1,119389348.0,12527023.0,66878.0
hinzmanfam_,2021-11-22 21:55:38,12508880,158983,373129,94147040,0.1385172810531271,2021-11-22,1,94147040.0,12508880.0,158983.0
lyssmj.w,2023-04-08 02:04:51,12509962,40098,685724,60135630,0.22009886651224905,2023-04-08,1,60135630.0,12509962.0,40098.0
paulee.jpg,2022-08-24 21:02:11,13223859,28992,73482,73215755,0.18201455410792391,2022-08-24,1,73215755.0,13223859.0,28992.0
shokshooter,2021-01-03 23:54:12,12435335,210414,249675,77240016,0.16695263242824807,2021-01-03,1,77240016.0,12435335.0,210414.0
_jomar27_,2021-12-24 21:05:34,12523978,101538,344682,74449555,0.17421458059756031,2021-12-24,1,74449555.0,12523978.0,101538.0
pet_babylover188,2025-05-26 01:03:29,12973791,145138,1984850,115207458,0.1311007053032973,2025-05-26,1,115207458.0,12973791.0,145138.0
gangrottie,2021-03-28 12:53:17,12447896,72439,316415,90282093,0.14218489595716396,2021-03-28,1,90282093.0,12447896.0,72439.0
n0gitsxne,2022-11-23 16:06:35,12428425,61614,427037,145966343,0.088493523469311,2022-11-23,1,145966343.0,12428425.0,61614.0
its_zach_727,2025-02-05 23:37:15,12486926,47772,2020369,55992836,0.25994516512791027,2025-02-05,1,55992836.0,12486926.0,47772.0
idkreco1,2020-10-05 18:18:44,12344359,178677,670421,74352587,0.17744449160861073,2020-10-05,1,74352587.0,12344359.0,178677.0
911pxrsche,2024-05-20 06:34:45,12390363,29527,999281,81008628,0.16565113286451413,2024-05-20,1,81008628.0,12390363.0,29527.0
pigpong,2022-01-29 08:01:47,12328394,62357,164589,113347129,0.11076892825401868,2022-01-29,1,113347129.0,12328394.0,62357.0
officialshaquanparson,2022-05-09 22:28:09,12338563,65119,90301,73361979,0.1703059700720451,2022-05-09,1,73361979.0,12338563.0,65119.0
rfwww,2023-10-27 22:34:12,12363558,65381,84461,145556944,0.08596910361074907,2023-10-27,1,145556944.0,12363558.0,65381.0
jonbezrouch,2021-01-08 23:46:07,12295582,54240,145322,97756801,0.12781866706133316,2021-01-08,1,97756801.0,12295582.0,54240.0
no_gray_,2022-02-25 20:30:53,12259951,326368,477878,136418153,0.0957658252417477,2022-02-25,1,136418153.0,12259951.0,326368.0
dada_ahoufe_,2023-06-21 18:08:11,12574346,615344,8411789,456965303,0.04727159558545302,2023-06-21,1,456965303.0,12574346.0,615344.0
kennedylamiress,2022-10-09 04:13:48,12324634,84101,90396,116296235,0.10747666078785784,2022-10-09,1,116296235.0,12324634.0,84101.0
mjhub_777,2023-09-02 14:42:00,12804774,102444,321981,122650651,0.10786081355573074,2023-09-02,1,122650651.0,12804774.0,102444.0
cctemplatessz,2023-05-19 19:19:05,12229925,19149,636254,120180172,0.10721675452419889,2023-05-19,1,120180172.0,12229925.0,19149.0
user2624781397131,2022-09-16 19:14:29,12295448,45653,25045,72069970,0.17158528024918007,2022-09-16,1,72069970.0,12295448.0,45653.0
thesavbananas,2022-04-10 01:27:28,12183392,30591,208207,94853400,0.1309619897652588,2022-04-10,1,94853400.0,12183392.0,30591.0
insidemagic15,2024-07-08 15:12:33,12196781,46228,1574877,146808865,0.09412160498618391,2024-07-08,1,146808865.0,12196781.0,46228.0
user541293785,2020-12-28 11:52:02,12181470,113078,79273,82718838,0.1495889122620412,2020-12-28,1,82718838.0,12181470.0,113078.0
lamogliarx,2023-03-26 19:42:09,12223083,18364,92917,96178431,0.1282445957139808,2023-03-26,1,96178431.0,12223083.0,18364.0
kapiushon.ae,2025-09-16 21:03:38,12895201,45597,957292,62308560,0.22305265921728892,2025-09-16,1,62308560.0,12895201.0,45597.0
habuj.co,2022-01-31 06:14:27,12144920,25519,22876,88427975,0.13788979109834867,2022-01-31,1,88427975.0,12144920.0,25519.0
gabrielerossi_piano,2022-10-26 12:44:51,12127598,52615,100774,79835604,0.15382844726771278,2022-10-26,1,79835604.0,12127598.0,52615.0
lunacamila___,2022-11-01 17:30:34,12060871,84936,222531,61148107,0.2022685346579903,2022-11-01,1,61148107.0,12060871.0,84936.0
tightlinezaus,2023-06-22 09:37:38,12052653,145036,1615162,161094359,0.08574385276892284,2023-06-22,1,161094359.0,12052653.0,145036.0
thesavbananas,2023-02-19 02:48:31,12042748,42044,514286,84926393,0.14835291544761592,2023-02-19,1,84926393.0,12042748.0,42044.0
banet_el_hachem,2023-10-30 15:38:04,12039231,45687,91213,115038956,0.10584354572897897,2023-10-30,1,115038956.0,12039231.0,45687.0
yangsides,2023-03-03 14:55:00,12298920,58993,434937,86410097,0.1480480921112726,2023-03-03,1,86410097.0,12298920.0,58993.0
subwaysurfers,2025-09-25 17:58:10,12198689,33213,1943727,88875201,0.159500387515298,2025-09-25,1,88875201.0,12198689.0,33213.0
suavexavier,2022-03-09 23:58:18,11995990,51056,327780,155008626,0.07983314425353334,2022-03-09,1,155008626.0,11995990.0,51056.0
my4c0re,2025-02-24 22:08:39,11973026,12271,397434,72160850,0.1715990180270881,2025-02-24,1,72160850.0,11973026.0,12271.0
thefurrhafamily,2021-07-26 18:31:06,11960295,21715,68052,85820366,0.14041028443062104,2021-07-26,1,85820366.0,11960295.0,21715.0
aggythegift2.0,2024-05-31 21:28:25,12181319,38498,233411,114415805,0.10884185100126682,2024-05-31,1,114415805.0,12181319.0,38498.0
okay_really_official,2022-02-04 09:35:17,11938070,101175,1611741,267304720,0.051069004692472324,2022-02-04,1,267304720.0,11938070.0,101175.0
nizzythakidd,2022-04-04 17:47:33,23833310,148355,286334,129480757,0.18742552609574256,2022-04-04,1,129480757.0,23833310.0,148355.0
eze.see,2024-04-12 01:16:46,11936307,90976,1535030,66784072,0.20307706005108522,2024-04-12,1,66784072.0,11936307.0,90976.0
sillylifter06,2024-07-20 13:33:02,11996716,25395,351989,68379175,0.18096299055962578,2024-07-20,1,68379175.0,11996716.0,25395.0
carrosseriereparation,2023-04-03 21:44:31,11880533,13774,550182,334370326,0.037217683605093595,2023-04-03,1,334370326.0,11880533.0,13774.0
yllpr,2025-05-13 13:32:49,12010484,74849,869235,74171040,0.1746580336476339,2025-05-13,1,74171040.0,12010484.0,74849.0
sooshimango,2023-12-24 06:40:54,11894049,99429,619538,102090782,0.12354706030168326,2023-12-24,1,102090782.0,11894049.0,99429.0
user7598230080669,2024-09-08 09:03:59,11809140,48540,491158,124771852,0.0989713449151977,2024-09-08,1,124771852.0,11809140.0,48540.0
hreview45,2020-11-05 20:59:22,11812295,113540,564825,60281525,0.20720544146817785,2020-11-05,1,60281525.0,11812295.0,113540.0
g.t.detailing,2021-07-06 02:36:20,11811637,154543,400259,122123584,0.10126167767889943,2021-07-06,1,122123584.0,11811637.0,154543.0
sergio_gh1,2024-10-21 19:24:23,11827248,68577,2878426,115153651,0.1283003263179211,2024-10-21,1,115153651.0,11827248.0,68577.0
goprogabe,2023-05-13 01:04:47,11837490,64246,774668,99639711,0.12722240834279416,2023-05-13,1,99639711.0,11837490.0,64246.0
noor_cr.7,2025-05-27 20:34:06,11881709,125629,714573,101750057,0.1250309962971323,2025-05-27,1,101750057.0,11881709.0,125629.0
bentlinixole,2022-11-28 17:49:26,11794501,41263,483291,60073747,0.20506553386789741,2022-11-28,1,60073747.0,11794501.0,41263.0
this.tourettes.guy,2021-01-26 16:06:56,11700370,173142,779276,75863347,0.16678394113035905,2021-01-26,1,75863347.0,11700370.0,173142.0
idchenn,2025-08-25 09:01:43,12018458,69117,1859527,127879546,0.10906436905867652,2025-08-25,1,127879546.0,12018458.0,69117.0
momazos_cecyt1,2025-09-10 00:34:04,12034159,39401,930869,115617094,0.11247842814661992,2025-09-10,1,115617094.0,12034159.0,39401.0
gaston_english_bulldog,2021-04-27 18:26:11,11645852,122212,637477,54550066,0.2274156918526918,2021-04-27,1,54550066.0,11645852.0,122212.0
theravetwins,2025-08-17 07:19:33,11837641,86364,2350885,106596181,0.13391558558744238,2025-08-17,1,106596181.0,11837641.0,86364.0
s0cs0,2023-01-11 17:34:30,11693349,15609,191253,143302364,0.0830426705312412,2023-01-11,1,143302364.0,11693349.0,15609.0
thefunnybabies,2023-05-12 14:16:27,11614882,26546,1094525,167319196,0.0761177037929348,2023-05-12,1,167319196.0,11614882.0,26546.0
lexnotalexis,2020-04-30 20:43:11,11611590,73482,239087,55282044,0.2156967821233238,2020-04-30,1,55282044.0,11611590.0,73482.0
alaskaelevated,2023-09-23 17:49:29,11625408,75951,983060,87551338,0.14487978470414695,2023-09-23,1,87551338.0,11625408.0,75951.0
elindiio,2023-03-23 01:10:08,11621113,44309,880661,162878826,0.07702709620463498,2023-03-23,1,162878826.0,11621113.0,44309.0
georgieanthonyyy,2021-02-03 15:38:20,11628519,293323,588457,52421297,0.23864916963042712,2021-02-03,1,52421297.0,11628519.0,293323.0
jeandrejvrr,2022-02-14 17:29:58,11640647,36545,52922,96191491,0.12194544317854476,2022-02-14,1,96191491.0,11640647.0,36545.0
nizzythakidd,2022-04-10 17:41:12,23178227,272253,469276,112241183,0.21311033402062415,2022-04-10,1,112241183.0,23178227.0,272253.0
janniebeck0,2024-01-21 12:08:58,11585983,73551,310239,77606026,0.15423767479087255,2024-01-21,1,77606026.0,11585983.0,73551.0
catcamfamily,2021-01-20 21:07:02,11573441,87665,406421,71181409,0.1695320051897259,2021-01-20,1,71181409.0,11573441.0,87665.0
.epic_moments_,2021-04-27 14:39:16,11533106,32521,115481,111809395,0.104473403151855,2021-04-27,1,111809395.0,11533106.0,32521.0
kennedylamiress,2022-05-24 05:06:36,11534128,71748,69270,97668350,0.11953868371893249,2022-05-24,1,97668350.0,11534128.0,71748.0
winterpomsky,2021-05-23 03:36:32,11508911,65587,435191,88922380,0.13505811472882304,2021-05-23,1,88922380.0,11508911.0,65587.0
dinhphatmakeup,2024-04-09 03:26:04,11525703,39425,202419,143227947,0.08215957322909893,2024-04-09,1,143227947.0,11525703.0,39425.0
ethbnn,2022-09-23 17:54:38,11472115,32314,142947,93451157,0.12463597427691558,2022-09-23,1,93451157.0,11472115.0,32314.0
macrofying,2020-08-01 16:01:25,11462610,83993,150375,130894735,0.0893617149689023,2020-08-01,1,130894735.0,11462610.0,83993.0
pearlkosi,2024-07-10 14:35:08,11501867,65102,2356338,64586996,0.21557446331766228,2024-07-10,1,64586996.0,11501867.0,65102.0
danfart,2021-07-22 22:07:24,11480029,50438,137797,58597578,0.1991253631677405,2021-07-22,1,58597578.0,11480029.0,50438.0
dogzinblanketz,2024-12-13 17:23:55,11533687,71352,1196748,147951578,0.08652687029806468,2024-12-13,1,147951578.0,11533687.0,71352.0
ellemenohp,2020-11-17 06:02:52,11391780,36884,36264,59956455,0.1912209119101521,2020-11-17,1,59956455.0,11391780.0,36884.0
mdmotivator,2023-02-13 07:03:47,11363815,44160,188819,63236289,0.18338827567822646,2023-02-13,1,63236289.0,11363815.0,44160.0
wsb.shenanigans,2022-04-15 21:40:12,11354411,84978,359585,94123032,0.12535692645345298,2022-04-15,1,94123032.0,11354411.0,84978.0
brodiepawson,2020-11-27 05:15:29,11341478,109934,304660,199334616,0.05897657033136683,2020-11-27,1,199334616.0,11341478.0,109934.0
blacksmile044,2022-02-05 10:52:38,11327504,33461,171515,84895738,0.13584286174648721,2022-02-05,1,84895738.0,11327504.0,33461.0
randomoments_,2023-04-03 08:20:29,11314750,40720,104765,137874878,0.08312054499152485,2023-04-03,1,137874878.0,11314750.0,40720.0
gidione_g12,2025-07-08 20:35:12,11341064,65527,835060,58303445,0.20996445407299688,2025-07-08,1,58303445.0,11341064.0,65527.0
samuelgrubbs,2020-04-28 19:05:20,11362594,49075,196856,85023775,0.13653269335547616,2020-04-28,1,85023775.0,11362594.0,49075.0
eluvskpop,2025-03-22 14:53:07,11323337,198334,945472,50976904,0.24456453848197607,2025-03-22,1,50976904.0,11323337.0,198334.0
asiyaaaa2.0,2025-10-27 07:18:10,15507427,142221,7488315,142928382,0.16188501315295095,2025-10-27,2,142928382.0,15507427.0,142221.0
ouzzlefou2,2025-09-28 20:03:04,11329552,132222,2873046,249074741,0.057552283071529924,2025-09-28,1,249074741.0,11329552.0,132222.0
jo_stereo,2020-09-08 14:08:36,11236100,55495,70008,117132065,0.09699823016011884,2020-09-08,1,117132065.0,11236100.0,55495.0
aaron.vankampen,2021-06-23 20:36:09,11316044,23279,42838,62683705,0.18158085901272109,2021-06-23,2,62683705.0,11316044.0,23279.0
itstotallynotmaggie,2025-04-14 03:33:23,11348179,67481,275997,82714080,0.14135026346179513,2025-04-14,1,82714080.0,11348179.0,67481.0
_im_josephine295,2024-04-17 11:44:54,11179158,33772,598192,157434964,0.07502222949661931,2024-04-17,1,157434964.0,11179158.0,33772.0
safariaitana,2022-07-29 13:27:52,11393158,96052,236471,69219987,0.16939733028265377,2022-07-29,1,69219987.0,11393158.0,96052.0
livvylouu2,2024-03-13 06:42:50,11298790,112183,713012,60898661,0.19908459071045914,2024-03-13,1,60898661.0,11298790.0,112183.0
bek_yeral,2024-09-29 01:01:34,11102025,40245,2223411,122927575,0.10872809457113264,2024-09-29,1,122927575.0,11102025.0,40245.0
brittanylarsenn_,2025-07-15 02:24:55,11220913,56160,2404738,65900277,0.2076138617748147,2025-07-15,1,65900277.0,11220913.0,56160.0
dailysombr,2025-06-10 20:53:13,11173355,21735,386336,72673412,0.15936262907265178,2025-06-10,1,72673412.0,11173355.0,21735.0
morganwickam0,2025-05-26 19:16:33,11119128,67994,2793783,97231957,0.14378919679668692,2025-05-26,1,97231957.0,11119128.0,67994.0
akramadinas,2020-11-25 00:16:28,11056176,91449,121858,52750796,0.21363626437030447,2020-11-25,1,52750796.0,11056176.0,91449.0
yourcrystalshop,2020-10-08 01:02:44,11169888,160885,1032336,71407928,0.1731335629847711,2020-10-08,1,71407928.0,11169888.0,160885.0
jananiselvaradj,2022-01-02 21:19:40,11061572,35061,40609,64385548,0.17297735821088298,2022-01-02,1,64385548.0,11061572.0,35061.0
ricoanimations0,2023-07-11 14:24:52,11037807,108013,2992362,82737898,0.17087915383105334,2023-07-11,1,82737898.0,11037807.0,108013.0
michaeljacksoncolombia,2021-02-20 23:39:31,11056225,290227,684324,87120941,0.13809281513614505,2021-02-20,1,87120941.0,11056225.0,290227.0
nimbus_siberian,2023-03-27 01:00:47,11042393,44887,1265846,85354880,0.1447266518329122,2023-03-27,1,85354880.0,11042393.0,44887.0
its.appie,2021-05-26 16:29:19,10987842,34790,80688,126709167,0.08762838761302882,2021-05-26,1,126709167.0,10987842.0,34790.0
haleyandthepets,2025-07-23 22:32:27,11009775,46538,2841677,52405115,0.2652029291415542,2025-07-23,1,52405115.0,11009775.0,46538.0
goatdaddys,2022-03-16 11:47:14,10910797,59501,181483,93071557,0.11981943097825257,2022-03-16,1,93071557.0,10910797.0,59501.0
theowisseh_,2021-06-16 22:37:47,10934240,60265,632228,68069888,0.17080581945426443,2021-06-16,1,68069888.0,10934240.0,60265.0
erikguzon,2021-02-22 19:48:53,10913329,59750,389550,135585127,0.08380439102291802,2021-02-22,1,135585127.0,10913329.0,59750.0
.layla_m4083,2023-03-15 00:45:57,11128193,64086,1266351,72460711,0.17193634768502342,2023-03-15,1,72460711.0,11128193.0,64086.0
twostep615,2025-10-10 17:31:03,14253149,81662,3903313,212078307,0.08599712180840825,2025-10-10,2,212078307.0,14253149.0,81662.0
daeandemily,2022-11-27 02:15:22,10929795,26162,395611,73443786,0.15456131305649193,2022-11-27,1,73443786.0,10929795.0,26162.0
hallie.1775,2024-05-29 19:49:57,10841692,42438,2659931,87781868,0.15429223948617726,2024-05-29,1,87781868.0,10841692.0,42438.0
absolutefy,2024-08-12 11:11:02,10825910,22764,83317,103610624,0.10551032874775466,2024-08-12,1,103610624.0,10825910.0,22764.0
alexbiron,2020-11-09 20:24:53,10829590,40421,66709,46393332,0.23573904974102744,2020-11-09,1,46393332.0,10829590.0,40421.0
worldoffarts,2023-09-03 12:36:43,10830840,34813,1381219,87250446,0.14036457762061183,2023-09-03,1,87250446.0,10830840.0,34813.0
ehculo,2024-08-12 11:00:20,10775610,36254,2724270,158048235,0.085645587880181,2024-08-12,1,158048235.0,10775610.0,36254.0
sarahnew,2021-02-02 00:17:05,10730189,155291,100455,54204505,0.20267568166151503,2021-02-02,1,54204505.0,10730189.0,155291.0
amarianiyaa,2025-05-14 02:12:10,21405430,110464,2498885,114894289,0.20901629845152703,2025-05-14,1,114894289.0,21405430.0,110464.0
spider_pk,2025-05-24 13:26:35,10705001,23214,983139,51477718,0.22750336368834376,2025-05-24,1,51477718.0,10705001.0,23214.0
imanthonyvargas,2021-12-01 02:33:39,10703618,63353,349504,76630576,0.145065789405002,2021-12-01,1,76630576.0,10703618.0,63353.0
cs99tv,2020-12-15 02:10:30,10627625,14668,21262,113034042,0.09433932301562745,2020-12-15,1,113034042.0,10627625.0,14668.0
cheyenny,2023-06-16 17:36:08,10666689,65978,727623,68196673,0.16804764068182623,2023-06-16,1,68196673.0,10666689.0,65978.0
liceladyrachel,2021-08-07 01:17:59,10711921,292239,658289,108928477,0.10706519838701133,2021-08-07,1,108928477.0,10711921.0,292239.0
diego_forn22,2021-07-04 15:37:24,10561199,79709,180934,84532975,0.12801917831473458,2021-07-04,1,84532975.0,10561199.0,79709.0
joshuamonis,2021-03-15 11:08:54,10548354,51541,84102,106830023,0.10000931105294249,2021-03-15,1,106830023.0,10548354.0,51541.0
gregsabbak,2021-03-08 22:56:27,10518655,133499,132130,47165831,0.22864611459935902,2021-03-08,1,47165831.0,10518655.0,133499.0
_marianazambrano,2025-05-08 02:01:15,10530338,67876,144190,121472309,0.08843500291082801,2025-05-08,1,121472309.0,10530338.0,67876.0
savanahmosss,2021-11-10 21:13:51,10548434,93692,186687,64234505,0.16858249316313717,2021-11-10,1,64234505.0,10548434.0,93692.0
thosesuperdogs,2022-12-17 23:14:26,10520161,56162,992751,39664217,0.2916753405216596,2022-12-17,1,39664217.0,10520161.0,56162.0
suspuria,2022-12-05 23:40:28,10834732,39359,160632,88625474,0.12450960770037743,2022-12-05,1,88625474.0,10834732.0,39359.0
ricosnappin,2023-09-05 04:56:58,10538138,45305,1723098,69956012,0.17591827561582557,2023-09-05,1,69956012.0,10538138.0,45305.0
sierraelizabeth_ong,2025-10-19 08:01:01,11356189,62504,3974492,178960207,0.08601456859065881,2025-10-19,1,178960207.0,11356189.0,62504.0
kokoandsymba,2021-01-07 02:30:02,10488448,86610,223059,70687249,0.15275904993841252,2021-01-07,1,70687249.0,10488448.0,86610.0
noguidnce,2022-02-01 16:26:59,10535444,68381,66356,59519694,0.17927143577048632,2022-02-01,1,59519694.0,10535444.0,68381.0
issaoffiziell,2022-11-17 16:24:05,10475416,61625,503309,100461952,0.10989583399693448,2022-11-17,1,100461952.0,10475416.0,61625.0
steff_tay,2022-12-02 16:49:17,10506425,82723,1840254,81710902,0.15211436535114983,2022-12-02,1,81710902.0,10506425.0,82723.0
youngyosa,2020-06-21 18:50:17,10445225,73528,365255,53495105,0.2034580173270059,2020-06-21,1,53495105.0,10445225.0,73528.0
the_professional9,2022-04-05 03:42:04,10422003,44223,106239,55852305,0.1892932619343105,2022-04-05,1,55852305.0,10422003.0,44223.0
natara.daigle,2023-04-26 03:37:22,10462724,14071,98322,80370862,0.1315789918988302,2023-04-26,1,80370862.0,10462724.0,14071.0
savanahmosss,2022-01-31 21:31:34,10416355,38318,45396,57392746,0.18295115204977297,2022-01-31,1,57392746.0,10416355.0,38318.0
areqaep,2025-08-25 20:58:00,11073716,60361,675843,70812690,0.16677688702406307,2025-08-25,1,70812690.0,11073716.0,60361.0
kylo_the_wolfdog,2024-04-20 20:53:10,10492965,22522,607406,53018250,0.2097936653888048,2024-04-20,1,53018250.0,10492965.0,22522.0
whisperpine,2020-10-10 20:48:03,10305574,40694,229429,79747320,0.1326150772214038,2020-10-10,1,79747320.0,10305574.0,40694.0
arshsoni,2020-01-14 17:16:04,10298503,12899,41241,117153270,0.08836836564613178,2020-01-14,1,117153270.0,10298503.0,12899.0
twatdiddles,2025-06-29 01:38:26,10271576,54740,2560908,86808380,0.14845599007837723,2025-06-29,1,86808380.0,10271576.0,54740.0
beautybyalicedimplz,2024-03-16 17:14:43,10337738,116672,226881,164481482,0.06493917047756172,2024-03-16,1,164481482.0,10337738.0,116672.0
say.axl,2024-04-18 23:15:40,10295130,43060,1637848,64755687,0.18494187236404425,2024-04-18,1,64755687.0,10295130.0,43060.0
cattok886,2025-09-04 11:00:47,10391364,18140,1699582,41281933,0.2933265261585498,2025-09-04,1,41281933.0,10391364.0,18140.0
johao_monge,2023-05-12 18:40:07,10383559,57757,990334,51663456,0.221271492174275,2023-05-12,1,51663456.0,10383559.0,57757.0
ricoanimations0,2023-04-18 14:00:51,10250777,36976,725697,122563305,0.08985927721188654,2023-04-18,1,122563305.0,10250777.0,36976.0
o_terror2,2023-11-30 12:47:53,10293314,37346,54504,72472991,0.14329702495651103,2023-11-30,1,72472991.0,10293314.0,37346.0
thecarlinfamily,2022-02-02 02:37:35,10217151,69431,282416,64642854,0.1634983195512995,2022-02-02,1,64642854.0,10217151.0,69431.0
pirikompilia,2024-09-30 18:17:13,10276674,36779,2871921,84272333,0.15646148066174934,2024-09-30,1,84272333.0,10276674.0,36779.0
timmy__fitz,2022-11-29 00:37:57,10162851,49053,329950,65865732,0.1600506618525093,2022-11-29,1,65865732.0,10162851.0,49053.0
hreview45,2020-11-07 17:09:13,10159904,49784,316031,53110549,0.19818509125183398,2020-11-07,1,53110549.0,10159904.0,49784.0
adamthedunker,2025-07-04 13:10:57,10172970,64172,918300,113548543,0.0982438145419444,2025-07-04,1,113548543.0,10172970.0,64172.0
chettopuffs.yum,2024-11-24 09:35:48,10258610,23238,238951,47861693,0.2198166913986933,2024-11-24,1,47861693.0,10258610.0,23238.0
jessgaciaa,2024-08-11 18:45:39,10187914,30131,350069,85617938,0.12343340948014889,2024-08-11,1,85617938.0,10187914.0,30131.0
karenrdz1805,2023-10-27 07:25:47,10115617,89584,305693,71414725,0.14718104704596985,2023-10-27,1,71414725.0,10115617.0,89584.0
smoovestevo,2023-09-29 22:37:05,10097361,37108,133506,95131917,0.10793407011865429,2023-09-29,1,95131917.0,10097361.0,37108.0
jordi.koalitic,2019-12-04 16:50:06,10070962,14828,266759,92961786,0.11136349080040266,2019-12-04,1,92961786.0,10070962.0,14828.0
bokyart_,2024-09-13 14:13:56,10170707,36450,548392,59290141,0.18140535371639613,2024-09-13,1,59290141.0,10170707.0,36450.0
ishowspedclipsss,2022-09-16 22:11:14,10071159,38925,24018,64474307,0.15718047190487833,2022-09-16,1,64474307.0,10071159.0,38925.0
aedamon_,2022-05-21 22:00:29,10056193,104403,55146,58785750,0.17377922370642546,2022-05-21,1,58785750.0,10056193.0,104403.0
0mowanai,2021-06-22 18:06:11,10119363,113892,154523,72039079,0.14419642982942632,2021-06-22,1,72039079.0,10119363.0,113892.0
pelonesconshampoo0,2023-07-28 05:01:51,10062430,121640,2089102,87426825,0.14038222250436294,2023-07-28,1,87426825.0,10062430.0,121640.0
dazumno,2024-01-17 20:26:57,10152109,41305,211584,61557191,0.16902977265483085,2024-01-17,1,61557191.0,10152109.0,41305.0
prachi256,2019-12-15 00:21:03,10019714,22305,332366,160776008,0.06452694732910647,2019-12-15,1,160776008.0,10019714.0,22305.0
fernandosplanes,2020-05-27 15:02:13,10003726,25973,2079192,160906259,0.07525431934875822,2020-05-27,1,160906259.0,10003726.0,25973.0
gopihenna,2020-08-09 04:53:16,9918039,39327,50578,40818623,0.2451808332681874,2020-08-09,1,40818623.0,9918039.0,39327.0
ashleyogimaabiik51,2021-05-28 22:35:49,9908921,97949,881905,84837686,0.128348326237941,2021-05-28,1,84837686.0,9908921.0,97949.0
coref1lmz,2025-05-19 21:04:56,10035133,20648,1637530,54674240,0.21387240133561986,2025-05-19,1,54674240.0,10035133.0,20648.0
drtom83,2022-01-26 16:08:13,9896705,84791,135238,65586735,0.15424969698522117,2022-01-26,1,65586735.0,9896705.0,84791.0
hugomckay,2023-01-21 22:12:51,10027626,84753,706832,65244230,0.16582632671118963,2023-01-21,1,65244230.0,10027626.0,84753.0
iammarcohall,2021-01-13 22:10:42,9937846,84326,264914,63652831,0.16161238767212097,2021-01-13,1,63652831.0,9937846.0,84326.0
gurobelly,2021-04-17 11:17:40,10394271,45322,11465,139558151,0.0748867617198511,2021-04-17,1,139558151.0,10394271.0,45322.0
mathildaairlinesofficial,2022-12-24 18:01:07,9883036,91559,1421026,69467194,0.16404320289660757,2022-12-24,1,69467194.0,9883036.0,91559.0
darkskindiing,2021-10-12 01:17:06,9845711,35561,143477,60873922,0.1646805178743042,2021-10-12,1,60873922.0,9845711.0,35561.0
laurayaki08,2024-05-31 18:39:52,9868913,24958,1197930,44862773,0.24723841747365907,2024-05-31,1,44862773.0,9868913.0,24958.0
charlottetann,2023-11-12 18:35:09,9827725,102569,429055,45236737,0.22900301142409984,2023-11-12,1,45236737.0,9827725.0,102569.0
kapsalonfreedomboxmeer,2021-04-17 11:31:48,9823225,59738,62142,158663113,0.06268063705519253,2021-04-17,1,158663113.0,9823225.0,59738.0
preppyclaws,2022-07-20 02:23:15,9874035,108542,197831,72685810,0.1400604602191267,2022-07-20,1,72685810.0,9874035.0,108542.0
jazooey,2024-05-18 11:59:07,9836779,38438,2388678,64693941,0.18956790713986646,2024-05-18,1,64693941.0,9836779.0,38438.0
memezar,2020-07-28 17:36:36,9813461,84220,717661,57048699,0.18607509349161494,2020-07-28,1,57048699.0,9813461.0,84220.0
anthonyshak0,2024-12-18 09:55:19,9863023,109698,1396342,145005709,0.0784042440701421,2024-12-18,1,145005709.0,9863023.0,109698.0
o_terror2,2023-11-21 15:14:42,9831725,23666,23856,80880448,0.12214629424406749,2023-11-21,1,80880448.0,9831725.0,23666.0
kardahiansclips,2022-02-12 18:47:26,9824650,17780,87405,44247501,0.22441572463041473,2022-02-12,1,44247501.0,9824650.0,17780.0
cordonsangels,2024-09-30 21:52:08,9825359,32448,385057,75453294,0.13575105150478917,2024-09-30,1,75453294.0,9825359.0,32448.0
elparcheoficial,2022-01-05 14:18:48,9742447,21067,41892,89336514,0.10975809958288724,2022-01-05,1,89336514.0,9742447.0,21067.0
_video_2006,2022-07-13 19:33:26,9735350,72147,38113,70052746,0.14054566825974246,2022-07-13,1,70052746.0,9735350.0,72147.0
kamashvenujagunasekera,2021-05-03 10:34:02,9713073,67630,384021,53009770,0.19175189781053567,2021-05-03,1,53009770.0,9713073.0,67630.0
bsmeditx20,2022-12-05 17:19:00,9714388,13211,50721,135692848,0.0720621620381938,2022-12-05,1,135692848.0,9714388.0,13211.0
filmymantra,2025-02-17 07:36:25,10038478,83135,428392,64788281,0.16283816821748984,2025-02-17,1,64788281.0,10038478.0,83135.0
chrislobanzo,2021-04-04 17:45:41,9715219,30812,161031,58657638,0.16889636776714398,2021-04-04,1,58657638.0,9715219.0,30812.0
jonnyb0y123,2024-06-18 11:23:06,9745820,60902,407379,75766140,0.13481089309815705,2024-06-18,1,75766140.0,9745820.0,60902.0
redjacksonofficial,2025-09-26 01:29:51,9708516,44181,3619191,72935254,0.18333915722018326,2025-09-26,1,72935254.0,9708516.0,44181.0
tikanni.kita.n.tehya,2023-01-20 16:39:27,9805707,43614,1565989,46770839,0.24406895929320405,2023-01-20,1,46770839.0,9805707.0,43614.0
ufcplayer_,2023-07-23 07:42:15,9689080,18046,442041,55952277,0.18138970465848958,2023-07-23,1,55952277.0,9689080.0,18046.0
sgmcars,2023-04-09 23:18:51,10042064,49817,679386,95360526,0.11295309969242409,2023-04-09,1,95360526.0,10042064.0,49817.0
alex.stemp,2021-05-02 05:26:29,9632101,55311,62497,98595541,0.09888793043896377,2021-05-02,1,98595541.0,9632101.0,55311.0
lamogliarx,2023-04-23 19:52:08,9665716,49365,247625,58042120,0.17164614249100482,2023-04-23,1,58042120.0,9665716.0,49365.0
the.vibevalut6,2025-09-17 03:30:29,10921819,18120,458852,66576913,0.17121236906853882,2025-09-17,1,66576913.0,10921819.0,18120.0
zo3y_0,2023-06-02 00:03:34,9631389,80906,1264989,49375367,0.22232308673270215,2023-06-02,1,49375367.0,9631389.0,80906.0
ladbibleireland,2022-10-27 12:18:38,9574286,153470,438114,122750030,0.08281765796717117,2022-10-27,1,122750030.0,9574286.0,153470.0
jonas.josten,2024-07-21 02:25:09,9751616,28623,570205,62160173,0.16651247093536886,2024-07-21,1,62160173.0,9751616.0,28623.0
rickazas,2019-10-22 16:30:40,9552151,74107,801794,89879814,0.11602218046423639,2019-10-22,1,89879814.0,9552151.0,74107.0
surely.satire,2024-08-25 02:30:30,9548700,24160,2218030,46759065,0.25216265551930944,2024-08-25,1,46759065.0,9548700.0,24160.0
angelrai07,2020-02-02 13:08:08,9536210,110354,577934,236762654,0.04318458940741558,2020-02-02,1,236762654.0,9536210.0,110354.0
callme_manny,2023-02-27 22:10:57,9560920,30086,433216,57589172,0.17406435362536554,2023-02-27,1,57589172.0,9560920.0,30086.0
lorigreiner,2021-10-07 18:00:34,9536809,113241,139598,79361626,0.12335493226915487,2021-10-07,1,79361626.0,9536809.0,113241.0
hot_kitty30,2021-07-12 15:01:35,9581988,161455,196626,60645938,0.16390329390238798,2021-07-12,1,60645938.0,9581988.0,161455.0
sanyprod,2025-06-28 19:03:36,9522254,47635,500410,72098541,0.13967410242046369,2025-06-28,1,72098541.0,9522254.0,47635.0
richardsalesofficial,2021-07-07 20:26:53,9587983,32944,72598,61769052,0.15693174310008837,2021-07-07,1,61769052.0,9587983.0,32944.0
shon.edit,2024-09-21 11:31:51,9513230,43900,197679,108783075,0.08967212041027522,2024-09-21,1,108783075.0,9513230.0,43900.0
veoguy,2025-07-22 17:00:00,9522897,91750,4431598,182778208,0.07684857595277442,2025-07-22,1,182778208.0,9522897.0,91750.0
rki2i,2025-04-14 17:40:24,9500030,39601,2079924,108550224,0.10704312319060715,2025-04-14,1,108550224.0,9500030.0,39601.0
ffreakyminajj,2024-10-02 05:56:52,9598813,38490,1359013,74862630,0.1468865841341668,2024-10-02,1,74862630.0,9598813.0,38490.0
morganasecco,2021-07-02 15:35:15,9493098,387513,1119743,82586157,0.1331985213938457,2021-07-02,1,82586157.0,9493098.0,387513.0
youngyosa,2020-11-26 21:43:06,9557293,86950,281559,45514305,0.21808093081944238,2020-11-26,1,45514305.0,9557293.0,86950.0
_daniel.jay,2025-09-07 02:44:02,10006988,33219,403201,63116715,0.16546184319003293,2025-09-07,1,63116715.0,10006988.0,33219.0
vella,2020-10-02 20:46:38,9622562,105053,186335,46117192,0.21497297580477145,2020-10-02,1,46117192.0,9622562.0,105053.0
jennmelon,2021-07-30 22:05:54,9484763,60148,110327,36297475,0.2660030208712865,2021-07-30,1,36297475.0,9484763.0,60148.0
skititi.bum101,2022-12-09 00:29:02,9459850,45784,739019,97713180,0.10484412645254203,2022-12-09,1,97713180.0,9459850.0,45784.0
hectorsalguerocal,2023-12-11 23:25:19,9710355,31470,258681,61740011,0.16197771652486423,2023-12-11,1,61740011.0,9710355.0,31470.0
benux.edit,2025-04-27 09:28:50,9416049,17117,180555,69928890,0.13747852997523627,2025-04-27,1,69928890.0,9416049.0,17117.0
factorymemess,2025-10-12 21:49:12,9403659,58652,6075050,105559317,0.1471908064732931,2025-10-12,1,105559317.0,9403659.0,58652.0
aedamon_,2022-10-26 22:00:17,9389605,42995,76753,75267525,0.1263407159993636,2022-10-26,1,75267525.0,9389605.0,42995.0
lamarionetabailarina,2021-03-01 18:02:52,9375235,208942,311912,82113585,0.12051707400182321,2021-03-01,1,82113585.0,9375235.0,208942.0
linesofsorrow,2025-08-22 23:05:07,9640203,19804,703315,52100071,0.19891185944832973,2025-08-22,1,52100071.0,9640203.0,19804.0
uncle_dijon,2022-08-02 19:58:21,9513433,55864,389434,57641506,0.17277013893426033,2022-08-02,1,57641506.0,9513433.0,55864.0
dada_ahoufe_,2023-05-17 11:15:21,9355563,185083,2737278,265081332,0.04631757320428735,2023-05-17,1,265081332.0,9355563.0,185083.0
aroruajo,2021-10-30 16:48:37,9335177,38271,75790,60529523,0.15610957317472995,2021-10-30,1,60529523.0,9335177.0,38271.0
its.isaac.hernandez,2021-05-20 18:45:49,9361014,148457,312875,44490024,0.22077637000150865,2021-05-20,1,44490024.0,9361014.0,148457.0
dualupe.1,2023-07-10 01:38:34,9393643,107042,805634,67103427,0.15358856411312644,2023-07-10,1,67103427.0,9393643.0,107042.0
puggie48,2025-10-08 22:39:57,10670492,38904,1179897,63141714,0.18829537950141803,2025-10-08,1,63141714.0,10670492.0,38904.0
s___jr12,2021-05-25 02:33:19,9310135,112263,213907,68198447,0.14129801225532307,2021-05-25,1,68198447.0,9310135.0,112263.0
hooodjabi,2020-07-04 01:09:51,9322199,125202,235382,45918049,0.21087095838936884,2020-07-04,1,45918049.0,9322199.0,125202.0
kylieeeditsv,2024-01-21 08:15:59,10142697,7022,19333,54258311,0.18741925084988362,2024-01-21,1,54258311.0,10142697.0,7022.0
terronezplace,2025-04-01 01:43:45,9586512,42695,597233,56552233,0.18083176308882445,2025-04-01,1,56552233.0,9586512.0,42695.0
lemon.toy,2023-01-10 02:48:49,9407352,65690,542952,48124862,0.2081251474549683,2023-01-10,1,48124862.0,9407352.0,65690.0
thug_life_bro420,2023-04-30 13:22:54,10099848,16493,101926,120613324,0.08471922223120225,2023-04-30,1,120613324.0,10099848.0,16493.0
cleaning_dirtycoins,2021-12-28 14:32:48,9267440,15431,7891,31318834,0.2966509545023292,2021-12-28,1,31318834.0,9267440.0,15431.0
clips_bysofficial,2023-03-05 20:49:15,9241003,14705,65110,60002064,0.15534162291483838,2023-03-05,1,60002064.0,9241003.0,14705.0
ibrs.ae,2024-09-06 19:18:36,9352182,17448,208086,49512063,0.19344207087472803,2024-09-06,1,49512063.0,9352182.0,17448.0
paralaxae,2022-07-21 14:36:13,9273175,60316,108597,64189782,0.1470964335102431,2022-07-21,1,64189782.0,9273175.0,60316.0
harrisonpawluk,2022-01-04 13:30:24,9216697,28454,86243,39545158,0.2359680545466527,2022-01-04,1,39545158.0,9216697.0,28454.0
birdbirdcat,2023-02-06 16:57:25,9236976,18340,450561,48522267,0.2000293391073422,2023-02-06,1,48522267.0,9236976.0,18340.0
napsfinds,2023-12-25 10:05:29,9283859,33986,122681,47563322,0.19848331872193453,2023-12-25,1,47563322.0,9283859.0,33986.0
missvanessavancartier,2023-12-13 17:46:32,9273867,76314,480199,91498558,0.10743754016320126,2023-12-13,1,91498558.0,9273867.0,76314.0
deep.sea.fear,2024-01-03 16:21:59,9192074,40823,84293,195536590,0.047649342764952585,2024-01-03,1,195536590.0,9192074.0,40823.0
tommasomasino1,2021-02-26 10:34:41,9160496,68669,110524,57720797,0.1618080394835851,2021-02-26,1,57720797.0,9160496.0,68669.0
abbieherbert,2021-03-24 21:10:54,9203719,51343,185322,58341110,0.16181358222358128,2021-03-24,1,58341110.0,9203719.0,51343.0
evilheroyt,2020-02-02 02:17:37,9157966,26027,116571,66638901,0.13956658739014918,2020-02-02,1,66638901.0,9157966.0,26027.0
ali.friseurr,2023-03-21 18:01:15,9126327,35290,200755,351369440,0.026645379290811403,2023-03-21,1,351369440.0,9126327.0,35290.0
spudzthepotato,2021-02-26 17:31:07,9113926,79675,268820,44637995,0.21198131770927436,2021-02-26,1,44637995.0,9113926.0,79675.0
aaronthepoolshark,2022-07-09 18:32:35,9119820,12828,26356,146595348,0.06247813539076288,2022-07-09,1,146595348.0,9119820.0,12828.0
meh.spammz,2025-05-18 21:35:33,9115244,6790,36354,80409685,0.11389657850295024,2025-05-18,1,80409685.0,9115244.0,6790.0
saruman26,2025-03-16 18:06:33,9078460,63496,1410602,101008387,0.10447209695567161,2025-03-16,1,101008387.0,9078460.0,63496.0
_lilyy..edits_,2025-01-09 16:47:47,9107034,38791,535152,87177848,0.11104858885711426,2025-01-09,1,87177848.0,9107034.0,38791.0
danch.merk,2025-09-07 14:00:40,10012266,51405,1015767,103774229,0.10676483079435839,2025-09-07,1,103774229.0,10012266.0,51405.0
muizandjae,2024-11-05 20:46:54,4714566,89171,460698,48873725,0.10771503502137396,2024-11-05,1,48873725.0,4714566.0,89171.0
brat,2025-12-26 19:09:48,209,23,2,3851,0.060763438068034276,2025-12-26,1,3851.0,209.0,23.0
arifamammadova,2025-12-26 19:14:38,2788,60,12,56193,0.05089601907710925,2025-12-26,1,56193.0,2788.0,60.0
syl_foisy,2022-12-06 17:12:08,1561770,20265,5620,28887521,0.05495989081236843,2022-12-06,1,28887521.0,1561770.0,20265.0
casaltwins786,2025-12-26 18:25:16,27,1,0,1371,0.020423048869438368,2025-12-26,3,1371.0,27.0,1.0
sophiemarie.0013,2025-12-26 16:46:40,226,0,4,977,0.23541453428863868,2025-12-26,1,977.0,226.0,0.0
lene.j_,2025-12-26 18:14:19,58,0,0,290,0.2,2025-12-26,1,290.0,58.0,0.0
blairxfaye._.beatdrop,2025-12-26 14:52:05,92,4,1,1345,0.07211895910780669,2025-12-26,1,1345.0,92.0,4.0
sambosexc,2025-12-26 17:53:57,70,8,0,794,0.0982367758186398,2025-12-26,1,794.0,70.0,8.0
izzy.d.n,2025-12-26 18:50:51,104,4,1,578,0.18858131487889274,2025-12-26,2,578.0,104.0,4.0
corinecasayina,2025-12-26 17:30:41,36,0,0,333,0.10810810810810811,2025-12-26,1,333.0,36.0,0.0
chuvsce,2025-12-26 19:07:46,173,2,0,646,0.2708978328173375,2025-12-26,1,646.0,173.0,2.0
adelewhenamacbook,2023-10-01 21:32:50,1329527,7020,38014,9677841,0.14203178167527242,2023-10-01,1,9677841.0,1329527.0,7020.0
syl_foisy,2023-02-13 05:04:33,548352,7298,1068,10422960,0.0534126582084168,2023-02-13,1,10422960.0,548352.0,7298.0
jarredjermaine,2021-11-23 21:00:46,818606,1005,2581,7327985,0.11219891962115097,2021-11-23,1,7327985.0,818606.0,1005.0
x__dejaaaaa,2025-12-26 15:42:06,2,0,0,45,0.044444444444444446,2025-12-26,2,45.0,2.0,0.0
chorizobal,2023-10-18 00:15:26,2457675,9047,45891,19826304,0.12673128587153712,2023-10-18,1,19826304.0,2457675.0,9047.0
queen_kye18,2023-05-21 21:31:22,542429,3278,22659,9309137,0.06105463911423798,2023-05-21,1,9309137.0,542429.0,3278.0
leylashaver,2025-12-26 14:34:47,27,14,3,131,0.33587786259541985,2025-12-26,1,131.0,27.0,14.0
evaneramagic,2024-02-19 23:58:39,560209,5726,102743,25691039,0.026027674474356603,2024-02-19,1,25691039.0,560209.0,5726.0
aaliyahrena444,2025-12-26 16:37:50,291,2,2,1872,0.15758547008547008,2025-12-26,1,1872.0,291.0,2.0
chrisbmusic,2025-12-26 16:13:50,6,1,0,325,0.021538461538461538,2025-12-26,1,325.0,6.0,1.0
ricecuts,2024-07-08 01:21:47,594196,1466,41849,26945227,0.023659514911490633,2024-07-08,1,26945227.0,594196.0,1466.0
itsparismonet,2022-08-08 21:08:42,9433,33,102,49926,0.1916436325762128,2022-08-08,1,49926.0,9433.0,33.0
jadedmotivation,2023-05-15 09:35:41,55820,85,9120,938673,0.06927332521549037,2023-05-15,1,938673.0,55820.0,85.0
applehead.michaelj,2023-01-14 00:46:42,516713,369,1138,4118021,0.12584200032005666,2023-01-14,1,4118021.0,516713.0,369.0
eeriereadss,2025-03-06 05:55:54,308385,1676,8338,3390818,0.09390035088878258,2025-03-06,1,3390818.0,308385.0,1676.0
izzy.d.n,2025-12-26 18:48:01,44,1,0,393,0.11450381679389313,2025-12-26,2,393.0,44.0,1.0
ghallfitness,2023-12-05 09:52:50,698009,2669,9721,10093290,0.07038329424796078,2023-12-05,1,10093290.0,698009.0,2669.0
itz_anbar,2024-03-29 21:33:08,601929,4346,104386,12797935,0.05552934907076806,2024-03-29,1,12797935.0,601929.0,4346.0
teddybearhairs,2021-03-23 18:36:09,59240,229,4315,969514,0.06578966368716697,2021-03-23,1,969514.0,59240.0,229.0
cassandrachan7,2025-08-05 05:04:43,782026,1823,7158,23790176,0.03324931265745995,2025-08-05,1,23790176.0,782026.0,1823.0
giannapriolo6,2020-11-30 18:46:44,123900,2157,593,440795,0.2873217708912306,2020-11-30,1,440795.0,123900.0,2157.0
trendingcapcuttemplates,2023-05-12 19:26:44,581814,859,9566,11106267,0.05332475799474297,2023-05-12,1,11106267.0,581814.0,859.0
syl_foisy,2022-09-28 19:03:12,882998,116630,3540,16150949,0.06211201583263002,2022-09-28,1,16150949.0,882998.0,116630.0
chrishawnnnn,2022-09-24 22:19:18,541494,864,5259,2578617,0.21236849055133042,2022-09-24,1,2578617.0,541494.0,864.0
sunset.550,2023-04-07 20:09:32,916538,4805,77607,6981253,0.14309035928077668,2023-04-07,1,6981253.0,916538.0,4805.0
jamiebrk,2024-10-09 00:48:59,562727,1498,43297,6860810,0.08854960274369936,2024-10-09,1,6860810.0,562727.0,1498.0
cops.the.usa,2024-11-25 03:26:16,523780,5178,114261,12997138,0.04948927987069153,2024-11-25,1,12997138.0,523780.0,5178.0
j_larsen14,2024-09-20 23:07:39,9472,87,6851,126012,0.13022569279116275,2024-09-20,1,126012.0,9472.0,87.0
dilekolukluu,2022-11-21 16:52:00,9289,65,658,403497,0.024813071720483672,2022-11-21,1,403497.0,9289.0,65.0
laceyjeannn,2025-05-14 16:27:20,22828,68,1953,84021,0.29574749169850395,2025-05-14,1,84021.0,22828.0,68.0
kiki._.bby3,2022-09-02 03:00:30,9793,90,121,98089,0.10198900998073178,2022-09-02,1,98089.0,9793.0,90.0
iblame.anhtu,2025-07-10 10:47:53,597361,908,5426,21185936,0.02849508277566778,2025-07-10,1,21185936.0,597361.0,908.0
mulanausamafarooqi4288,2025-10-24 16:23:47,2198738,96559,1310781,15222631,0.23688927360848464,2025-10-24,1,15222631.0,2198738.0,96559.0
shila_bhandari,2022-12-29 00:49:32,142,8,1,3424,0.04410046728971963,2022-12-29,1,3424.0,142.0,8.0
thejulissaarroyo,2019-09-15 03:30:00,10216,6,46,109107,0.09410945218913544,2019-09-15,1,109107.0,10216.0,6.0
globalentertainment9,2021-09-07 04:26:59,0,0,0,10,0.0,2021-09-07,1,10.0,0.0,0.0
xouziao,2022-05-04 19:04:37,565728,1201,2872,6506912,0.08756857323412395,2022-05-04,1,6506912.0,565728.0,1201.0
doda.almoje,2023-02-03 11:02:33,279,14,1,4032,0.07291666666666667,2023-02-03,1,4032.0,279.0,14.0
violainefrance,2023-07-06 23:26:03,30,0,0,333,0.09009009009009009,2023-07-06,1,333.0,30.0,0.0
thefamousdan,2025-12-26 17:06:15,9,0,0,328,0.027439024390243903,2025-12-26,1,328.0,9.0,0.0
sarakhanbaloch56,2025-12-26 14:18:19,4481,202,136,36923,0.13051485523928175,2025-12-26,1,36923.0,4481.0,202.0
lexileep,2025-12-26 16:37:03,35,1,0,559,0.06440071556350627,2025-12-26,2,559.0,35.0,1.0
taoffek,2025-03-21 19:54:09,146966,463,2689,1393545,0.10772382664356013,2025-03-21,1,1393545.0,146966.0,463.0
muizandjae,2025-02-19 20:45:45,4529187,66695,934731,37350938,0.1480715959529584,2025-02-19,1,37350938.0,4529187.0,66695.0
mary_ours,2022-01-09 14:39:26,10756,244,271,410340,0.027467466003801726,2022-01-09,1,410340.0,10756.0,244.0
gojodroppedthesoap,2025-08-28 19:11:36,959730,4111,215469,4688687,0.2515224411439706,2025-08-28,1,4688687.0,959730.0,4111.0
nariahchemeira,2025-12-26 14:57:26,321,3,0,1491,0.21730382293762576,2025-12-26,1,1491.0,321.0,3.0
khanbabo3,2025-12-26 16:25:56,86,53,0,202,0.6881188118811881,2025-12-26,1,202.0,86.0,53.0
777nique,2025-12-26 16:28:24,119,3,2,1399,0.08863473909935668,2025-12-26,1,1399.0,119.0,3.0
krisandersontv,2024-05-02 12:21:53,67242,2331,89804,2103319,0.07577405044123121,2024-05-02,1,2103319.0,67242.0,2331.0
trendingcapcuttemplates,2024-01-07 19:50:19,1883165,2106,9321,18705924,0.10128299462779812,2024-01-07,1,18705924.0,1883165.0,2106.0
mama_darnell,2025-12-26 16:31:40,544,15,8,16229,0.03493745763756239,2025-12-26,1,16229.0,544.0,15.0
veedankk_,2024-01-17 17:02:40,64152,331,1334,2052054,0.03207371735831513,2024-01-17,1,2052054.0,64152.0,331.0
shidirl,2025-12-26 16:21:52,6,5,0,80,0.1375,2025-12-26,1,80.0,6.0,5.0
vrangne8731,2025-12-23 09:51:27,25,1,0,506,0.05138339920948617,2025-12-23,1,506.0,25.0,1.0
fredoc19,2025-12-26 18:43:56,38,2,0,517,0.07736943907156674,2025-12-26,1,517.0,38.0,2.0
shivani_khand,2025-12-26 14:18:34,135,22,1,709,0.22284908321579688,2025-12-26,1,709.0,135.0,22.0
obeyenvynowww,2024-11-11 03:28:59,10653,73,978,226783,0.05160880665658361,2024-11-11,1,226783.0,10653.0,73.0
nobodysgurlfriend,2025-12-26 02:09:34,4987,156,804,50779,0.11711534295673408,2025-12-26,1,50779.0,4987.0,156.0
sair6209,2025-03-05 23:42:17,8008,128,358,89573,0.09482768244895225,2025-03-05,1,89573.0,8008.0,128.0
the0fficial_nasya,2025-12-26 16:00:50,422,13,0,1505,0.28903654485049834,2025-12-26,1,1505.0,422.0,13.0
riyahbeenbbk,2025-12-26 18:24:38,96,5,0,702,0.14387464387464388,2025-12-26,1,702.0,96.0,5.0
juliatheunboxer,2025-12-26 16:09:27,9,0,0,100,0.09,2025-12-26,1,100.0,9.0,0.0
aisya_queen678,2025-12-26 14:16:57,856,71,0,6121,0.1514458421826499,2025-12-26,1,6121.0,856.0,71.0
nicotooswift,2025-07-19 21:22:56,567440,766,12325,2619032,0.2216586128004545,2025-07-19,1,2619032.0,567440.0,766.0
313_bnate,2025-02-01 06:53:46,1087234,3520,131200,4201419,0.290843165130638,2025-02-01,1,4201419.0,1087234.0,3520.0
peerzada.m1,2025-12-26 16:08:21,22,13,0,65,0.5384615384615384,2025-12-26,1,65.0,22.0,13.0
liaorganics,2023-06-06 22:41:44,56881,446,5465,1115466,0.056292168474879556,2023-06-06,1,1115466.0,56881.0,446.0
benabalanajnu13,2025-12-26 18:13:34,2,0,0,38,0.05263157894736842,2025-12-26,1,38.0,2.0,0.0
user742369953,2025-12-26 17:09:18,98,0,1,713,0.1388499298737728,2025-12-26,1,713.0,98.0,0.0
idecomart,2024-09-20 17:58:12,8395,145,528,415945,0.021800959261440815,2024-09-20,1,415945.0,8395.0,145.0
gigi2much2byours,2025-02-09 05:45:11,15,1,1,267,0.06367041198501873,2025-02-09,1,267.0,15.0,1.0
melissa_blatt,2025-12-26 14:55:46,38,2,1,325,0.12615384615384614,2025-12-26,1,325.0,38.0,2.0
puertoricc0,2025-07-14 18:38:25,724924,2618,158546,5175292,0.1712150734683183,2025-07-14,1,5175292.0,724924.0,2618.0
b__khan2,2025-12-26 16:52:03,137,5,1,1164,0.12285223367697594,2025-12-26,1,1164.0,137.0,5.0
joelbomb,2020-10-08 12:12:11,55258,1063,9007,137216,0.47609608208955223,2020-10-08,1,137216.0,55258.0,1063.0
taoffek,2024-06-28 23:02:53,281429,299,1841,2241119,0.12653009501057283,2024-06-28,1,2241119.0,281429.0,299.0
agoisthic,2025-12-26 16:26:23,411,6,20,4346,0.10055223193741371,2025-12-26,1,4346.0,411.0,6.0
craniuminfinitum,2024-02-14 14:58:40,79283,4369,29133,3046060,0.037026519503883706,2024-02-14,1,3046060.0,79283.0,4369.0
theozvlog,2023-08-18 14:09:01,116189,1196,1232,1104206,0.10742289029402123,2023-08-18,1,1104206.0,116189.0,1196.0
b.alanaa,2024-09-14 17:57:08,550557,1442,27858,2947705,0.19671473230869438,2024-09-14,1,2947705.0,550557.0,1442.0
diwas.thapa,2024-09-13 01:00:45,9082,176,244,181480,0.052358386599074276,2024-09-13,1,181480.0,9082.0,176.0
satanzdaughter,2023-11-19 21:49:23,96,1,3,5280,0.01893939393939394,2023-11-19,1,5280.0,96.0,1.0
the_inside_sco0p,2025-12-26 17:05:44,1,0,0,112,0.008928571428571428,2025-12-26,1,112.0,1.0,0.0
kai_casebeer,2025-11-19 02:22:51,2437519,11866,145028,13132223,0.19756083947097153,2025-11-19,1,13132223.0,2437519.0,11866.0
b.riale,2025-12-26 16:31:50,27,0,0,253,0.1067193675889328,2025-12-26,1,253.0,27.0,0.0
jesusistheonlyway001,2024-12-24 13:56:57,555730,4316,39836,4589042,0.13072052946998525,2024-12-24,1,4589042.0,555730.0,4316.0
deluluirene,2025-02-11 09:52:08,10041,14,540,67659,0.15659409686811807,2025-02-11,1,67659.0,10041.0,14.0
jerseyyjoe,2022-01-08 23:28:08,111,3,1,2305,0.049891540130151846,2022-01-08,1,2305.0,111.0,3.0
mxdhav.aep,2025-06-02 21:30:13,582537,2961,60155,3820162,0.1690119424254783,2025-06-02,1,3820162.0,582537.0,2961.0
syl_foisy,2023-12-05 21:37:21,1463947,81220,4215,72929504,0.021244927155955978,2023-12-05,1,72929504.0,1463947.0,81220.0
jaketannermn,2024-04-15 03:42:50,557759,4681,20845,9428066,0.06186687704562102,2024-04-15,1,9428066.0,557759.0,4681.0
budda___00,2025-12-26 14:09:24,8117,346,282,102784,0.08508133561643835,2025-12-26,1,102784.0,8117.0,346.0
fiza.lovers,2024-02-27 15:49:15,589261,16238,26664,11669119,0.054174012622546744,2024-02-27,1,11669119.0,589261.0,16238.0
corabutnotfamous,2025-11-03 18:00:10,588725,1203,22720,3396147,0.1803950182368431,2025-11-03,1,3396147.0,588725.0,1203.0
ladyboss5120,2025-12-26 15:45:11,204,12,1,1229,0.17656631407648496,2025-12-26,1,1229.0,204.0,12.0
kalpana.sharma1988,2025-12-26 16:48:37,13,8,0,119,0.17647058823529413,2025-12-26,1,119.0,13.0,8.0
ceoofteamconradedits,2025-08-12 14:18:11,552842,710,55097,2445935,0.24884103624994122,2025-08-12,1,2445935.0,552842.0,710.0
violainefrance,2023-07-09 00:00:05,23,0,0,293,0.07849829351535836,2023-07-09,1,293.0,23.0,0.0
713.lrich,2025-12-26 13:59:28,17,0,0,181,0.09392265193370165,2025-12-26,1,181.0,17.0,0.0
celene.e.e,2025-12-26 17:09:53,147,4,4,804,0.1927860696517413,2025-12-26,1,804.0,147.0,4.0
zondamedia,2023-07-30 03:49:25,587525,2943,40887,4801669,0.13148657268962105,2023-07-30,1,4801669.0,587525.0,2943.0
sky12714,2024-11-30 01:37:19,10563,61,1843,382106,0.03262707206900703,2024-11-30,1,382106.0,10563.0,61.0
troyehub,2024-10-24 06:23:09,797045,895,15396,5160039,0.15762206448439633,2024-10-24,1,5160039.0,797045.0,895.0
skyyy_blue,2025-12-26 18:17:44,3,0,0,67,0.04477611940298507,2025-12-26,1,67.0,3.0,0.0
clipzauto,2024-08-16 00:04:29,3016771,12784,839483,21987981,0.1759614946001636,2024-08-16,1,21987981.0,3016771.0,12784.0
marianwassefdavis,2025-05-19 21:56:05,609144,12976,134260,4422207,0.17104129227781512,2025-05-19,1,4422207.0,609144.0,12976.0
phonk_201,2024-03-27 11:19:40,112,1,0,1812,0.06236203090507726,2024-03-27,1,1812.0,112.0,1.0
mriefilms,2025-05-29 02:56:16,576541,357,4373,4881484,0.11907669880716602,2025-05-29,1,4881484.0,576541.0,357.0
josephianson,2024-08-25 16:29:07,540307,1326,13424,6596610,0.08414276423799497,2024-08-25,1,6596610.0,540307.0,1326.0
micah.leia3,2023-10-12 04:32:40,587182,2450,24777,5541325,0.1108776330570757,2023-10-12,1,5541325.0,587182.0,2450.0
_sn00pie_,2023-03-14 08:29:41,564862,7840,56259,2917934,0.21555011182569586,2023-03-14,1,2917934.0,564862.0,7840.0
angell4president,2025-12-26 16:13:59,83,0,0,507,0.16370808678500987,2025-12-26,1,507.0,83.0,0.0
somaiahashmi2,2025-12-26 15:50:50,4859,0,125,31798,0.1567394175734323,2025-12-26,1,31798.0,4859.0,0.0
n_a_y_a_k__k_i_n_g,2025-12-26 16:07:24,103,58,42,320,0.634375,2025-12-26,1,320.0,103.0,58.0
jiubel,2022-06-21 19:39:13,582312,6715,22350,6587279,0.0928117664364907,2022-06-21,1,6587279.0,582312.0,6715.0
priyabisista803,2025-12-26 14:09:12,28,0,0,182,0.15384615384615385,2025-12-26,1,182.0,28.0,0.0
linagooding,2022-12-11 18:58:14,539549,7432,2776,12066215,0.0455616777920831,2022-12-11,1,12066215.0,539549.0,7432.0
wally.turner,2025-07-02 23:38:18,1217638,5207,484172,31226298,0.05466600619772475,2025-07-02,1,31226298.0,1217638.0,5207.0
violainefrance,2023-07-11 00:08:10,26,0,0,347,0.07492795389048991,2023-07-11,3,347.0,26.0,0.0
trendingcapcuttemplates,2023-08-22 17:59:54,803629,1810,10008,16792393,0.04856049998353421,2023-08-22,1,16792393.0,803629.0,1810.0
emily.makeup7,2025-09-06 11:46:18,559296,2036,7988,27519961,0.020687529317356228,2025-09-06,1,27519961.0,559296.0,2036.0
prettykay3194,2025-12-26 16:19:55,30,1,0,214,0.14485981308411214,2025-12-26,1,214.0,30.0,1.0
britney.official,2024-12-20 22:03:05,565790,1357,4212,6705011,0.08521373044727294,2024-12-20,1,6705011.0,565790.0,1357.0
letsile__tebogo2003,2025-09-18 20:20:35,2790542,3195,97821,24717996,0.11698189448691552,2025-09-18,1,24717996.0,2790542.0,3195.0
vmpiren,2023-01-12 20:41:48,8827806,26230,102301,74305039,0.12053471905182635,2023-01-12,1,74305039.0,8827806.0,26230.0
violainefrance,2023-07-11 01:17:07,13,1,0,261,0.05363984674329502,2023-07-11,3,261.0,13.0,1.0
gdhaliwal02,2022-04-04 01:34:59,10664,0,701,287331,0.03955368547076368,2022-04-04,1,287331.0,10664.0,0.0
infinityshampoobowl,2025-03-04 19:27:48,10420,107,2198,215253,0.05911648153568127,2025-03-04,1,215253.0,10420.0,107.0
jvjhilarious,2021-01-14 23:03:41,10218,125,543,46046,0.23641575815488858,2021-01-14,1,46046.0,10218.0,125.0
itssatchikooo,2025-12-26 16:42:00,133,3,0,1909,0.07124148768989,2025-12-26,1,1909.0,133.0,3.0
jesusismy.savior0,2025-03-01 18:00:36,588643,6593,32199,4922801,0.12745487782260545,2025-03-01,1,4922801.0,588643.0,6593.0
mikabhaengz,2025-12-26 17:13:02,108,4,3,1225,0.09387755102040816,2025-12-26,1,1225.0,108.0,4.0
bigmamamello,2024-01-19 17:49:31,9339,328,1067,74583,0.1439201962913801,2024-01-19,1,74583.0,9339.0,328.0
naqvi.writes26,2025-12-26 15:30:00,4,1,0,112,0.044642857142857144,2025-12-26,1,112.0,4.0,1.0
ixiana.0,2025-12-26 14:45:40,27,0,0,238,0.1134453781512605,2025-12-26,1,238.0,27.0,0.0
astroguyco,2023-01-26 18:09:47,574289,35111,28534,7922931,0.08051742467528747,2023-01-26,1,7922931.0,574289.0,35111.0
raaz.kc2,2025-12-26 14:43:05,5,0,0,136,0.03676470588235294,2025-12-26,1,136.0,5.0,0.0
juno.positions_,2024-11-16 05:17:54,681690,550,8100,4757538,0.14510446369529786,2024-11-16,1,4757538.0,681690.0,550.0
moredeck,2025-12-26 14:46:44,136,1,1,1131,0.1220159151193634,2025-12-26,1,1131.0,136.0,1.0
makenzie.marshall,2024-10-28 19:53:41,6587102,28712,1385701,43839581,0.18251805371953714,2024-10-28,1,43839581.0,6587102.0,28712.0
theafrolatinfamilia,2025-12-26 16:00:00,99,3,2,1572,0.06615776081424936,2025-12-26,1,1572.0,99.0,3.0
lefty_21,2025-12-26 17:01:50,1134,11,8,4758,0.24232870954182428,2025-12-26,1,4758.0,1134.0,11.0
user422951300105,2025-05-25 03:27:48,33152,748,27707,1824400,0.03376836220127165,2025-05-25,1,1824400.0,33152.0,748.0
bleckabeka,2025-10-22 05:20:46,1619345,4878,24032,16136158,0.10214668200447714,2025-10-22,1,16136158.0,1619345.0,4878.0
nightlifebyrd,2025-05-25 20:27:47,4502287,23041,187379,32942345,0.14305924487160826,2025-05-25,1,32942345.0,4502287.0,23041.0
sairakhan34007,2025-12-26 16:53:58,14,4,0,26,0.6923076923076923,2025-12-26,1,26.0,14.0,4.0
thel.2k4,2025-12-26 16:09:10,104,1,4,963,0.11318795430944964,2025-12-26,1,963.0,104.0,1.0
syl_foisy,2023-10-21 03:29:12,654856,14354,1459,19296442,0.03475609648659582,2023-10-21,1,19296442.0,654856.0,14354.0
spencer_lyon,2025-12-26 15:31:47,163,5,1,881,0.19182746878547105,2025-12-26,1,881.0,163.0,5.0
derden8807,2022-11-10 19:32:30,9309,137,321,90353,0.10809823691521034,2022-11-10,1,90353.0,9309.0,137.0
phonk_201,2024-03-10 09:03:28,151,1,0,966,0.15734989648033126,2024-03-10,1,966.0,151.0,1.0
marinagudov,2024-05-29 03:05:09,137283,423,1676,1609262,0.08661237262794995,2024-05-29,1,1609262.0,137283.0,423.0
shabbir.joyia42,2025-12-26 14:51:08,144,18,0,1754,0.09236031927023945,2025-12-26,1,1754.0,144.0,18.0
emmatwolegs,2022-08-08 21:46:43,594567,22071,188007,7181574,0.11204298667673689,2022-08-08,1,7181574.0,594567.0,22071.0
theamandagalue,2025-12-26 14:43:37,30,1,0,363,0.08539944903581267,2025-12-26,1,363.0,30.0,1.0
gracemayofficial,2024-11-29 20:04:39,513521,1676,29416,9626559,0.05657400531176301,2024-11-29,1,9626559.0,513521.0,1676.0
asianiicolee_,2025-12-26 17:01:41,131,2,0,835,0.1592814371257485,2025-12-26,1,835.0,131.0,2.0
campbellhuntpuckett,2024-05-01 23:03:13,131645,116960,2871,1478964,0.1700352408848356,2024-05-01,1,1478964.0,131645.0,116960.0
violainefrance,2023-07-10 01:30:40,36,0,0,269,0.13382899628252787,2023-07-10,1,269.0,36.0,0.0
tub.by6,2024-08-26 15:45:24,1560414,2974,93260,21265111,0.07790450752878741,2024-08-26,1,21265111.0,1560414.0,2974.0
suuxie.e,2025-12-26 14:11:25,31,2,1,353,0.09631728045325778,2025-12-26,1,353.0,31.0,2.0
kronergy,2023-04-14 04:53:50,596072,1854,13417,3048272,0.20055395319052893,2023-04-14,1,3048272.0,596072.0,1854.0
papijoe242,2024-06-02 21:59:12,546987,2300,57459,5943204,0.1020907241279283,2024-06-02,1,5943204.0,546987.0,2300.0
notrandomasmr,2025-06-03 17:39:50,541653,16574,54725,20822151,0.029437496635193933,2025-06-03,1,20822151.0,541653.0,16574.0
ra.mai.yah,2025-10-25 20:43:55,501075,1134,2634,3761406,0.13421656689014694,2025-10-25,1,3761406.0,501075.0,1134.0
llcooljay_,2025-12-26 17:27:03,2,0,3,41,0.12195121951219512,2025-12-26,1,41.0,2.0,0.0
keng37879,2022-04-21 14:40:26,591537,5340,6123,17581693,0.03429703840238821,2022-04-21,1,17581693.0,591537.0,5340.0
landon.tracy_,2022-01-12 05:41:44,889,23,7,8295,0.11078963230861966,2022-01-12,1,8295.0,889.0,23.0
juno.positions_,2024-12-03 05:31:44,601602,713,1787,6586813,0.09171385311834418,2024-12-03,1,6586813.0,601602.0,713.0
violainefrance,2023-07-05 00:28:43,44,1,0,1562,0.02880921895006402,2023-07-05,1,1562.0,44.0,1.0
estuardo.espinoza,2025-05-20 04:40:28,1002011,1987,130599,4751116,0.23880641937599503,2025-05-20,1,4751116.0,1002011.0,1987.0
diwas.thapa,2024-10-20 03:04:00,8995,254,196,135982,0.06945772234560456,2024-10-20,1,135982.0,8995.0,254.0
quinnyle8,2025-12-26 15:56:00,10,0,1,456,0.02412280701754386,2025-12-26,1,456.0,10.0,0.0
violainefrance,2023-07-11 16:05:03,17,0,0,278,0.06115107913669065,2023-07-11,3,278.0,17.0,0.0
clayhorror.midland,2025-12-26 15:00:00,0,0,0,62,0.0,2025-12-26,1,62.0,0.0,0.0
zehrahayat.789,2025-12-26 17:36:56,147,0,1,519,0.28516377649325625,2025-12-26,2,519.0,147.0,0.0
masood...111,2025-12-26 14:29:09,64,13,0,286,0.2692307692307692,2025-12-26,1,286.0,64.0,13.0
bossupcosmetics,2023-09-10 16:40:44,574429,1587,3327,7323457,0.07910785848814296,2023-09-10,1,7323457.0,574429.0,1587.0
gabrielams8182,2023-01-26 21:39:31,581159,7004,89343,2620034,0.258586720630343,2023-01-26,1,2620034.0,581159.0,7004.0
chandia_sahab_62,2025-12-26 16:15:34,5,0,0,129,0.03875968992248062,2025-12-26,2,129.0,5.0,0.0
hijackplug,2023-07-25 22:56:44,549752,2422,15651,12616861,0.04500525130616879,2023-07-25,1,12616861.0,549752.0,2422.0
sky12714,2024-10-05 06:04:14,50811,129,676,540285,0.09553476405970923,2024-10-05,1,540285.0,50811.0,129.0
terrolynw,2025-12-26 16:27:17,42,6,1,288,0.1701388888888889,2025-12-26,1,288.0,42.0,6.0
jaeeoneee,2025-12-25 17:55:50,529241,1776,90228,2653420,0.2341299153545236,2025-12-25,1,2653420.0,529241.0,1776.0
syl_foisy,2022-07-08 16:43:55,1686309,88256,12239,22207965,0.08045779971285077,2022-07-08,1,22207965.0,1686309.0,88256.0
syl_foisy,2023-09-10 19:18:58,722444,11019,3548,18019808,0.04090004732569848,2023-09-10,1,18019808.0,722444.0,11019.0
maarjaay_,2025-10-23 12:23:53,580219,6301,26205,2488384,0.2462341021321468,2025-10-23,1,2488384.0,580219.0,6301.0
gg33academy,2023-01-16 02:40:50,514339,10924,39302,6515239,0.08665299922228487,2023-01-16,1,6515239.0,514339.0,10924.0
tuzyshuga,2023-11-01 14:37:27,503194,1321,1247,11507518,0.043950572139013815,2023-11-01,1,11507518.0,503194.0,1321.0
islamicstauts2,2024-09-09 11:57:14,718001,7488,83319,8649347,0.09351087428912264,2024-09-09,1,8649347.0,718001.0,7488.0
lexileep,2025-12-26 18:37:51,6,0,0,266,0.022556390977443608,2025-12-26,2,266.0,6.0,0.0
buruntea,2025-12-26 15:12:01,44,3,0,2260,0.02079646017699115,2025-12-26,1,2260.0,44.0,3.0
lamalandliam,2025-12-15 16:51:57,576820,1795,18193,3648009,0.1635982805963472,2025-12-15,1,3648009.0,576820.0,1795.0
tonyzeller,2024-10-22 16:40:17,153788,3196,11591,1325095,0.1272172938544029,2024-10-22,1,1325095.0,153788.0,3196.0
tefyandsil,2020-06-05 19:37:09,579978,573,779,9744122,0.059659556807683645,2020-06-05,1,9744122.0,579978.0,573.0
kalsboutique,2025-03-25 00:46:15,9718,9,658,137940,0.07528635638683485,2025-03-25,1,137940.0,9718.0,9.0
hiiiiiiguuys,2025-12-26 17:27:19,25,4,0,223,0.13004484304932734,2025-12-26,1,223.0,25.0,4.0
kiana.ailina,2024-08-30 18:20:40,4727230,8727,269870,23631761,0.21182623673284443,2024-08-30,2,23631761.0,4727230.0,8727.0
bea.in.sd,2025-07-20 01:22:24,1569396,4018,180606,11696102,0.14996620241512942,2025-07-20,1,11696102.0,1569396.0,4018.0
chandia_sahab_62,2025-12-26 14:56:45,3,1,0,120,0.03333333333333333,2025-12-26,2,120.0,3.0,1.0
zbell07,2020-10-03 21:11:00,60094,730,1857,432225,0.1450193764821563,2020-10-03,1,432225.0,60094.0,730.0
mashai03,2025-06-28 11:17:19,564668,1220,12520,13807771,0.04189003424231181,2025-06-28,1,13807771.0,564668.0,1220.0
sanchbanch,2024-09-06 01:52:57,552268,953,6629,4371711,0.1280619876290999,2024-09-06,1,4371711.0,552268.0,953.0
cee_g13,2020-11-11 18:21:06,8744,44,37,227790,0.038741823609464855,2020-11-11,1,227790.0,8744.0,44.0
trending.xyz,2025-09-16 18:40:01,1925161,9458,87998,30723204,0.06583353090387317,2025-09-16,1,30723204.0,1925161.0,9458.0
.songs.n.lyrics,2023-05-24 14:41:30,631253,963,34408,5633083,0.11834088011840052,2023-05-24,1,5633083.0,631253.0,963.0
laurak151,2025-12-26 14:00:08,27,0,6,295,0.11186440677966102,2025-12-26,1,295.0,27.0,0.0
dances.444_.uu,2025-12-26 14:40:37,130,0,13,1124,0.12722419928825623,2025-12-26,1,1124.0,130.0,0.0
dr.spills,2025-03-31 16:59:39,9290,13265,2658,386343,0.06526066215771996,2025-03-31,1,386343.0,9290.0,13265.0
maddieantoinette,2023-06-21 21:46:43,57970,719,5479,1028876,0.062367087967840636,2023-06-21,1,1028876.0,57970.0,719.0
christalluster,2025-03-07 17:19:35,9380,732,3502,197008,0.06910379273938114,2025-03-07,1,197008.0,9380.0,732.0
its_juliannaaaaa,2024-05-01 04:39:56,535974,579,11910,5476930,0.10014058970992874,2024-05-01,1,5476930.0,535974.0,579.0
withluvlexi,2025-05-21 18:22:41,566600,1618,55389,4301348,0.1449794343540676,2025-05-21,1,4301348.0,566600.0,1618.0
makeupbyalianaa,2025-12-26 14:54:44,36,2,0,279,0.13620071684587814,2025-12-26,1,279.0,36.0,2.0
chunyanofficial,2024-04-17 10:15:23,100705,624,9067,2247228,0.04912541139572842,2024-04-17,1,2247228.0,100705.0,624.0
sarawollner,2023-10-29 23:41:53,541905,3254,25773,5663751,0.10080457279989886,2023-10-29,1,5663751.0,541905.0,3254.0
johnshaqi08,2025-12-26 14:24:29,957,101,24,15331,0.07057595721087992,2025-12-26,2,15331.0,957.0,101.0
m5c.ali,2024-02-29 19:26:06,771612,1685,26280,8043148,0.09941095203022499,2024-02-29,1,8043148.0,771612.0,1685.0
godscreationn._,2024-10-27 02:15:38,179922,3162,24039,979175,0.21152807210151403,2024-10-27,1,979175.0,179922.0,3162.0
bishal_smriti,2025-12-26 14:44:06,2325,24,264,23681,0.11034162408682066,2025-12-26,1,23681.0,2325.0,24.0
johnshaqi08,2025-12-26 15:18:24,3264,259,336,30366,0.1270829216887308,2025-12-26,2,30366.0,3264.0,259.0
somaliqueen281,2025-03-14 22:24:34,20630,161,3831,1107354,0.022234985379562453,2025-03-14,1,1107354.0,20630.0,161.0
ahadkhaan2423,2025-12-26 15:29:50,3676,58,70,72369,0.052563943124818636,2025-12-26,1,72369.0,3676.0,58.0
attaullahkhan45,2025-12-26 16:55:15,311,20,3,1499,0.2228152101400934,2025-12-26,1,1499.0,311.0,20.0
casaltwins786,2025-12-26 18:24:35,114,1,0,17130,0.006713368359603036,2025-12-26,3,17130.0,114.0,1.0
hannahinkansascity,2025-03-28 17:24:08,9520,596,1326,190092,0.06019190707657345,2025-03-28,1,190092.0,9520.0,596.0
biteswithesther,2025-06-15 23:58:42,1400911,7042,105487,10138598,0.14927507728386114,2025-06-15,1,10138598.0,1400911.0,7042.0
shwesin_789,2025-12-26 15:40:19,71,3,1,308,0.2435064935064935,2025-12-26,1,308.0,71.0,3.0
sweet.heathyr,2018-09-16 15:08:00,9434,86,541,94626,0.10632384334115359,2018-09-16,1,94626.0,9434.0,86.0
10motnaes,2021-09-16 00:53:25,4867158,26680,115995,25260140,0.19832958170461445,2021-09-16,1,25260140.0,4867158.0,26680.0
wepradadre,2025-12-25 21:29:13,13446,92,671,61490,0.2310782241014799,2025-12-25,1,61490.0,13446.0,92.0
itsversacejackson,2025-04-10 16:13:40,976872,7879,94664,6762279,0.15962296143060645,2025-04-10,1,6762279.0,976872.0,7879.0
theshoxouu,2025-12-26 17:03:00,74,10,1,1358,0.0625920471281296,2025-12-26,1,1358.0,74.0,10.0
alimudreka.12,2025-04-05 14:26:28,591684,16751,99133,16032451,0.04413348900926003,2025-04-05,1,16032451.0,591684.0,16751.0
nuor_i,2025-12-26 15:16:17,16,11,0,117,0.23076923076923078,2025-12-26,1,117.0,16.0,11.0
casaltwins786,2025-12-26 18:24:59,18,1,0,1244,0.01527331189710611,2025-12-26,3,1244.0,18.0,1.0
sultrysnow,2023-05-13 15:08:09,9386,37,244,177670,0.054409860978218046,2023-05-13,1,177670.0,9386.0,37.0
trihoof,2024-03-14 00:52:38,3893217,28532,75767,52578832,0.07602899965522247,2024-03-14,1,52578832.0,3893217.0,28532.0
dance.vibesss,2025-12-26 17:33:09,6,0,0,133,0.045112781954887216,2025-12-26,1,133.0,6.0,0.0
farhan_vip_hairsaloon,2025-12-26 14:36:34,51,14,3,217,0.31336405529953915,2025-12-26,1,217.0,51.0,14.0
yailen61,2024-08-02 01:24:21,556677,530,16258,3614806,0.15864336841313198,2024-08-02,1,3614806.0,556677.0,530.0
g_lala92,2023-08-02 03:53:45,9745,155,3566,226855,0.059359502766084066,2023-08-02,1,226855.0,9745.0,155.0
dessaburch,2025-12-26 16:20:39,31,11,0,359,0.116991643454039,2025-12-26,1,359.0,31.0,11.0
apathybz,2023-11-15 22:08:03,57894,513,4845,1781220,0.03551049280829993,2023-11-15,1,1781220.0,57894.0,513.0
abbieherbert,2020-05-28 20:39:07,748333,1802,6602,7202596,0.10506447952932527,2020-05-28,1,7202596.0,748333.0,1802.0
ma.pyae8271,2025-12-26 16:14:47,3134,40,42,18443,0.1743751016645882,2025-12-26,1,18443.0,3134.0,40.0
sciset_,2025-12-26 16:30:33,10,3,0,120,0.10833333333333334,2025-12-26,1,120.0,10.0,3.0
htk.hair.studio,2024-10-15 10:00:23,855841,4005,37289,40772336,0.022003522192105943,2024-10-15,1,40772336.0,855841.0,4005.0
trendingsmh,2024-08-19 00:58:47,617739,1305,25090,6930401,0.09294325104708949,2024-08-19,1,6930401.0,617739.0,1305.0
glowuproutine11,2025-05-15 07:41:27,1286739,5557,118394,36336299,0.038823161379203754,2025-05-15,1,36336299.0,1286739.0,5557.0
caintrent,2025-06-08 13:55:33,1728048,3875,82211,18498328,0.09807016071939043,2025-06-08,1,18498328.0,1728048.0,3875.0
dada_ahoufe_,2025-07-29 19:24:21,1460368,52916,457096,29760377,0.06620816665057704,2025-07-29,1,29760377.0,1460368.0,52916.0
nangsanwai.makeup,2025-12-26 14:13:11,23,1,4,270,0.1037037037037037,2025-12-26,1,270.0,23.0,1.0
pank_funny,2025-12-26 18:10:00,12,0,1,627,0.02073365231259968,2025-12-26,1,627.0,12.0,0.0
hazelo_0331,2024-03-16 01:59:25,1075476,8181,18367,10878455,0.1013033560372314,2024-03-16,1,10878455.0,1075476.0,8181.0
thelenaverse33,2025-11-10 00:15:38,574605,573,22356,2085214,0.2865576386884032,2025-11-10,1,2085214.0,574605.0,573.0
shopariell,2022-07-27 00:51:52,9750,45,161,111495,0.08929548410242612,2022-07-27,1,111495.0,9750.0,45.0
x__dejaaaaa,2025-12-26 18:18:13,1,0,0,40,0.025,2025-12-26,2,40.0,1.0,0.0
patrioticstandard86,2025-12-25 21:45:28,80490,1345,16999,492284,0.20076622437454802,2025-12-25,1,492284.0,80490.0,1345.0
always444ever,2024-05-16 03:57:30,526064,2290,56385,3839393,0.15229985573240354,2024-05-16,1,3839393.0,526064.0,2290.0
shizaasadofficial.0,2025-12-26 16:23:41,178,16,0,1968,0.09857723577235772,2025-12-26,1,1968.0,178.0,16.0
annacwoodring,2024-02-06 20:22:43,58572,39,408,1040987,0.05669523250530506,2024-02-06,1,1040987.0,58572.0,39.0
kaileagarcia,2024-06-03 11:36:51,8564,15,262,127957,0.06909352360558625,2024-06-03,1,127957.0,8564.0,15.0
adobo_mafia,2025-12-26 15:12:35,2,0,0,66,0.030303030303030304,2025-12-26,1,66.0,2.0,0.0
zeromeech,2025-04-18 18:10:07,748718,2928,46148,11993756,0.06651744457699489,2025-04-18,1,11993756.0,748718.0,2928.0
decayedhumanity,2025-05-05 00:28:37,522233,4659,4806,9103772,0.05840414281025491,2025-05-05,1,9103772.0,522233.0,4659.0
pierrym10,2025-03-15 16:31:46,114219,205,3528,679019,0.17370942492036306,2025-03-15,1,679019.0,114219.0,205.0
homeatlast68,2025-12-26 17:50:14,67,0,2,970,0.0711340206185567,2025-12-26,1,970.0,67.0,0.0
bxgchxsser.1,2025-12-26 17:19:31,155,2,2,994,0.15995975855130784,2025-12-26,1,994.0,155.0,2.0
daniellemareka,2020-12-03 20:00:28,55330,136,1545,451596,0.12624336796605815,2020-12-03,1,451596.0,55330.0,136.0
thetipsytraveler_nc,2023-02-18 19:17:47,575493,1637,90557,6121897,0.10906537630410966,2023-02-18,1,6121897.0,575493.0,1637.0
rydertully_,2024-06-02 19:07:02,18498,257,246,278267,0.06828333938267922,2024-06-02,1,278267.0,18498.0,257.0
graveshyft,2020-08-02 07:45:01,7081633,16768,24236,106292526,0.06700976322643795,2020-08-02,1,106292526.0,7081633.0,16768.0
aarxbn,2024-01-10 01:56:13,7067073,24777,48321,38525904,0.18533428832714738,2024-01-10,1,38525904.0,7067073.0,24777.0
bob.reese,2021-08-14 05:50:40,7063685,9765,15655,31615045,0.2242320072610999,2021-08-14,1,31615045.0,7063685.0,9765.0
life_with_leochubbs,2023-03-26 20:23:48,7059458,84431,913457,36405642,0.2213213545307071,2023-03-26,1,36405642.0,7059458.0,84431.0
yahtzeeman541,2023-02-26 15:09:28,7038567,31155,115508,35136470,0.20449493076566883,2023-02-26,1,35136470.0,7038567.0,31155.0
makayla.domagalski1,2024-05-08 21:41:52,7038011,8325,94440,43761491,0.16317487902777353,2024-05-08,1,43761491.0,7038011.0,8325.0
antonio_ipiz,2023-04-05 12:01:54,7026160,166954,1176305,127845399,0.06546515608277777,2023-04-05,1,127845399.0,7026160.0,166954.0
ethbn,2023-07-21 12:25:53,7020305,11866,270174,42625568,0.17131372888685026,2023-07-21,1,42625568.0,7020305.0,11866.0
binita_lama65,2022-10-30 07:22:50,7013822,27875,55710,37846579,0.18753100511409498,2022-10-30,1,37846579.0,7013822.0,27875.0
kevinthatsweird,2021-04-27 03:44:50,7013083,65140,121204,58112587,0.12388756673317607,2021-04-27,1,58112587.0,7013083.0,65140.0
bigdaddyjuju,2023-02-27 18:03:30,7008801,38527,108452,146359066,0.04889194906450141,2023-02-27,1,146359066.0,7008801.0,38527.0
abdulrahman_mohamed170,2025-07-03 01:52:32,7020261,151071,225715,31011816,0.23852350342849965,2025-07-03,1,31011816.0,7020261.0,151071.0
iplayclaw,2024-09-01 01:04:42,6998530,24494,695258,48682713,0.15854256109350356,2024-09-01,1,48682713.0,6998530.0,24494.0
adeleslittleloveee,2023-08-28 00:26:34,6987687,23541,107435,51977754,0.13695595619618348,2023-08-28,1,51977754.0,6987687.0,23541.0
philly_.siah,2022-11-09 04:32:35,6971388,29265,141101,69370662,0.10295063927745132,2022-11-09,1,69370662.0,6971388.0,29265.0
lanxoxox,2024-12-03 19:39:09,6967083,16179,413905,34627796,0.21361934210308967,2024-12-03,1,34627796.0,6967083.0,16179.0
kliosn,2024-10-22 16:52:03,6949349,23848,1280923,33136297,0.24909602904633552,2024-10-22,1,33136297.0,6949349.0,23848.0
damo8836,2021-11-29 20:52:42,6947467,26011,27678,54424345,0.128640151755616,2021-11-29,1,54424345.0,6947467.0,26011.0
davidbeck,2020-04-19 01:34:02,6944771,20024,171383,78196260,0.09125983774671577,2020-04-19,1,78196260.0,6944771.0,20024.0
sanakhan.21,2020-01-28 09:43:54,6936771,16456,98766,83891090,0.08406128708066614,2020-01-28,1,83891090.0,6936771.0,16456.0
fitness.usa3,2025-09-23 15:17:10,6930442,29386,236867,240987530,0.02986335019077543,2025-09-23,1,240987530.0,6930442.0,29386.0
sierraavfx,2024-08-13 02:14:19,6923414,29337,430863,46568081,0.15855525590586395,2024-08-13,1,46568081.0,6923414.0,29337.0
sophibrielle,2025-03-29 06:39:02,6922196,17581,456531,43009239,0.17197021319070538,2025-03-29,1,43009239.0,6922196.0,17581.0
glory8th,2023-05-03 11:16:11,6911889,72465,680372,39999333,0.19162134528593264,2023-05-03,1,39999333.0,6911889.0,72465.0
bbbbbbcghg,2025-09-12 12:50:52,6908763,22685,1719567,48098634,0.17985988957607404,2025-09-12,1,48098634.0,6908763.0,22685.0
baby.cute795,2023-12-14 13:42:10,6897121,24551,239457,73148906,0.0978979644616968,2023-12-14,1,73148906.0,6897121.0,24551.0
ispam1k,2025-10-17 19:36:47,6882533,54275,713061,30485960,0.2509308875298662,2025-10-17,1,30485960.0,6882533.0,54275.0
jump2themax,2025-10-31 14:01:33,6881850,43184,409110,58072814,0.12629220963874765,2025-10-31,1,58072814.0,6881850.0,43184.0
dittawiggles,2025-01-13 19:32:38,6860419,18626,267399,28399082,0.2516434862225476,2025-01-13,1,28399082.0,6860419.0,18626.0
shdayandmal,2023-08-09 19:03:29,6856716,38155,533201,38879971,0.19105137707021438,2023-08-09,1,38879971.0,6856716.0,38155.0
isaacandandrea9,2022-10-16 20:42:21,6831760,13185,111664,77251608,0.0900513164722733,2022-10-16,1,77251608.0,6831760.0,13185.0
woodstoneseniorliving,2024-06-25 00:23:34,6831509,52441,1140065,59177651,0.13559198218259796,2024-06-25,1,59177651.0,6831509.0,52441.0
thematblackshow,2021-03-10 06:02:24,6826351,22824,108687,132465046,0.05252602260070932,2021-03-10,1,132465046.0,6826351.0,22824.0
samuelgrubbs,2022-11-10 05:31:59,6812399,58862,282504,49411299,0.14477994193190508,2022-11-10,1,49411299.0,6812399.0,58862.0
itsguef,2020-10-22 19:10:49,6799692,74099,267111,26588968,0.2685663467645679,2020-10-22,1,26588968.0,6799692.0,74099.0
itsmeju1iette,2025-01-23 16:30:24,6799608,18991,889530,44145742,0.17460639805306705,2025-01-23,1,44145742.0,6799608.0,18991.0
thudannguyen99,2024-04-16 05:24:27,6798229,24222,78799,89445680,0.07715576649425662,2024-04-16,1,89445680.0,6798229.0,24222.0
tessaturnip,2022-11-13 23:53:48,6785554,44631,126323,106557569,0.0652840343983448,2022-11-13,1,106557569.0,6785554.0,44631.0
crzybka,2024-09-24 18:36:17,6773482,60339,1008785,95058251,0.0825031590366627,2024-09-24,1,95058251.0,6773482.0,60339.0
whitney_rocks,2024-11-15 22:15:14,6770720,13990,977120,41411962,0.18742966102402972,2024-11-15,1,41411962.0,6770720.0,13990.0
aisforandreaa,2024-11-05 05:26:06,6762668,27956,578008,41109106,0.179245736942078,2024-11-05,1,41109106.0,6762668.0,27956.0
conorhandsomeboy,2025-04-10 05:11:36,6756143,37196,2691241,47863366,0.19815948589992605,2025-04-10,1,47863366.0,6756143.0,37196.0
makiwelton,2024-10-13 05:57:51,6755723,10790,766449,39827044,0.18914188057742876,2024-10-13,1,39827044.0,6755723.0,10790.0
gnb.official,2021-07-01 02:20:27,6749517,29725,36642,47079132,0.1447750566004488,2021-07-01,1,47079132.0,6749517.0,29725.0
luvsamzz,2024-10-08 16:02:03,6746502,4888,39914,37878902,0.17928988543543317,2024-10-08,1,37878902.0,6746502.0,4888.0
itsmjb_,2022-06-07 21:31:47,6742273,26275,84408,48105221,0.14245763469208467,2022-06-07,1,48105221.0,6742273.0,26275.0
508gs,2022-09-17 15:26:40,6738606,33564,142041,27099275,0.2551437630711523,2022-09-17,1,27099275.0,6738606.0,33564.0
emily.makeup7,2025-04-28 14:43:54,6737178,13723,172182,66375983,0.10430102406167002,2025-04-28,1,66375983.0,6737178.0,13723.0
elijah.da.king2,2023-07-02 23:24:41,6735768,119675,1634405,53278839,0.1593474662614176,2023-07-02,1,53278839.0,6735768.0,119675.0
everytthingchristmass,2022-07-08 05:27:34,6731904,123025,250120,33201258,0.2139993912278866,2022-07-08,1,33201258.0,6731904.0,123025.0
chinpals,2022-01-20 17:03:03,6703748,53403,171991,42415487,0.1633634903213536,2022-01-20,1,42415487.0,6703748.0,53403.0
cecepjiaa,2025-07-04 16:39:54,6698026,15672,346302,70815781,0.09969529249419702,2025-07-04,1,70815781.0,6698026.0,15672.0
carajitoloco9,2024-04-26 18:42:59,6695943,46653,799308,64502909,0.11692347084687296,2024-04-26,1,64502909.0,6695943.0,46653.0
keemokazi,2020-03-28 04:11:44,6691862,27776,138748,31817582,0.21555333777406466,2020-03-28,1,31817582.0,6691862.0,27776.0
hhi.im.boredd,2025-12-11 01:40:01,6682891,14048,405851,60395294,0.11760502399408801,2025-12-11,1,60395294.0,6682891.0,14048.0
heyitsjustandrew,2021-07-04 17:49:36,6682723,61388,41926,28219924,0.24046971210836712,2021-07-04,1,28219924.0,6682723.0,61388.0
moeticket,2024-01-04 16:21:53,6680268,10318,38571,44070530,0.1526906302238707,2024-01-04,1,44070530.0,6680268.0,10318.0
keemokazi,2020-03-03 23:26:33,6678293,17504,99072,43350891,0.15674116132930233,2020-03-03,1,43350891.0,6678293.0,17504.0
enaya.sarwar,2021-06-15 17:23:02,6673098,21635,66887,33181897,0.20377436528116522,2021-06-15,1,33181897.0,6673098.0,21635.0
juliachaves_ofc,2024-04-28 22:40:27,6662795,35074,110429,49994660,0.13618050407783552,2024-04-28,1,49994660.0,6662795.0,35074.0
juliaglowala,2025-01-30 17:58:54,6658552,27726,557786,45059676,0.1607660028447608,2025-01-30,1,45059676.0,6658552.0,27726.0
asadkhan_31,2019-11-29 12:43:19,6657884,10891,137463,65777308,0.10347395183761549,2019-11-29,1,65777308.0,6657884.0,10891.0
grandpajordan99,2024-12-21 21:05:43,6649163,35678,552265,50545470,0.14318011089816754,2024-12-21,1,50545470.0,6649163.0,35678.0
jaqueline.soaress,2023-08-05 14:03:11,6635931,72265,820703,51730871,0.14553976870020224,2023-08-05,1,51730871.0,6635931.0,72265.0
